time,open,high,low,close,volume
2025-01-02 13:00:00+00:00,1.03162,1.03337,1.03144,1.03317,3794
2025-01-02 14:00:00+00:00,1.03317,1.03338,1.03142,1.03177,4368
2025-01-02 15:00:00+00:00,1.03177,1.03291,1.03107,1.03127,6895
2025-01-02 16:00:00+00:00,1.03128,1.03233,1.03016,1.03052,6001
2025-01-02 17:00:00+00:00,1.0303,1.03082,1.02719,1.02734,8344
2025-01-02 18:00:00+00:00,1.02734,1.02756,1.02231,1.02606,9553
2025-01-02 19:00:00+00:00,1.02606,1.02675,1.02506,1.02644,5415
2025-01-02 20:00:00+00:00,1.02646,1.02657,1.02553,1.02559,3190
2025-01-02 21:00:00+00:00,1.0256,1.02592,1.02473,1.02504,2664
2025-01-02 22:00:00+00:00,1.02506,1.02639,1.02501,1.02608,1949
2025-01-02 23:00:00+00:00,1.02608,1.02679,1.02603,1.02603,1050
2025-01-03 00:00:00+00:00,1.02571,1.02662,1.02549,1.02644,408
2025-01-03 01:00:00+00:00,1.02644,1.02676,1.02634,1.02672,575
2025-01-03 02:00:00+00:00,1.02672,1.0273,1.02653,1.02724,1040
2025-01-03 03:00:00+00:00,1.02725,1.02725,1.02659,1.02668,1721
2025-01-03 04:00:00+00:00,1.02668,1.02741,1.02661,1.02717,1411
2025-01-03 05:00:00+00:00,1.02718,1.0274,1.02681,1.02701,994
2025-01-03 06:00:00+00:00,1.027,1.02702,1.02666,1.02691,869
2025-01-03 07:00:00+00:00,1.02691,1.0273,1.0264,1.02712,1032
2025-01-03 08:00:00+00:00,1.02713,1.02788,1.0271,1.02786,978
2025-01-03 09:00:00+00:00,1.02786,1.02843,1.02682,1.02803,4508
2025-01-03 10:00:00+00:00,1.02803,1.02877,1.02721,1.02798,3906
2025-01-03 11:00:00+00:00,1.02798,1.02994,1.02796,1.02897,3740
2025-01-03 12:00:00+00:00,1.02896,1.02931,1.02785,1.02807,2947
2025-01-03 13:00:00+00:00,1.02807,1.03023,1.02807,1.02967,2707
2025-01-03 14:00:00+00:00,1.02966,1.03003,1.02938,1.0295,2942
2025-01-03 15:00:00+00:00,1.02953,1.02996,1.02908,1.02926,3640
2025-01-03 16:00:00+00:00,1.02925,1.03017,1.02873,1.02998,4540
2025-01-03 17:00:00+00:00,1.02981,1.03052,1.02725,1.02886,7774
2025-01-03 18:00:00+00:00,1.02886,1.02993,1.02828,1.02902,3682
2025-01-03 19:00:00+00:00,1.02905,1.03053,1.0290300000000001,1.02974,3451
2025-01-03 20:00:00+00:00,1.02973,1.03016,1.02919,1.02967,2558
2025-01-03 21:00:00+00:00,1.02968,1.03056,1.02932,1.03007,2034
2025-01-03 22:00:00+00:00,1.03007,1.0307,1.02983,1.03051,2137
2025-01-03 23:00:00+00:00,1.0305,1.03094,1.03041,1.03073,893
2025-01-06 00:00:00+00:00,1.02984,1.03057,1.0295,1.03005,703
2025-01-06 01:00:00+00:00,1.03003,1.03073,1.02998,1.03044,1063
2025-01-06 02:00:00+00:00,1.03044,1.03047,1.02949,1.03023,2212
2025-01-06 03:00:00+00:00,1.03023,1.0313,1.03006,1.03116,2521
2025-01-06 04:00:00+00:00,1.03115,1.03171,1.03102,1.03155,1941
2025-01-06 05:00:00+00:00,1.03156,1.03177,1.03125,1.03158,1447
2025-01-06 06:00:00+00:00,1.03156,1.03168,1.03122,1.03145,1017
2025-01-06 07:00:00+00:00,1.03146,1.03175,1.0308,1.03083,1480
2025-01-06 08:00:00+00:00,1.03082,1.03159,1.03071,1.0312,1746
2025-01-06 09:00:00+00:00,1.03119,1.03278,1.03093,1.03267,3072
2025-01-06 10:00:00+00:00,1.03268,1.0352,1.03261,1.03494,5065
2025-01-06 11:00:00+00:00,1.03494,1.03683,1.03396,1.0355,6758
2025-01-06 12:00:00+00:00,1.03552,1.03575,1.03345,1.03346,3503
2025-01-06 13:00:00+00:00,1.03346,1.04319,1.0328,1.04213,11837
2025-01-06 14:00:00+00:00,1.04214,1.043,1.03914,1.04102,7319
2025-01-06 15:00:00+00:00,1.04104,1.04362,1.04038,1.04162,8762
2025-01-06 16:00:00+00:00,1.04163,1.04232,1.03517,1.03921,12177
2025-01-06 17:00:00+00:00,1.03921,1.03983,1.03709,1.03929,10422
2025-01-06 18:00:00+00:00,1.03931,1.04023,1.03849,1.03963,6141
2025-01-06 19:00:00+00:00,1.03962,1.03962,1.03786,1.03869,3689
2025-01-06 20:00:00+00:00,1.0387,1.03887,1.03765,1.03813,3379
2025-01-06 21:00:00+00:00,1.03814,1.03912,1.03782,1.03878,3492
2025-01-06 22:00:00+00:00,1.03878,1.03914,1.03852,1.03872,2550
2025-01-06 23:00:00+00:00,1.03875,1.03916,1.03855,1.0389,1052
2025-01-07 00:00:00+00:00,1.0389,1.0392,1.03742,1.03881,772
2025-01-07 01:00:00+00:00,1.03886,1.03893,1.03812,1.03828,904
2025-01-07 02:00:00+00:00,1.03827,1.03849,1.03766,1.03837,2239
2025-01-07 03:00:00+00:00,1.03834,1.03841,1.03755,1.03806,2827
2025-01-07 04:00:00+00:00,1.03803,1.03848,1.03794,1.03818,1829
2025-01-07 05:00:00+00:00,1.03816,1.03924,1.03796,1.03922,1272
2025-01-07 06:00:00+00:00,1.03923,1.03939,1.03898,1.03912,1129
2025-01-07 07:00:00+00:00,1.03912,1.04028,1.03902,1.03961,1464
2025-01-07 08:00:00+00:00,1.03961,1.04037,1.03958,1.03969,1952
2025-01-07 09:00:00+00:00,1.03973,1.04238,1.03972,1.04141,4581
2025-01-07 10:00:00+00:00,1.04143,1.04248,1.04026,1.04245,5052
2025-01-07 11:00:00+00:00,1.04246,1.04338,1.04236,1.04266,4385
2025-01-07 12:00:00+00:00,1.04263,1.04339,1.04161,1.04274,4423
2025-01-07 13:00:00+00:00,1.04274,1.04279,1.04044,1.04128,3559
2025-01-07 14:00:00+00:00,1.04129,1.04164,1.03866,1.03887,5069
2025-01-07 15:00:00+00:00,1.03888,1.04046,1.0386,1.03959,4529
2025-01-07 16:00:00+00:00,1.03959,1.03971,1.03887,1.03923,5357
2025-01-07 17:00:00+00:00,1.03922,1.03926,1.03546,1.03722,10196
2025-01-07 18:00:00+00:00,1.03723,1.03807,1.0362,1.03676,8005
2025-01-07 19:00:00+00:00,1.03675,1.03732,1.03531,1.03663,5677
2025-01-07 20:00:00+00:00,1.03662,1.03688,1.03487,1.03537,4087
2025-01-07 21:00:00+00:00,1.03536,1.03592,1.03515,1.03546,2761
2025-01-07 22:00:00+00:00,1.03545,1.03553,1.03435,1.03438,2422
2025-01-07 23:00:00+00:00,1.03434,1.03436,1.03386,1.03386,983
2025-01-08 00:00:00+00:00,1.03385,1.03423,1.03356,1.03414,601
2025-01-08 01:00:00+00:00,1.03414,1.03444,1.03383,1.03409,1100
2025-01-08 02:00:00+00:00,1.03409,1.03488,1.03409,1.0346,2111
2025-01-08 03:00:00+00:00,1.03461,1.03524,1.03446,1.03522,1989
2025-01-08 04:00:00+00:00,1.03524,1.03542,1.0351,1.03536,1101
2025-01-08 05:00:00+00:00,1.03536,1.03536,1.03456,1.03471,982
2025-01-08 06:00:00+00:00,1.03473,1.03514,1.03468,1.03507,920
2025-01-08 07:00:00+00:00,1.03507,1.03553,1.03489,1.03542,1184
2025-01-08 08:00:00+00:00,1.03543,1.03571,1.03455,1.03508,1572
2025-01-08 09:00:00+00:00,1.03505,1.03509,1.03278,1.03318,4491
2025-01-08 10:00:00+00:00,1.03318,1.03391,1.03174,1.03183,5151
2025-01-08 11:00:00+00:00,1.03181,1.03258,1.03148,1.03188,4514
2025-01-08 12:00:00+00:00,1.03187,1.03206,1.03096,1.03184,3903
2025-01-08 13:00:00+00:00,1.03182,1.03193,1.02726,1.02972,8559
2025-01-08 14:00:00+00:00,1.02971,1.02995,1.02801,1.02821,6068
2025-01-08 15:00:00+00:00,1.0282,1.03037,1.02801,1.03027,9600
2025-01-08 16:00:00+00:00,1.03028,1.03068,1.02885,1.02908,7146
2025-01-08 17:00:00+00:00,1.02909,1.03094,1.02909,1.03011,6739
2025-01-08 18:00:00+00:00,1.03012,1.03141,1.02939,1.0312,5440
2025-01-08 19:00:00+00:00,1.0312,1.03127,1.02976,1.03048,4229
2025-01-08 20:00:00+00:00,1.03049,1.03152,1.03048,1.03119,3784
2025-01-08 21:00:00+00:00,1.03119,1.03238,1.03075,1.03084,3761
2025-01-08 22:00:00+00:00,1.03086,1.03161,1.03074,1.03155,2085
2025-01-08 23:00:00+00:00,1.03156,1.0319,1.03139,1.03179,975
2025-01-09 00:00:00+00:00,1.03179,1.03179,1.03113,1.0317,226
2025-01-09 01:00:00+00:00,1.03168,1.03177,1.03125,1.03126,661
2025-01-09 02:00:00+00:00,1.03126,1.03143,1.03041,1.03125,1904
2025-01-09 03:00:00+00:00,1.03124,1.03169,1.03107,1.03136,1992
2025-01-09 04:00:00+00:00,1.03136,1.03195,1.03134,1.0316,1371
2025-01-09 05:00:00+00:00,1.03161,1.0321,1.03102,1.03104,1449
2025-01-09 06:00:00+00:00,1.03103,1.03116,1.03051,1.03086,1461
2025-01-09 07:00:00+00:00,1.03085,1.03119,1.03049,1.0306,1487
2025-01-09 08:00:00+00:00,1.03061,1.03077,1.02964,1.02995,2714
2025-01-09 09:00:00+00:00,1.03001,1.03076,1.02872,1.02905,4716
2025-01-09 10:00:00+00:00,1.02906,1.03071,1.0283,1.03071,5782
2025-01-09 11:00:00+00:00,1.03072,1.0317,1.03025,1.03051,4728
2025-01-09 12:00:00+00:00,1.03053,1.0312,1.0299,1.03024,4249
2025-01-09 13:00:00+00:00,1.03025,1.03039,1.02962,1.03005,3768
2025-01-09 14:00:00+00:00,1.03005,1.03045,1.02955,1.03027,3264
2025-01-09 15:00:00+00:00,1.03026,1.03186,1.03003,1.03072,4690
2025-01-09 16:00:00+00:00,1.03073,1.0314,1.03047,1.03067,4235
2025-01-09 17:00:00+00:00,1.03068,1.0309,1.02942,1.02987,3842
2025-01-09 18:00:00+00:00,1.02987,1.03005,1.02905,1.02967,2990
2025-01-09 19:00:00+00:00,1.02966,1.03012,1.02931,1.02967,2436
2025-01-09 20:00:00+00:00,1.02966,1.03019,1.02935,1.02995,1469
2025-01-09 21:00:00+00:00,1.02997,1.03015,1.02971,1.02974,961
2025-01-09 22:00:00+00:00,1.02976,1.0303,1.02976,1.03005,1123
2025-01-09 23:00:00+00:00,1.03005,1.03005,1.02983,1.02984,525
2025-01-10 00:00:00+00:00,1.02982,1.03016,1.02958,1.03004,444
2025-01-10 01:00:00+00:00,1.03005,1.03005,1.02951,1.02958,840
2025-01-10 02:00:00+00:00,1.02959,1.02999,1.02916,1.02948,1670
2025-01-10 03:00:00+00:00,1.02948,1.03039,1.02929,1.03014,2059
2025-01-10 04:00:00+00:00,1.03013,1.03032,1.02976,1.03011,1307
2025-01-10 05:00:00+00:00,1.0301,1.03028,1.02971,1.02978,971
2025-01-10 06:00:00+00:00,1.02978,1.02993,1.02929,1.02944,965
2025-01-10 07:00:00+00:00,1.02945,1.02971,1.02841,1.02851,1577
2025-01-10 08:00:00+00:00,1.02853,1.02876,1.02805,1.0281,1855
2025-01-10 09:00:00+00:00,1.02809,1.02967,1.02805,1.02965,3051
2025-01-10 10:00:00+00:00,1.02967,1.03113,1.02921,1.03022,4589
2025-01-10 11:00:00+00:00,1.03019,1.03053,1.02985,1.02993,3689
2025-01-10 12:00:00+00:00,1.02994,1.03052,1.02993,1.03017,2581
2025-01-10 13:00:00+00:00,1.03016,1.03048,1.02982,1.03012,2540
2025-01-10 14:00:00+00:00,1.03011,1.03089,1.02986,1.03049,3178
2025-01-10 15:00:00+00:00,1.03049,1.03112,1.0212,1.02559,10919
2025-01-10 16:00:00+00:00,1.0256,1.02722,1.02438,1.02508,11973
2025-01-10 17:00:00+00:00,1.02509,1.02778,1.02355,1.02497,10768
2025-01-10 18:00:00+00:00,1.02497,1.02506,1.0227,1.02366,7469
2025-01-10 19:00:00+00:00,1.02366,1.02501,1.02321,1.02439,5008
2025-01-10 20:00:00+00:00,1.02438,1.02456,1.02352,1.02408,3406
2025-01-10 21:00:00+00:00,1.02411,1.02483,1.02342,1.02449,3290
2025-01-10 22:00:00+00:00,1.02448,1.02453,1.02364,1.0244,2602
2025-01-10 23:00:00+00:00,1.02439,1.02483,1.02374,1.02391,1390
2025-01-13 00:00:00+00:00,1.02293,1.02453,1.02293,1.02453,852
2025-01-13 01:00:00+00:00,1.02455,1.02462,1.02381,1.02421,1010
2025-01-13 02:00:00+00:00,1.02422,1.02446,1.02359,1.02416,1703
2025-01-13 03:00:00+00:00,1.02417,1.02494,1.02386,1.02412,2968
2025-01-13 04:00:00+00:00,1.02411,1.02446,1.02378,1.02395,1993
2025-01-13 05:00:00+00:00,1.02394,1.02399,1.02122,1.02148,2478
2025-01-13 06:00:00+00:00,1.0215,1.02194,1.02071,1.02111,2058
2025-01-13 07:00:00+00:00,1.0211,1.02198,1.02096,1.02188,1857
2025-01-13 08:00:00+00:00,1.02189,1.02244,1.0213700000000001,1.02172,2535
2025-01-13 09:00:00+00:00,1.0217,1.02232,1.02069,1.02148,4843
2025-01-13 10:00:00+00:00,1.02149,1.02306,1.0213,1.0221,5956
2025-01-13 11:00:00+00:00,1.0221,1.02234,1.01769,1.01926,7296
2025-01-13 12:00:00+00:00,1.01925,1.02068,1.0192,1.02014,4481
2025-01-13 13:00:00+00:00,1.02013,1.02033,1.01855,1.01954,4470
2025-01-13 14:00:00+00:00,1.01956,1.02058,1.01872,1.02022,5041
2025-01-13 15:00:00+00:00,1.02022,1.02202,1.01958,1.02077,5749
2025-01-13 16:00:00+00:00,1.02077,1.02122,1.01997,1.02074,5784
2025-01-13 17:00:00+00:00,1.02077,1.02083,1.01952,1.01963,6132
2025-01-13 18:00:00+00:00,1.01964,1.02169,1.01912,1.02075,4465
2025-01-13 19:00:00+00:00,1.0207600000000001,1.0219,1.02064,1.02174,3554
2025-01-13 20:00:00+00:00,1.02174,1.02209,1.02117,1.02155,2825
2025-01-13 21:00:00+00:00,1.02154,1.02156,1.02065,1.02066,2243
2025-01-13 22:00:00+00:00,1.02065,1.02171,1.02064,1.02162,2105
2025-01-13 23:00:00+00:00,1.02164,1.02461,1.02157,1.02439,1968
2025-01-14 00:00:00+00:00,1.02429,1.0272,1.02365,1.0258099999999999,1512
2025-01-14 01:00:00+00:00,1.0258,1.02769,1.025,1.0263,2897
2025-01-14 02:00:00+00:00,1.0263,1.02632,1.02449,1.02475,2603
2025-01-14 03:00:00+00:00,1.02475,1.02495,1.02405,1.02486,3704
2025-01-14 04:00:00+00:00,1.02486,1.02498,1.02378,1.0244,2194
2025-01-14 05:00:00+00:00,1.0244,1.02547,1.02431,1.02478,1772
2025-01-14 06:00:00+00:00,1.02478,1.02546,1.02445,1.02495,1199
2025-01-14 07:00:00+00:00,1.02495,1.02512,1.02416,1.02441,1659
2025-01-14 08:00:00+00:00,1.02442,1.02527,1.02442,1.0252,2659
2025-01-14 09:00:00+00:00,1.02521,1.02654,1.02493,1.02536,5266
2025-01-14 10:00:00+00:00,1.02536,1.02743,1.02523,1.02609,5857
2025-01-14 11:00:00+00:00,1.02609,1.02658,1.02529,1.02589,4833
2025-01-14 12:00:00+00:00,1.02586,1.0263,1.02513,1.02593,3588
2025-01-14 13:00:00+00:00,1.02593,1.02627,1.02518,1.02534,2893
2025-01-14 14:00:00+00:00,1.02532,1.02544,1.02388,1.02473,3735
2025-01-14 15:00:00+00:00,1.02473,1.02725,1.02402,1.02527,8612
2025-01-14 16:00:00+00:00,1.02529,1.02741,1.0243,1.02674,7510
2025-01-14 17:00:00+00:00,1.02674,1.02952,1.02624,1.02944,7111
2025-01-14 18:00:00+00:00,1.02942,1.03036,1.02824,1.0291,6536
2025-01-14 19:00:00+00:00,1.02909,1.0291,1.02784,1.02876,3468
2025-01-14 20:00:00+00:00,1.02875,1.02997,1.02861,1.0299,2405
2025-01-14 21:00:00+00:00,1.02988,1.03048,1.02957,1.02975,1756
2025-01-14 22:00:00+00:00,1.02974,1.03081,1.02959,1.03012,2160
2025-01-14 23:00:00+00:00,1.03015,1.03078,1.03002,1.0307,1192
2025-01-15 00:00:00+00:00,1.0307,1.03072,1.02977,1.03059,659
2025-01-15 01:00:00+00:00,1.03061,1.03075,1.03017,1.03054,780
2025-01-15 02:00:00+00:00,1.03054,1.03054,1.02991,1.03005,1655
2025-01-15 03:00:00+00:00,1.03004,1.03042,1.02972,1.02996,1849
2025-01-15 04:00:00+00:00,1.02995,1.0301,1.02946,1.02964,1455
2025-01-15 05:00:00+00:00,1.02965,1.03016,1.02958,1.03012,1212
2025-01-15 06:00:00+00:00,1.03012,1.03021,1.0297,1.0302,1129
2025-01-15 07:00:00+00:00,1.03019,1.03047,1.02919,1.02925,1709
2025-01-15 08:00:00+00:00,1.02924,1.02981,1.02913,1.02954,1802
2025-01-15 09:00:00+00:00,1.02966,1.03076,1.0286,1.03051,5453
2025-01-15 10:00:00+00:00,1.03052,1.03165,1.02936,1.02958,4652
2025-01-15 11:00:00+00:00,1.02959,1.03125,1.02954,1.03092,3571
2025-01-15 12:00:00+00:00,1.03091,1.03135,1.03001,1.03069,2910
2025-01-15 13:00:00+00:00,1.0307,1.03117,1.02989,1.03006,3059
2025-01-15 14:00:00+00:00,1.03006,1.0306,1.02928,1.02991,3563
2025-01-15 15:00:00+00:00,1.02992,1.03537,1.02943,1.03439,9662
2025-01-15 16:00:00+00:00,1.03438,1.0345,1.03245,1.03266,8369
2025-01-15 17:00:00+00:00,1.03266,1.03305,1.02983,1.03056,7274
2025-01-15 18:00:00+00:00,1.03056,1.03072,1.02598,1.02805,6462
2025-01-15 19:00:00+00:00,1.02808,1.02926,1.02804,1.02851,3640
2025-01-15 20:00:00+00:00,1.02855,1.02924,1.02838,1.02916,2432
2025-01-15 21:00:00+00:00,1.02916,1.02941,1.02886,1.02927,1924
2025-01-15 22:00:00+00:00,1.02926,1.02984,1.02898,1.02954,2015
2025-01-15 23:00:00+00:00,1.02956,1.02956,1.02868,1.02868,1113
2025-01-16 00:00:00+00:00,1.02868,1.02937,1.02792,1.0291,1053
2025-01-16 01:00:00+00:00,1.02913,1.02951,1.02899,1.02947,965
2025-01-16 02:00:00+00:00,1.02946,1.02993,1.0284,1.02983,2610
2025-01-16 03:00:00+00:00,1.02984,1.0299,1.02869,1.02888,2970
2025-01-16 04:00:00+00:00,1.02888,1.02925,1.02843,1.02862,2496
2025-01-16 05:00:00+00:00,1.02863,1.02884,1.0284,1.02883,1267
2025-01-16 06:00:00+00:00,1.02882,1.02933,1.02847,1.02864,1074
2025-01-16 07:00:00+00:00,1.02865,1.02866,1.02803,1.02818,1267
2025-01-16 08:00:00+00:00,1.02819,1.02891,1.02816,1.02883,1956
2025-01-16 09:00:00+00:00,1.02882,1.03011,1.02851,1.02968,3575
2025-01-16 10:00:00+00:00,1.0297,1.02995,1.02873,1.02954,3957
2025-01-16 11:00:00+00:00,1.02954,1.02984,1.0281,1.02855,3663
2025-01-16 12:00:00+00:00,1.02856,1.02955,1.02822,1.0285,2743
2025-01-16 13:00:00+00:00,1.0285,1.02913,1.02834,1.02895,2678
2025-01-16 14:00:00+00:00,1.02894,1.02896,1.02634,1.02712,4163
2025-01-16 15:00:00+00:00,1.02713,1.02845,1.02598,1.0281,7429
2025-01-16 16:00:00+00:00,1.02809,1.02833,1.02672,1.02785,6110
2025-01-16 17:00:00+00:00,1.02784,1.03053,1.02735,1.03003,9426
2025-01-16 18:00:00+00:00,1.03003,1.03111,1.02854,1.03016,7869
2025-01-16 19:00:00+00:00,1.03017,1.03145,1.02937,1.02959,4717
2025-01-16 20:00:00+00:00,1.0296,1.03022,1.02928,1.02996,2560
2025-01-16 21:00:00+00:00,1.02994,1.03071,1.02969,1.03012,2660
2025-01-16 22:00:00+00:00,1.03012,1.03032,1.02967,1.02995,1604
2025-01-16 23:00:00+00:00,1.02994,1.0303,1.0296,1.0296,1164
2025-01-17 00:00:00+00:00,1.02944,1.03021,1.02932,1.03007,748
2025-01-17 01:00:00+00:00,1.03006,1.03036,1.02994,1.03007,716
2025-01-17 02:00:00+00:00,1.03008,1.03062,1.02974,1.0304,1570
2025-01-17 03:00:00+00:00,1.03041,1.03089,1.03009,1.03043,1514
2025-01-17 04:00:00+00:00,1.03046,1.03085,1.03023,1.03026,1737
2025-01-17 05:00:00+00:00,1.03026,1.03043,1.02993,1.02998,1096
2025-01-17 06:00:00+00:00,1.02998,1.03003,1.02912,1.0293,967
2025-01-17 07:00:00+00:00,1.0293,1.02945,1.02867,1.02925,1475
2025-01-17 08:00:00+00:00,1.02927,1.02933,1.02845,1.02897,1455
2025-01-17 09:00:00+00:00,1.02896,1.0290300000000001,1.02769,1.02838,3977
2025-01-17 10:00:00+00:00,1.02838,1.02982,1.02838,1.02964,3302
2025-01-17 11:00:00+00:00,1.02964,1.03033,1.02887,1.02957,3672
2025-01-17 12:00:00+00:00,1.02962,1.03055,1.02959,1.03033,2479
2025-01-17 13:00:00+00:00,1.03034,1.03094,1.02983,1.03039,2800
2025-01-17 14:00:00+00:00,1.0304,1.03059,1.02897,1.02922,3741
2025-01-17 15:00:00+00:00,1.02925,1.02989,1.02848,1.02895,5241
2025-01-17 16:00:00+00:00,1.02896,1.03018,1.02645,1.0298,8999
2025-01-17 17:00:00+00:00,1.02979,1.03302,1.02949,1.02985,9469
2025-01-17 18:00:00+00:00,1.02984,1.02998,1.02812,1.02855,5207
2025-01-17 19:00:00+00:00,1.02855,1.02905,1.02782,1.02802,3830
2025-01-17 20:00:00+00:00,1.02801,1.02916,1.02785,1.02803,2928
2025-01-17 21:00:00+00:00,1.02803,1.02837,1.02721,1.02757,2612
2025-01-17 22:00:00+00:00,1.02757,1.02808,1.02731,1.02748,2575
2025-01-17 23:00:00+00:00,1.02745,1.02746,1.02682,1.02688,1076
2025-01-20 00:00:00+00:00,1.02783,1.02813,1.0271,1.02754,794
2025-01-20 01:00:00+00:00,1.02755,1.028,1.02658,1.02799,1319
2025-01-20 02:00:00+00:00,1.02798,1.02895,1.02775,1.02858,1943
2025-01-20 03:00:00+00:00,1.02857,1.02923,1.02785,1.02899,2172
2025-01-20 04:00:00+00:00,1.02901,1.02917,1.02862,1.02904,1808
2025-01-20 05:00:00+00:00,1.0290300000000001,1.03058,1.0290300000000001,1.03056,1945
2025-01-20 06:00:00+00:00,1.03058,1.03066,1.03011,1.03036,1275
2025-01-20 07:00:00+00:00,1.03037,1.03057,1.03011,1.03019,1314
2025-01-20 08:00:00+00:00,1.03019,1.03183,1.02989,1.03097,2477
2025-01-20 09:00:00+00:00,1.03098,1.03179,1.03052,1.03159,3164
2025-01-20 10:00:00+00:00,1.03162,1.0317,1.03062,1.03093,4307
2025-01-20 11:00:00+00:00,1.03093,1.03162,1.03044,1.03054,4262
2025-01-20 12:00:00+00:00,1.03055,1.03218,1.03055,1.03144,3181
2025-01-20 13:00:00+00:00,1.03146,1.03259,1.03124,1.03253,2494
2025-01-20 14:00:00+00:00,1.03254,1.03258,1.03144,1.03197,2914
2025-01-20 15:00:00+00:00,1.03197,1.03997,1.03104,1.03974,11045
2025-01-20 16:00:00+00:00,1.03975,1.04293,1.03787,1.04142,11702
2025-01-20 17:00:00+00:00,1.04142,1.04293,1.03841,1.03998,8722
2025-01-20 18:00:00+00:00,1.03998,1.04052,1.039,1.03979,4244
2025-01-20 19:00:00+00:00,1.03978,1.04016,1.0352999999999999,1.03849,6257
2025-01-20 20:00:00+00:00,1.03848,1.03961,1.03826,1.0396,1743
2025-01-20 21:00:00+00:00,1.0396,1.04225,1.03897,1.04201,2306
2025-01-20 22:00:00+00:00,1.042,1.04337,1.0411,1.04155,2625
2025-01-20 23:00:00+00:00,1.04155,1.04188,1.0409,1.04149,1809
2025-01-21 00:00:00+00:00,1.04147,1.04165,1.04059,1.04105,530
2025-01-21 01:00:00+00:00,1.04114,1.04247,1.04102,1.04201,3445
2025-01-21 02:00:00+00:00,1.04202,1.0434,1.03517,1.03617,8558
2025-01-21 03:00:00+00:00,1.03612,1.03971,1.0355,1.03697,9800
2025-01-21 04:00:00+00:00,1.03696,1.03896,1.03683,1.03869,4772
2025-01-21 05:00:00+00:00,1.03869,1.04003,1.03847,1.0387,3478
2025-01-21 06:00:00+00:00,1.03873,1.03985,1.03844,1.03894,2331
2025-01-21 07:00:00+00:00,1.03893,1.03916,1.03768,1.03781,2023
2025-01-21 08:00:00+00:00,1.03781,1.0381,1.03657,1.03683,2785
2025-01-21 09:00:00+00:00,1.03682,1.03856,1.03645,1.03729,4255
2025-01-21 10:00:00+00:00,1.03728,1.03729,1.03495,1.036,5086
2025-01-21 11:00:00+00:00,1.03599,1.03633,1.03413,1.03528,5571
2025-01-21 12:00:00+00:00,1.03524,1.03588,1.03426,1.03524,4851
2025-01-21 13:00:00+00:00,1.03523,1.03575,1.03423,1.03526,4015
2025-01-21 14:00:00+00:00,1.03526,1.03577,1.03451,1.03535,5336
2025-01-21 15:00:00+00:00,1.03534,1.03773,1.03521,1.03772,5942
2025-01-21 16:00:00+00:00,1.03771,1.0398,1.03722,1.03875,7431
2025-01-21 17:00:00+00:00,1.03862,1.04098,1.03781,1.04,8120
2025-01-21 18:00:00+00:00,1.04,1.04222,1.03977,1.04219,5648
2025-01-21 19:00:00+00:00,1.04218,1.04293,1.04206,1.04206,3961
2025-01-21 20:00:00+00:00,1.04206,1.04349,1.0419100000000001,1.04284,2694
2025-01-21 21:00:00+00:00,1.04283,1.04299,1.04154,1.0417399999999999,2531
2025-01-21 22:00:00+00:00,1.0417399999999999,1.04209,1.04152,1.04194,1965
2025-01-21 23:00:00+00:00,1.0419,1.04291,1.04182,1.04229,1271
2025-01-22 00:00:00+00:00,1.04224,1.04328,1.04218,1.04256,983
2025-01-22 01:00:00+00:00,1.04255,1.04269,1.03916,1.0405,3947
2025-01-22 02:00:00+00:00,1.0405,1.04238,1.0405,1.04225,2753
2025-01-22 03:00:00+00:00,1.04225,1.04226,1.04069,1.0409,2943
2025-01-22 04:00:00+00:00,1.04089,1.04158,1.04055,1.04132,2363
2025-01-22 05:00:00+00:00,1.04132,1.04152,1.04095,1.0411299999999999,1495
2025-01-22 06:00:00+00:00,1.04112,1.04211,1.04107,1.04165,1224
2025-01-22 07:00:00+00:00,1.04164,1.0417399999999999,1.04077,1.0415,1631
2025-01-22 08:00:00+00:00,1.0415,1.04179,1.03993,1.04031,3018
2025-01-22 09:00:00+00:00,1.04035,1.0419100000000001,1.04027,1.04111,4007
2025-01-22 10:00:00+00:00,1.04112,1.0423499999999999,1.04089,1.04225,6215
2025-01-22 11:00:00+00:00,1.04226,1.04467,1.04193,1.04459,5525
2025-01-22 12:00:00+00:00,1.04458,1.04568,1.0442,1.04493,4669
2025-01-22 13:00:00+00:00,1.04494,1.04557,1.04398,1.04421,3278
2025-01-22 14:00:00+00:00,1.04422,1.04423,1.04305,1.04373,3812
2025-01-22 15:00:00+00:00,1.0437400000000001,1.04452,1.04215,1.0431,5152
2025-01-22 16:00:00+00:00,1.04309,1.04314,1.04136,1.0424,6622
2025-01-22 17:00:00+00:00,1.04241,1.04245,1.0414,1.04193,6229
2025-01-22 18:00:00+00:00,1.04194,1.04222,1.04116,1.04188,3984
2025-01-22 19:00:00+00:00,1.04187,1.042,1.0411299999999999,1.04165,3023
2025-01-22 20:00:00+00:00,1.04166,1.04207,1.04111,1.04155,2245
2025-01-22 21:00:00+00:00,1.04155,1.04222,1.0415,1.04195,1983
2025-01-22 22:00:00+00:00,1.04194,1.04224,1.04106,1.04116,1929
2025-01-22 23:00:00+00:00,1.04117,1.04126,1.04073,1.04076,1069
2025-01-23 00:00:00+00:00,1.04069,1.04103,1.04028,1.04076,364
2025-01-23 01:00:00+00:00,1.04076,1.04085,1.04047,1.04071,1189
2025-01-23 02:00:00+00:00,1.04071,1.0411299999999999,1.04062,1.04096,1579
2025-01-23 03:00:00+00:00,1.04099,1.04154,1.04013,1.04029,3156
2025-01-23 04:00:00+00:00,1.04029,1.04055,1.03962,1.04031,2412
2025-01-23 05:00:00+00:00,1.04031,1.04085,1.04025,1.04083,1449
2025-01-23 06:00:00+00:00,1.04084,1.04121,1.04083,1.04102,1455
2025-01-23 07:00:00+00:00,1.04101,1.0411,1.04035,1.04046,1943
2025-01-23 08:00:00+00:00,1.04044,1.04116,1.04023,1.04027,2045
2025-01-23 09:00:00+00:00,1.04026,1.04048,1.03895,1.03995,4392
2025-01-23 10:00:00+00:00,1.03995,1.04018,1.03897,1.03934,3947
2025-01-23 11:00:00+00:00,1.03935,1.04142,1.03928,1.0411,3945
2025-01-23 12:00:00+00:00,1.04111,1.04198,1.04093,1.04106,3033
2025-01-23 13:00:00+00:00,1.04107,1.04135,1.04006,1.04027,3405
2025-01-23 14:00:00+00:00,1.04027,1.04055,1.03935,1.04032,3705
2025-01-23 15:00:00+00:00,1.04032,1.04144,1.03966,1.04101,6128
2025-01-23 16:00:00+00:00,1.04104,1.04173,1.04051,1.04083,5166
2025-01-23 17:00:00+00:00,1.04084,1.04093,1.03863,1.03968,5948
2025-01-23 18:00:00+00:00,1.03968,1.04287,1.03714,1.04188,11096
2025-01-23 19:00:00+00:00,1.04188,1.04376,1.04131,1.04349,4804
2025-01-23 20:00:00+00:00,1.04349,1.04365,1.04213,1.04234,2809
2025-01-23 21:00:00+00:00,1.0423499999999999,1.04263,1.04193,1.04223,2773
2025-01-23 22:00:00+00:00,1.04222,1.04284,1.04153,1.04169,2577
2025-01-23 23:00:00+00:00,1.04173,1.04188,1.04121,1.04144,1289
2025-01-24 00:00:00+00:00,1.04125,1.04165,1.04098,1.04149,864
2025-01-24 01:00:00+00:00,1.04152,1.04172,1.04128,1.04151,771
2025-01-24 02:00:00+00:00,1.04151,1.04225,1.04128,1.04188,1812
2025-01-24 03:00:00+00:00,1.04187,1.04196,1.0411,1.04153,2039
2025-01-24 04:00:00+00:00,1.04154,1.04485,1.04154,1.04482,5397
2025-01-24 05:00:00+00:00,1.04481,1.04533,1.04358,1.04455,4552
2025-01-24 06:00:00+00:00,1.04453,1.04508,1.04427,1.04469,2203
2025-01-24 07:00:00+00:00,1.04468,1.04534,1.04431,1.0451,2305
2025-01-24 08:00:00+00:00,1.04509,1.04701,1.04488,1.04567,4884
2025-01-24 09:00:00+00:00,1.04565,1.04643,1.04466,1.04605,5625
2025-01-24 10:00:00+00:00,1.04604,1.04946,1.04572,1.04929,7718
2025-01-24 11:00:00+00:00,1.04929,1.05145,1.04902,1.04937,6850
2025-01-24 12:00:00+00:00,1.04937,1.04973,1.04855,1.04885,3655
2025-01-24 13:00:00+00:00,1.04884,1.04926,1.04805,1.04856,3001
2025-01-24 14:00:00+00:00,1.04855,1.04872,1.04726,1.04731,3484
2025-01-24 15:00:00+00:00,1.04733,1.04793,1.0463,1.04679,4682
2025-01-24 16:00:00+00:00,1.04679,1.04935,1.04667,1.04908,6262
2025-01-24 17:00:00+00:00,1.0491,1.052,1.0489,1.05158,8462
2025-01-24 18:00:00+00:00,1.05155,1.05199,1.0505,1.0514000000000001,5733
2025-01-24 19:00:00+00:00,1.05139,1.05209,1.05092,1.05104,3540
2025-01-24 20:00:00+00:00,1.05104,1.05112,1.04934,1.04945,2522
2025-01-24 21:00:00+00:00,1.04947,1.04983,1.04914,1.04949,1930
2025-01-24 22:00:00+00:00,1.04948,1.04956,1.04876,1.0493999999999999,1800
2025-01-24 23:00:00+00:00,1.04941,1.04967,1.04864,1.04888,838
2025-01-27 00:00:00+00:00,1.04737,1.04836,1.04737,1.04822,631
2025-01-27 01:00:00+00:00,1.04822,1.04832,1.04645,1.04668,1997
2025-01-27 02:00:00+00:00,1.04668,1.04758,1.04646,1.0472,2611
2025-01-27 03:00:00+00:00,1.04719,1.04783,1.04606,1.04621,3695
2025-01-27 04:00:00+00:00,1.04621,1.04661,1.04583,1.04654,2320
2025-01-27 05:00:00+00:00,1.04654,1.04769,1.04626,1.04678,2624
2025-01-27 06:00:00+00:00,1.04681,1.04682,1.04593,1.04627,1631
2025-01-27 07:00:00+00:00,1.04626,1.0464,1.04553,1.04623,1781
2025-01-27 08:00:00+00:00,1.04623,1.04648,1.04563,1.04585,2232
2025-01-27 09:00:00+00:00,1.04587,1.04706,1.04533,1.04565,4426
2025-01-27 10:00:00+00:00,1.04565,1.04881,1.04538,1.04869,5984
2025-01-27 11:00:00+00:00,1.04868,1.04932,1.04747,1.04883,7140
2025-01-27 12:00:00+00:00,1.04882,1.05087,1.04881,1.05048,6687
2025-01-27 13:00:00+00:00,1.05047,1.05177,1.05038,1.05128,5813
2025-01-27 14:00:00+00:00,1.05126,1.05274,1.05084,1.05206,5523
2025-01-27 15:00:00+00:00,1.05207,1.05327,1.05091,1.05192,7104
2025-01-27 16:00:00+00:00,1.05191,1.05239,1.05071,1.05085,7061
2025-01-27 17:00:00+00:00,1.05084,1.05094,1.04933,1.04984,6878
2025-01-27 18:00:00+00:00,1.04984,1.05071,1.04886,1.04901,5258
2025-01-27 19:00:00+00:00,1.04902,1.04942,1.04842,1.04881,4084
2025-01-27 20:00:00+00:00,1.0488,1.04937,1.04812,1.04842,3561
2025-01-27 21:00:00+00:00,1.04842,1.04922,1.04786,1.04921,3488
2025-01-27 22:00:00+00:00,1.0492,1.04936,1.04869,1.04874,2748
2025-01-27 23:00:00+00:00,1.04875,1.04917,1.04853,1.04911,1280
2025-01-28 00:00:00+00:00,1.04908,1.0493,1.04842,1.04879,500
2025-01-28 01:00:00+00:00,1.04878,1.04879,1.04276,1.04364,6360
2025-01-28 02:00:00+00:00,1.04364,1.04512,1.04316,1.04446,5489
2025-01-28 03:00:00+00:00,1.04447,1.0456,1.04291,1.04372,3951
2025-01-28 04:00:00+00:00,1.04371,1.04409,1.04241,1.0433,4538
2025-01-28 05:00:00+00:00,1.0433,1.04388,1.04285,1.04286,2447
2025-01-28 06:00:00+00:00,1.04286,1.04341,1.0425200000000001,1.04332,1869
2025-01-28 07:00:00+00:00,1.04334,1.04385,1.04329,1.0435699999999999,1500
2025-01-28 08:00:00+00:00,1.0435699999999999,1.0443500000000001,1.04332,1.04369,1937
2025-01-28 09:00:00+00:00,1.04368,1.04425,1.04276,1.04335,4549
2025-01-28 10:00:00+00:00,1.04337,1.04351,1.04186,1.04245,5402
2025-01-28 11:00:00+00:00,1.04245,1.04438,1.04218,1.04346,5081
2025-01-28 12:00:00+00:00,1.04346,1.04367,1.04243,1.04244,3612
2025-01-28 13:00:00+00:00,1.04243,1.0432,1.04221,1.04228,2935
2025-01-28 14:00:00+00:00,1.04227,1.04249,1.04132,1.04196,4189
2025-01-28 15:00:00+00:00,1.04196,1.04307,1.04168,1.04242,4901
2025-01-28 16:00:00+00:00,1.04243,1.04404,1.04234,1.04304,5709
2025-01-28 17:00:00+00:00,1.04303,1.0439,1.04204,1.04236,5603
2025-01-28 18:00:00+00:00,1.0423499999999999,1.04324,1.04219,1.04255,4784
2025-01-28 19:00:00+00:00,1.04255,1.04342,1.04239,1.04273,2918
2025-01-28 20:00:00+00:00,1.04275,1.04378,1.04227,1.04257,3749
2025-01-28 21:00:00+00:00,1.04258,1.04362,1.0422,1.04345,2587
2025-01-28 22:00:00+00:00,1.04344,1.0435,1.04289,1.0431,2770
2025-01-28 23:00:00+00:00,1.04309,1.04334,1.04294,1.0429599999999999,1509
2025-01-29 00:00:00+00:00,1.04293,1.04293,1.04202,1.04279,522
2025-01-29 01:00:00+00:00,1.04279,1.04294,1.04259,1.04266,810
2025-01-29 02:00:00+00:00,1.04267,1.04339,1.04263,1.0429599999999999,2149
2025-01-29 03:00:00+00:00,1.0429599999999999,1.04335,1.04265,1.04266,1839
2025-01-29 04:00:00+00:00,1.04266,1.0435,1.04251,1.04332,1570
2025-01-29 05:00:00+00:00,1.04334,1.04385,1.04306,1.04368,1700
2025-01-29 06:00:00+00:00,1.04369,1.0442,1.04369,1.04378,1424
2025-01-29 07:00:00+00:00,1.04378,1.04404,1.04349,1.04399,1423
2025-01-29 08:00:00+00:00,1.044,1.04429,1.04359,1.04365,2370
2025-01-29 09:00:00+00:00,1.04364,1.04371,1.04127,1.04153,4032
2025-01-29 10:00:00+00:00,1.0416,1.04298,1.04159,1.0423499999999999,4208
2025-01-29 11:00:00+00:00,1.0423499999999999,1.0424,1.04014,1.04031,4222
2025-01-29 12:00:00+00:00,1.0403,1.04079,1.03941,1.04032,4125
2025-01-29 13:00:00+00:00,1.04033,1.04076,1.03966,1.0401,3298
2025-01-29 14:00:00+00:00,1.0401,1.04042,1.0393,1.04034,3913
2025-01-29 15:00:00+00:00,1.04034,1.04051,1.03817,1.03871,5922
2025-01-29 16:00:00+00:00,1.0387,1.04011,1.03856,1.04007,5190
2025-01-29 17:00:00+00:00,1.04007,1.04265,1.03941,1.04188,6736
2025-01-29 18:00:00+00:00,1.04188,1.04233,1.0411,1.04151,5796
2025-01-29 19:00:00+00:00,1.0415,1.04279,1.04147,1.04206,4352
2025-01-29 20:00:00+00:00,1.04208,1.04241,1.04119,1.04119,2938
2025-01-29 21:00:00+00:00,1.04125,1.04283,1.03875,1.04153,12801
2025-01-29 22:00:00+00:00,1.04153,1.04249,1.04046,1.04098,6769
2025-01-29 23:00:00+00:00,1.04098,1.04211,1.04084,1.04203,1650
2025-01-30 00:00:00+00:00,1.04165,1.04211,1.04104,1.04197,683
2025-01-30 01:00:00+00:00,1.04202,1.04267,1.0417399999999999,1.04237,1240
2025-01-30 02:00:00+00:00,1.04237,1.04283,1.04232,1.04254,1692
2025-01-30 03:00:00+00:00,1.04254,1.04255,1.04183,1.04193,1623
2025-01-30 04:00:00+00:00,1.04194,1.04261,1.04192,1.04223,1383
2025-01-30 05:00:00+00:00,1.04223,1.04258,1.04216,1.04246,1502
2025-01-30 06:00:00+00:00,1.04245,1.04271,1.0417,1.04184,1344
2025-01-30 07:00:00+00:00,1.04183,1.04215,1.04169,1.04214,1387
2025-01-30 08:00:00+00:00,1.04214,1.04221,1.04101,1.04134,2088
2025-01-30 09:00:00+00:00,1.04134,1.04231,1.04088,1.04229,2784
2025-01-30 10:00:00+00:00,1.04233,1.04285,1.04156,1.04208,4341
2025-01-30 11:00:00+00:00,1.04209,1.04218,1.04014,1.04069,5272
2025-01-30 12:00:00+00:00,1.04065,1.04114,1.03953,1.04001,3864
2025-01-30 13:00:00+00:00,1.04,1.04,1.03908,1.03912,3450
2025-01-30 14:00:00+00:00,1.03912,1.04053,1.03897,1.04029,3597
2025-01-30 15:00:00+00:00,1.0403,1.04593,1.04007,1.04557,8334
2025-01-30 16:00:00+00:00,1.04554,1.04672,1.04186,1.04276,9518
2025-01-30 17:00:00+00:00,1.0428,1.04416,1.04262,1.04306,6599
2025-01-30 18:00:00+00:00,1.04307,1.04342,1.04162,1.04189,4288
2025-01-30 19:00:00+00:00,1.04188,1.04227,1.04087,1.04164,3695
2025-01-30 20:00:00+00:00,1.04165,1.04249,1.0415,1.04245,2061
2025-01-30 21:00:00+00:00,1.04246,1.04295,1.04224,1.04275,1494
2025-01-30 22:00:00+00:00,1.04276,1.04316,1.03853,1.04068,6893
2025-01-30 23:00:00+00:00,1.04067,1.04134,1.03863,1.03875,3954
2025-01-31 00:00:00+00:00,1.03873,1.0392,1.03818,1.03866,498
2025-01-31 01:00:00+00:00,1.0386,1.03975,1.03844,1.03961,1819
2025-01-31 02:00:00+00:00,1.03961,1.04018,1.03844,1.03862,2340
2025-01-31 03:00:00+00:00,1.03859,1.03919,1.03764,1.03881,3374
2025-01-31 04:00:00+00:00,1.03883,1.03944,1.0386,1.03889,2387
2025-01-31 05:00:00+00:00,1.03889,1.03909,1.0383,1.03843,1908
2025-01-31 06:00:00+00:00,1.03844,1.03892,1.0382,1.03869,1484
2025-01-31 07:00:00+00:00,1.03869,1.03903,1.0384,1.03882,1697
2025-01-31 08:00:00+00:00,1.03881,1.03949,1.03868,1.03938,1807
2025-01-31 09:00:00+00:00,1.03936,1.04121,1.03907,1.04033,4463
2025-01-31 10:00:00+00:00,1.04036,1.04062,1.03804,1.03836,4498
2025-01-31 11:00:00+00:00,1.03837,1.03845,1.03646,1.03829,6579
2025-01-31 12:00:00+00:00,1.03828,1.03834,1.0373,1.03756,4911
2025-01-31 13:00:00+00:00,1.03757,1.03795,1.03715,1.03752,3641
2025-01-31 14:00:00+00:00,1.03752,1.03851,1.03739,1.03818,3313
2025-01-31 15:00:00+00:00,1.03824,1.03949,1.03761,1.03815,6345
2025-01-31 16:00:00+00:00,1.03817,1.03819,1.03661,1.0368,6275
2025-01-31 17:00:00+00:00,1.03685,1.04001,1.03598,1.03958,6757
2025-01-31 18:00:00+00:00,1.03957,1.04069,1.03854,1.03992,5573
2025-01-31 19:00:00+00:00,1.03991,1.04332,1.03902,1.04195,9409
2025-01-31 20:00:00+00:00,1.04194,1.04213,1.03612,1.03693,9722
2025-01-31 21:00:00+00:00,1.03691,1.03787,1.03639,1.03759,6643
2025-01-31 22:00:00+00:00,1.03758,1.03812,1.03623,1.0373,6156
2025-01-31 23:00:00+00:00,1.03731,1.03864,1.03493,1.03545,5376
2025-02-03 00:00:00+00:00,1.02312,1.02556,1.02303,1.02488,1784
2025-02-03 01:00:00+00:00,1.02495,1.02696,1.02336,1.02462,6643
2025-02-03 02:00:00+00:00,1.02459,1.02666,1.02096,1.02315,9484
2025-02-03 03:00:00+00:00,1.02314,1.02516,1.02212,1.02372,6763
2025-02-03 04:00:00+00:00,1.02373,1.02375,1.02202,1.02231,6172
2025-02-03 05:00:00+00:00,1.02231,1.02243,1.02116,1.02208,3726
2025-02-03 06:00:00+00:00,1.02206,1.02389,1.02199,1.0226,5322
2025-02-03 07:00:00+00:00,1.02261,1.02427,1.0225,1.02398,3385
2025-02-03 08:00:00+00:00,1.02397,1.02511,1.0239,1.02424,4397
2025-02-03 09:00:00+00:00,1.02425,1.0249,1.02214,1.0224,7374
2025-02-03 10:00:00+00:00,1.02243,1.02506,1.02121,1.02427,8213
2025-02-03 11:00:00+00:00,1.02431,1.02537,1.0225,1.02283,6083
2025-02-03 12:00:00+00:00,1.02283,1.02438,1.02283,1.02429,4693
2025-02-03 13:00:00+00:00,1.02429,1.02552,1.02357,1.02516,4421
2025-02-03 14:00:00+00:00,1.02517,1.02772,1.02507,1.02571,6497
2025-02-03 15:00:00+00:00,1.02571,1.0287,1.02569,1.02634,7282
2025-02-03 16:00:00+00:00,1.02634,1.02654,1.02466,1.02498,8172
2025-02-03 17:00:00+00:00,1.02491,1.03348,1.0243,1.03157,16539
2025-02-03 18:00:00+00:00,1.03158,1.03209,1.0272,1.02754,12598
2025-02-03 19:00:00+00:00,1.02755,1.03005,1.02708,1.02792,8962
2025-02-03 20:00:00+00:00,1.02788,1.0287,1.02697,1.02778,7103
2025-02-03 21:00:00+00:00,1.02778,1.02963,1.02777,1.0284,4018
2025-02-03 22:00:00+00:00,1.02839,1.02986,1.02822,1.02949,3687
2025-02-03 23:00:00+00:00,1.02948,1.03493,1.02922,1.0342500000000001,5740
2025-02-04 00:00:00+00:00,1.03419,1.03457,1.03272,1.0342,920
2025-02-04 01:00:00+00:00,1.0342,1.03507,1.03257,1.03272,3412
2025-02-04 02:00:00+00:00,1.03272,1.03304,1.03155,1.03172,2803
2025-02-04 03:00:00+00:00,1.03171,1.0322,1.0308,1.03213,4019
2025-02-04 04:00:00+00:00,1.03212,1.03233,1.03157,1.03215,3323
2025-02-04 05:00:00+00:00,1.03214,1.03234,1.0311,1.03139,2855
2025-02-04 06:00:00+00:00,1.0314,1.03143,1.03052,1.03053,2687
2025-02-04 07:00:00+00:00,1.03053,1.03053,1.02713,1.02924,7760
2025-02-04 08:00:00+00:00,1.02925,1.03072,1.02915,1.03062,3997
2025-02-04 09:00:00+00:00,1.03062,1.03166,1.02993,1.0311,4986
2025-02-04 10:00:00+00:00,1.0311,1.03348,1.03082,1.03339,7696
2025-02-04 11:00:00+00:00,1.03338,1.03489,1.03316,1.0338,5174
2025-02-04 12:00:00+00:00,1.03378,1.03426,1.03248,1.03344,3773
2025-02-04 13:00:00+00:00,1.03346,1.03346,1.03214,1.03215,3214
2025-02-04 14:00:00+00:00,1.03215,1.03277,1.03196,1.03247,3956
2025-02-04 15:00:00+00:00,1.03246,1.034,1.03231,1.03399,4979
2025-02-04 16:00:00+00:00,1.034,1.03656,1.03395,1.03583,6833
2025-02-04 17:00:00+00:00,1.03583,1.03853,1.03564,1.03797,9700
2025-02-04 18:00:00+00:00,1.03797,1.03868,1.03726,1.03778,6358
2025-02-04 19:00:00+00:00,1.03777,1.03782,1.0365,1.0376,5531
2025-02-04 20:00:00+00:00,1.03759,1.03855,1.03737,1.03806,3333
2025-02-04 21:00:00+00:00,1.03808,1.03848,1.03766,1.03811,3545
2025-02-04 22:00:00+00:00,1.03812,1.03852,1.03786,1.03846,2663
2025-02-04 23:00:00+00:00,1.03847,1.0387,1.03771,1.03774,1820
2025-02-05 00:00:00+00:00,1.03777,1.03793,1.03708,1.03767,1075
2025-02-05 01:00:00+00:00,1.03768,1.038,1.03702,1.03708,1075
2025-02-05 02:00:00+00:00,1.03708,1.03811,1.0369,1.03781,2254
2025-02-05 03:00:00+00:00,1.0378,1.03859,1.03717,1.03728,3905
2025-02-05 04:00:00+00:00,1.03726,1.03844,1.03724,1.03838,2823
2025-02-05 05:00:00+00:00,1.03839,1.03855,1.03786,1.03789,2034
2025-02-05 06:00:00+00:00,1.03789,1.03818,1.03756,1.0378,1438
2025-02-05 07:00:00+00:00,1.03779,1.03781,1.03726,1.03771,1516
2025-02-05 08:00:00+00:00,1.03771,1.03933,1.03735,1.03843,2645
2025-02-05 09:00:00+00:00,1.03843,1.0409,1.03816,1.04019,4763
2025-02-05 10:00:00+00:00,1.04018,1.04078,1.03894,1.0403,6094
2025-02-05 11:00:00+00:00,1.0403,1.04172,1.0401,1.04034,5334
2025-02-05 12:00:00+00:00,1.04035,1.04302,1.04014,1.04247,4681
2025-02-05 13:00:00+00:00,1.04247,1.04249,1.0411,1.04144,3337
2025-02-05 14:00:00+00:00,1.04143,1.04213,1.04103,1.04186,3091
2025-02-05 15:00:00+00:00,1.04184,1.04253,1.0401,1.04072,6736
2025-02-05 16:00:00+00:00,1.04073,1.04259,1.04058,1.04215,6249
2025-02-05 17:00:00+00:00,1.04207,1.04422,1.04146,1.04216,8995
2025-02-05 18:00:00+00:00,1.04215,1.04242,1.04099,1.04175,5007
2025-02-05 19:00:00+00:00,1.04176,1.04233,1.041,1.04192,3024
2025-02-05 20:00:00+00:00,1.04192,1.04212,1.04137,1.0415,2436
2025-02-05 21:00:00+00:00,1.0415,1.04164,1.04041,1.04066,2719
2025-02-05 22:00:00+00:00,1.04067,1.04067,1.04005,1.04043,2217
2025-02-05 23:00:00+00:00,1.04043,1.04062,1.03963,1.04011,1549
2025-02-06 00:00:00+00:00,1.0401,1.04037,1.03986,1.04033,540
2025-02-06 01:00:00+00:00,1.04035,1.04058,1.03965,1.0398,1004
2025-02-06 02:00:00+00:00,1.03981,1.04017,1.03943,1.03968,2119
2025-02-06 03:00:00+00:00,1.03969,1.04043,1.03948,1.0402,2879
2025-02-06 04:00:00+00:00,1.0402,1.04049,1.03903,1.03945,2243
2025-02-06 05:00:00+00:00,1.03945,1.03958,1.03891,1.03913,1683
2025-02-06 06:00:00+00:00,1.03915,1.03932,1.03847,1.03864,1474
2025-02-06 07:00:00+00:00,1.03864,1.03898,1.03855,1.03859,1552
2025-02-06 08:00:00+00:00,1.03859,1.0392,1.03852,1.03897,1917
2025-02-06 09:00:00+00:00,1.03898,1.03909,1.03775,1.03794,3761
2025-02-06 10:00:00+00:00,1.03798,1.03803,1.03556,1.03645,4999
2025-02-06 11:00:00+00:00,1.03646,1.03674,1.03557,1.03588,3404
2025-02-06 12:00:00+00:00,1.03589,1.03659,1.03553,1.0362,2964
2025-02-06 13:00:00+00:00,1.03618,1.03673,1.03575,1.03616,3080
2025-02-06 14:00:00+00:00,1.03612,1.03631,1.0352,1.03613,6022
2025-02-06 15:00:00+00:00,1.03613,1.03666,1.03529,1.036,5753
2025-02-06 16:00:00+00:00,1.03598,1.03742,1.0359099999999999,1.03616,5140
2025-02-06 17:00:00+00:00,1.03616,1.03758,1.03607,1.03688,5917
2025-02-06 18:00:00+00:00,1.03687,1.03757,1.03663,1.03663,3829
2025-02-06 19:00:00+00:00,1.03663,1.03801,1.03653,1.03788,2796
2025-02-06 20:00:00+00:00,1.03789,1.03962,1.03733,1.0389,3958
2025-02-06 21:00:00+00:00,1.03889,1.03909,1.03797,1.03842,2312
2025-02-06 22:00:00+00:00,1.03841,1.03904,1.03834,1.03885,1815
2025-02-06 23:00:00+00:00,1.03881,1.03889,1.03818,1.03826,814
2025-02-07 00:00:00+00:00,1.03825,1.03849,1.03795,1.03823,502
2025-02-07 01:00:00+00:00,1.03821,1.03862,1.03816,1.03843,703
2025-02-07 02:00:00+00:00,1.03842,1.03905,1.03767,1.03772,1721
2025-02-07 03:00:00+00:00,1.03777,1.03864,1.03738,1.03833,2843
2025-02-07 04:00:00+00:00,1.03832,1.03856,1.03805,1.03835,2369
2025-02-07 05:00:00+00:00,1.03837,1.03843,1.03768,1.03793,1438
2025-02-07 06:00:00+00:00,1.03793,1.0383,1.03753,1.03806,1598
2025-02-07 07:00:00+00:00,1.03805,1.0381,1.03734,1.03747,1871
2025-02-07 08:00:00+00:00,1.03745,1.03767,1.0372,1.03757,2102
2025-02-07 09:00:00+00:00,1.03756,1.03897,1.03738,1.03888,2563
2025-02-07 10:00:00+00:00,1.03888,1.03995,1.03849,1.03972,3290
2025-02-07 11:00:00+00:00,1.03972,1.03987,1.03894,1.03907,2948
2025-02-07 12:00:00+00:00,1.03907,1.03911,1.03786,1.0381,2626
2025-02-07 13:00:00+00:00,1.03809,1.03836,1.03769,1.03819,2113
2025-02-07 14:00:00+00:00,1.03819,1.0382,1.03677,1.03738,2786
2025-02-07 15:00:00+00:00,1.03738,1.04121,1.03487,1.03631,9082
2025-02-07 16:00:00+00:00,1.03629,1.03883,1.03604,1.03836,6978
2025-02-07 17:00:00+00:00,1.0382,1.03872,1.03268,1.03544,9438
2025-02-07 18:00:00+00:00,1.03548,1.03548,1.03214,1.03273,10858
2025-02-07 19:00:00+00:00,1.03272,1.03597,1.03044,1.03212,9623
2025-02-07 20:00:00+00:00,1.03211,1.03354,1.03203,1.03246,2819
2025-02-07 21:00:00+00:00,1.03247,1.03363,1.03232,1.03317,3178
2025-02-07 22:00:00+00:00,1.03318,1.03379,1.0321,1.03274,2361
2025-02-07 23:00:00+00:00,1.03276,1.03318,1.03245,1.03258,1683
2025-02-10 00:00:00+00:00,1.02891,1.03014,1.02784,1.02897,1402
2025-02-10 01:00:00+00:00,1.02899,1.03129,1.02899,1.0309,2455
2025-02-10 02:00:00+00:00,1.0309,1.03179,1.03087,1.03096,2513
2025-02-10 03:00:00+00:00,1.03096,1.03142,1.02995,1.03025,3116
2025-02-10 04:00:00+00:00,1.03025,1.03064,1.02981,1.02991,1655
2025-02-10 05:00:00+00:00,1.0299,1.03112,1.0299,1.0311,1246
2025-02-10 06:00:00+00:00,1.0311,1.03153,1.03108,1.03126,1201
2025-02-10 07:00:00+00:00,1.03129,1.0321,1.03126,1.03155,1442
2025-02-10 08:00:00+00:00,1.03156,1.03194,1.03116,1.03183,1573
2025-02-10 09:00:00+00:00,1.03183,1.03251,1.03094,1.03124,3439
2025-02-10 10:00:00+00:00,1.03124,1.03226,1.03061,1.03218,4674
2025-02-10 11:00:00+00:00,1.03216,1.03343,1.03205,1.03264,3945
2025-02-10 12:00:00+00:00,1.03263,1.03332,1.03229,1.03294,2842
2025-02-10 13:00:00+00:00,1.03295,1.0336,1.03196,1.03201,3131
2025-02-10 14:00:00+00:00,1.032,1.03216,1.03082,1.03132,3413
2025-02-10 15:00:00+00:00,1.03132,1.03259,1.03132,1.03209,3381
2025-02-10 16:00:00+00:00,1.0321,1.0323,1.03038,1.03108,4225
2025-02-10 17:00:00+00:00,1.03108,1.03194,1.03101,1.03146,3954
2025-02-10 18:00:00+00:00,1.03147,1.03176,1.0304,1.03109,3600
2025-02-10 19:00:00+00:00,1.03109,1.03142,1.03061,1.0312,2174
2025-02-10 20:00:00+00:00,1.03119,1.03156,1.03053,1.03068,1968
2025-02-10 21:00:00+00:00,1.03067,1.03104,1.03048,1.03064,1666
2025-02-10 22:00:00+00:00,1.03064,1.0308,1.03045,1.03063,1306
2025-02-10 23:00:00+00:00,1.03063,1.03078,1.03045,1.03061,809
2025-02-11 00:00:00+00:00,1.03061,1.03084,1.03004,1.03051,924
2025-02-11 01:00:00+00:00,1.03052,1.03067,1.02978,1.02998,1452
2025-02-11 02:00:00+00:00,1.02999,1.03062,1.02991,1.03043,1446
2025-02-11 03:00:00+00:00,1.03044,1.03044,1.02995,1.03013,2672
2025-02-11 04:00:00+00:00,1.03013,1.03024,1.02916,1.02925,2262
2025-02-11 05:00:00+00:00,1.02925,1.03,1.02917,1.02976,1778
2025-02-11 06:00:00+00:00,1.02977,1.03038,1.02971,1.03038,1733
2025-02-11 07:00:00+00:00,1.03037,1.03054,1.03016,1.03042,1446
2025-02-11 08:00:00+00:00,1.03042,1.031,1.03037,1.03046,2167
2025-02-11 09:00:00+00:00,1.03046,1.03074,1.03004,1.03028,2994
2025-02-11 10:00:00+00:00,1.03027,1.03192,1.02993,1.03178,3645
2025-02-11 11:00:00+00:00,1.03178,1.03214,1.03121,1.03175,3577
2025-02-11 12:00:00+00:00,1.03176,1.03247,1.0314,1.03155,2767
2025-02-11 13:00:00+00:00,1.03156,1.03222,1.03153,1.03213,2184
2025-02-11 14:00:00+00:00,1.03213,1.03282,1.032,1.03214,2858
2025-02-11 15:00:00+00:00,1.03216,1.03256,1.0316,1.0322,3310
2025-02-11 16:00:00+00:00,1.0322,1.03366,1.03214,1.03318,3788
2025-02-11 17:00:00+00:00,1.03321,1.03429,1.03277,1.03394,5333
2025-02-11 18:00:00+00:00,1.03394,1.03507,1.03386,1.03452,4096
2025-02-11 19:00:00+00:00,1.03451,1.03481,1.0343,1.0345,2388
2025-02-11 20:00:00+00:00,1.03449,1.03509,1.0344,1.03449,2218
2025-02-11 21:00:00+00:00,1.03448,1.03809,1.03414,1.03578,3916
2025-02-11 22:00:00+00:00,1.03577,1.0367,1.03572,1.03624,3474
2025-02-11 23:00:00+00:00,1.03624,1.03636,1.03583,1.03605,1778
2025-02-12 00:00:00+00:00,1.0357,1.03635,1.0357,1.0361,450
2025-02-12 01:00:00+00:00,1.0361,1.03668,1.0359,1.03624,1468
2025-02-12 02:00:00+00:00,1.03627,1.03636,1.03559,1.03568,1505
2025-02-12 03:00:00+00:00,1.03568,1.03636,1.03534,1.03601,2519
2025-02-12 04:00:00+00:00,1.03602,1.03673,1.036,1.03621,2144
2025-02-12 05:00:00+00:00,1.03622,1.0365,1.03581,1.03616,2013
2025-02-12 06:00:00+00:00,1.03615,1.03629,1.03556,1.03558,1607
2025-02-12 07:00:00+00:00,1.03559,1.03587,1.03544,1.0358,1753
2025-02-12 08:00:00+00:00,1.03581,1.03598,1.03565,1.03584,1800
2025-02-12 09:00:00+00:00,1.03586,1.03788,1.03583,1.03754,3393
2025-02-12 10:00:00+00:00,1.03755,1.03795,1.03675,1.03705,4503
2025-02-12 11:00:00+00:00,1.03706,1.03736,1.03642,1.0373,2842
2025-02-12 12:00:00+00:00,1.03733,1.03768,1.03695,1.03751,2731
2025-02-12 13:00:00+00:00,1.03753,1.03852,1.03732,1.03746,3258
2025-02-12 14:00:00+00:00,1.03745,1.03782,1.03715,1.03726,2909
2025-02-12 15:00:00+00:00,1.03726,1.03757,1.03164,1.03326,9660
2025-02-12 16:00:00+00:00,1.03323,1.03531,1.03247,1.03497,7767
2025-02-12 17:00:00+00:00,1.03497,1.03822,1.03375,1.03741,10026
2025-02-12 18:00:00+00:00,1.03741,1.03951,1.03499,1.03907,6824
2025-02-12 19:00:00+00:00,1.03908,1.0427,1.03903,1.04257,8566
2025-02-12 20:00:00+00:00,1.04256,1.04293,1.03868,1.03889,5386
2025-02-12 21:00:00+00:00,1.03889,1.03929,1.03841,1.03906,3128
2025-02-12 22:00:00+00:00,1.03906,1.03969,1.03875,1.03912,2705
2025-02-12 23:00:00+00:00,1.03913,1.03959,1.03802,1.03815,1676
2025-02-13 00:00:00+00:00,1.03813,1.03858,1.03793,1.03835,893
2025-02-13 01:00:00+00:00,1.03835,1.03917,1.03819,1.03917,1300
2025-02-13 02:00:00+00:00,1.03917,1.04,1.03876,1.0389,2177
2025-02-13 03:00:00+00:00,1.0389,1.04015,1.03867,1.03992,3105
2025-02-13 04:00:00+00:00,1.03992,1.04071,1.03961,1.04035,2426
2025-02-13 05:00:00+00:00,1.04035,1.04215,1.04028,1.04185,2121
2025-02-13 06:00:00+00:00,1.04187,1.04349,1.04183,1.04343,2956
2025-02-13 07:00:00+00:00,1.04344,1.0438,1.043,1.04344,2723
2025-02-13 08:00:00+00:00,1.04344,1.04395,1.04282,1.04302,3449
2025-02-13 09:00:00+00:00,1.04304,1.04361,1.0422,1.04251,4953
2025-02-13 10:00:00+00:00,1.04253,1.0426,1.04095,1.0413000000000001,5007
2025-02-13 11:00:00+00:00,1.04132,1.04259,1.04105,1.04227,4140
2025-02-13 12:00:00+00:00,1.04226,1.04286,1.04127,1.04152,3635
2025-02-13 13:00:00+00:00,1.04152,1.0427,1.03919,1.04026,4644
2025-02-13 14:00:00+00:00,1.04026,1.04031,1.03852,1.03894,4730
2025-02-13 15:00:00+00:00,1.03894,1.04065,1.03749,1.0392,7764
2025-02-13 16:00:00+00:00,1.0392,1.04009,1.03812,1.03992,6413
2025-02-13 17:00:00+00:00,1.03992,1.04378,1.03992,1.04328,10508
2025-02-13 18:00:00+00:00,1.04328,1.04449,1.04239,1.0427,4727
2025-02-13 19:00:00+00:00,1.04267,1.04385,1.04245,1.04248,3659
2025-02-13 20:00:00+00:00,1.04249,1.0431300000000001,1.03723,1.04087,8678
2025-02-13 21:00:00+00:00,1.04086,1.04423,1.04078,1.04366,5525
2025-02-13 22:00:00+00:00,1.04366,1.04655,1.0435,1.04611,3651
2025-02-13 23:00:00+00:00,1.04614,1.04669,1.04566,1.04631,1563
2025-02-14 00:00:00+00:00,1.04626,1.0468,1.0458,1.04658,649
2025-02-14 01:00:00+00:00,1.04657,1.04667,1.04555,1.0461,1853
2025-02-14 02:00:00+00:00,1.04611,1.04665,1.04573,1.04603,2500
2025-02-14 03:00:00+00:00,1.04604,1.04664,1.04577,1.04587,2981
2025-02-14 04:00:00+00:00,1.04586,1.04606,1.04548,1.04561,2411
2025-02-14 05:00:00+00:00,1.04561,1.04612,1.04532,1.04583,1947
2025-02-14 06:00:00+00:00,1.04583,1.04635,1.04542,1.04543,1395
2025-02-14 07:00:00+00:00,1.04542,1.04554,1.04467,1.04521,1913
2025-02-14 08:00:00+00:00,1.04522,1.04605,1.04514,1.0458,2668
2025-02-14 09:00:00+00:00,1.04581,1.04718,1.04579,1.04641,4327
2025-02-14 10:00:00+00:00,1.04643,1.04859,1.0463,1.04762,5086
2025-02-14 11:00:00+00:00,1.04762,1.04873,1.04755,1.04805,4057
2025-02-14 12:00:00+00:00,1.04805,1.04824,1.04639,1.04665,3269
2025-02-14 13:00:00+00:00,1.04666,1.04687,1.04625,1.04669,3316
2025-02-14 14:00:00+00:00,1.04668,1.04742,1.04565,1.04711,3595
2025-02-14 15:00:00+00:00,1.04711,1.04974,1.04706,1.04878,7157
2025-02-14 16:00:00+00:00,1.04879,1.05139,1.04868,1.05081,5889
2025-02-14 17:00:00+00:00,1.05083,1.0512299999999999,1.04905,1.0507900000000001,6451
2025-02-14 18:00:00+00:00,1.05078,1.05096,1.04965,1.0497,4180
2025-02-14 19:00:00+00:00,1.04972,1.05083,1.04936,1.05067,3076
2025-02-14 20:00:00+00:00,1.05066,1.05075,1.0499,1.05039,2548
2025-02-14 21:00:00+00:00,1.05039,1.05046,1.04944,1.0498,2449
2025-02-14 22:00:00+00:00,1.04979,1.04979,1.04907,1.04915,2567
2025-02-14 23:00:00+00:00,1.04917,1.04943,1.04879,1.04905,1997
2025-02-17 00:00:00+00:00,1.04842,1.04892,1.0484,1.04885,478
2025-02-17 01:00:00+00:00,1.04886,1.04931,1.04841,1.04877,1656
2025-02-17 02:00:00+00:00,1.04878,1.04927,1.04849,1.04916,1910
2025-02-17 03:00:00+00:00,1.04917,1.05059,1.04889,1.05048,2378
2025-02-17 04:00:00+00:00,1.05047,1.05048,1.04952,1.05007,1790
2025-02-17 05:00:00+00:00,1.05007,1.05031,1.04937,1.04941,1861
2025-02-17 06:00:00+00:00,1.04941,1.04969,1.04887,1.04949,1373
2025-02-17 07:00:00+00:00,1.04951,1.04976,1.04843,1.04894,2469
2025-02-17 08:00:00+00:00,1.04893,1.04929,1.04875,1.04913,2282
2025-02-17 09:00:00+00:00,1.04913,1.04949,1.04799,1.04822,3794
2025-02-17 10:00:00+00:00,1.04821,1.04844,1.04705,1.04737,4263
2025-02-17 11:00:00+00:00,1.04737,1.04809,1.04708,1.04736,3049
2025-02-17 12:00:00+00:00,1.04734,1.04888,1.04727,1.04885,2595
2025-02-17 13:00:00+00:00,1.04884,1.04888,1.04772,1.04814,2373
2025-02-17 14:00:00+00:00,1.04815,1.04846,1.04681,1.04717,2818
2025-02-17 15:00:00+00:00,1.04717,1.0476,1.04665,1.04737,2107
2025-02-17 16:00:00+00:00,1.04738,1.04789,1.04707,1.04778,2076
2025-02-17 17:00:00+00:00,1.04778,1.04836,1.04737,1.0479,2565
2025-02-17 18:00:00+00:00,1.0479,1.04827,1.04762,1.04781,1972
2025-02-17 19:00:00+00:00,1.04783,1.04841,1.04773,1.0482,1157
2025-02-17 20:00:00+00:00,1.04821,1.04821,1.04787,1.04815,868
2025-02-17 21:00:00+00:00,1.04816,1.04832,1.04791,1.04812,830
2025-02-17 22:00:00+00:00,1.04811,1.04831,1.04801,1.04829,887
2025-02-17 23:00:00+00:00,1.04828,1.04846,1.0482,1.04835,690
2025-02-18 00:00:00+00:00,1.04831,1.04838,1.04703,1.04798,871
2025-02-18 01:00:00+00:00,1.04799,1.04852,1.04762,1.04843,869
2025-02-18 02:00:00+00:00,1.04843,1.04858,1.04722,1.04745,2034
2025-02-18 03:00:00+00:00,1.04745,1.04752,1.0462,1.04656,2736
2025-02-18 04:00:00+00:00,1.04657,1.04702,1.04651,1.0467,2052
2025-02-18 05:00:00+00:00,1.04669,1.04719,1.04615,1.04625,2568
2025-02-18 06:00:00+00:00,1.04625,1.04635,1.0455,1.04567,1642
2025-02-18 07:00:00+00:00,1.04567,1.04588,1.04517,1.04547,2075
2025-02-18 08:00:00+00:00,1.04547,1.0463,1.04542,1.04607,2428
2025-02-18 09:00:00+00:00,1.04609,1.04687,1.04581,1.0463,3368
2025-02-18 10:00:00+00:00,1.0463,1.04686,1.04542,1.04563,3953
2025-02-18 11:00:00+00:00,1.04562,1.04648,1.0455,1.04631,2864
2025-02-18 12:00:00+00:00,1.04631,1.04666,1.04583,1.04619,2622
2025-02-18 13:00:00+00:00,1.04619,1.04645,1.04607,1.04625,1855
2025-02-18 14:00:00+00:00,1.04625,1.04666,1.04523,1.04547,3128
2025-02-18 15:00:00+00:00,1.04546,1.04565,1.04412,1.04443,4101
2025-02-18 16:00:00+00:00,1.04444,1.04543,1.0441,1.04517,4492
2025-02-18 17:00:00+00:00,1.04519,1.04665,1.04513,1.04658,5434
2025-02-18 18:00:00+00:00,1.04659,1.0469,1.04534,1.04561,3738
2025-02-18 19:00:00+00:00,1.0456,1.04561,1.04386,1.04455,2976
2025-02-18 20:00:00+00:00,1.04455,1.04474,1.04346,1.0443500000000001,2720
2025-02-18 21:00:00+00:00,1.04434,1.04494,1.04401,1.04446,2314
2025-02-18 22:00:00+00:00,1.04444,1.04472,1.04411,1.04472,2547
2025-02-18 23:00:00+00:00,1.04468,1.0449,1.04441,1.04452,1608
2025-02-19 00:00:00+00:00,1.04452,1.04508,1.04397,1.04503,1137
2025-02-19 01:00:00+00:00,1.04501,1.04501,1.04445,1.04475,854
2025-02-19 02:00:00+00:00,1.04475,1.04488,1.04433,1.04452,1819
2025-02-19 03:00:00+00:00,1.04453,1.04475,1.04406,1.0446,2824
2025-02-19 04:00:00+00:00,1.04461,1.04517,1.04442,1.04514,2421
2025-02-19 05:00:00+00:00,1.04513,1.04516,1.04471,1.04509,1628
2025-02-19 06:00:00+00:00,1.0451,1.04526,1.04477,1.04518,1230
2025-02-19 07:00:00+00:00,1.04517,1.04558,1.04483,1.04557,1650
2025-02-19 08:00:00+00:00,1.04556,1.04608,1.04538,1.04546,2312
2025-02-19 09:00:00+00:00,1.04547,1.04588,1.04481,1.04506,3387
2025-02-19 10:00:00+00:00,1.04507,1.04556,1.04383,1.044,3734
2025-02-19 11:00:00+00:00,1.044,1.04432,1.04277,1.04285,3358
2025-02-19 12:00:00+00:00,1.04285,1.04293,1.04183,1.04234,3576
2025-02-19 13:00:00+00:00,1.0423499999999999,1.04328,1.04196,1.04242,4435
2025-02-19 14:00:00+00:00,1.04242,1.04315,1.04212,1.04277,3638
2025-02-19 15:00:00+00:00,1.04279,1.04349,1.04247,1.04335,3791
2025-02-19 16:00:00+00:00,1.04334,1.0437400000000001,1.0427,1.04336,4358
2025-02-19 17:00:00+00:00,1.04337,1.04409,1.0421,1.04237,5676
2025-02-19 18:00:00+00:00,1.04236,1.04244,1.04037,1.04041,4563
2025-02-19 19:00:00+00:00,1.04041,1.04128,1.04003,1.04094,2972
2025-02-19 20:00:00+00:00,1.04094,1.04213,1.04081,1.04186,2846
2025-02-19 21:00:00+00:00,1.04186,1.04322,1.04176,1.04254,3764
2025-02-19 22:00:00+00:00,1.04253,1.0426,1.04203,1.04249,2668
2025-02-19 23:00:00+00:00,1.04249,1.04259,1.04215,1.04217,1742
2025-02-20 00:00:00+00:00,1.04214,1.04259,1.04152,1.04242,567
2025-02-20 01:00:00+00:00,1.04241,1.0425200000000001,1.04194,1.04201,1006
2025-02-20 02:00:00+00:00,1.04202,1.04295,1.0419100000000001,1.04288,2919
2025-02-20 03:00:00+00:00,1.04287,1.04321,1.0418,1.04207,2748
2025-02-20 04:00:00+00:00,1.04207,1.04371,1.04196,1.0435,3657
2025-02-20 05:00:00+00:00,1.04351,1.04356,1.04262,1.04306,2201
2025-02-20 06:00:00+00:00,1.04306,1.0431300000000001,1.0423499999999999,1.04297,1521
2025-02-20 07:00:00+00:00,1.04297,1.04338,1.04265,1.0427,1913
2025-02-20 08:00:00+00:00,1.0427,1.04339,1.04239,1.04245,2335
2025-02-20 09:00:00+00:00,1.04245,1.0433,1.0423,1.04309,3018
2025-02-20 10:00:00+00:00,1.0431,1.04417,1.04289,1.04328,4236
2025-02-20 11:00:00+00:00,1.04329,1.04379,1.04282,1.04364,3042
2025-02-20 12:00:00+00:00,1.04364,1.0443500000000001,1.04338,1.04417,2886
2025-02-20 13:00:00+00:00,1.0441799999999999,1.04459,1.04303,1.0438,2570
2025-02-20 14:00:00+00:00,1.0438,1.04432,1.04327,1.04353,4096
2025-02-20 15:00:00+00:00,1.04353,1.04543,1.04344,1.04478,4592
2025-02-20 16:00:00+00:00,1.04478,1.04599,1.04416,1.04461,6128
2025-02-20 17:00:00+00:00,1.0446,1.04748,1.04415,1.04734,6726
2025-02-20 18:00:00+00:00,1.04731,1.04779,1.04637,1.04745,4204
2025-02-20 19:00:00+00:00,1.04745,1.04942,1.04706,1.04887,4013
2025-02-20 20:00:00+00:00,1.04886,1.04981,1.04849,1.04974,2849
2025-02-20 21:00:00+00:00,1.04975,1.05029,1.04887,1.0501,2740
2025-02-20 22:00:00+00:00,1.05011,1.05027,1.04948,1.05024,2122
2025-02-20 23:00:00+00:00,1.05024,1.0503,1.04999,1.05006,775
2025-02-21 00:00:00+00:00,1.04959,1.04981,1.0489,1.04968,1035
2025-02-21 01:00:00+00:00,1.04971,1.05052,1.04963,1.04998,1597
2025-02-21 02:00:00+00:00,1.04998,1.04998,1.04888,1.04896,1945
2025-02-21 03:00:00+00:00,1.04895,1.04928,1.0484,1.04864,2796
2025-02-21 04:00:00+00:00,1.04864,1.05027,1.04859,1.05022,3289
2025-02-21 05:00:00+00:00,1.05021,1.05042,1.04991,1.05022,2200
2025-02-21 06:00:00+00:00,1.05021,1.05044,1.04968,1.04985,1467
2025-02-21 07:00:00+00:00,1.04984,1.0500099999999999,1.0491,1.04925,2136
2025-02-21 08:00:00+00:00,1.04925,1.04935,1.04873,1.0488,2484
2025-02-21 09:00:00+00:00,1.04887,1.04993,1.04887,1.04917,3875
2025-02-21 10:00:00+00:00,1.04919,1.04937,1.04674,1.0476,6016
2025-02-21 11:00:00+00:00,1.04762,1.04807,1.04663,1.04688,3861
2025-02-21 12:00:00+00:00,1.0469,1.04716,1.04641,1.04646,3047
2025-02-21 13:00:00+00:00,1.04645,1.04735,1.04626,1.04687,2670
2025-02-21 14:00:00+00:00,1.04687,1.04705,1.04589,1.04614,2962
2025-02-21 15:00:00+00:00,1.04615,1.04773,1.04608,1.04747,3558
2025-02-21 16:00:00+00:00,1.04747,1.04919,1.04697,1.04807,6322
2025-02-21 17:00:00+00:00,1.04806,1.04856,1.0452,1.04537,6972
2025-02-21 18:00:00+00:00,1.04537,1.04574,1.04489,1.04543,4097
2025-02-21 19:00:00+00:00,1.04542,1.04639,1.04515,1.04627,3108
2025-02-21 20:00:00+00:00,1.04626,1.04676,1.04504,1.04593,4605
2025-02-21 21:00:00+00:00,1.04592,1.04661,1.04568,1.04619,3575
2025-02-21 22:00:00+00:00,1.04615,1.0464,1.04568,1.04601,3354
2025-02-21 23:00:00+00:00,1.04601,1.04616,1.04558,1.04603,1881
2025-02-24 00:00:00+00:00,1.04717,1.04763,1.046,1.04743,1602
2025-02-24 01:00:00+00:00,1.04742,1.0484,1.04706,1.04733,2187
2025-02-24 02:00:00+00:00,1.04734,1.05068,1.04713,1.05036,3810
2025-02-24 03:00:00+00:00,1.05037,1.05204,1.05019,1.05174,5848
2025-02-24 04:00:00+00:00,1.05175,1.05278,1.0515,1.05223,4965
2025-02-24 05:00:00+00:00,1.05224,1.05252,1.05159,1.05189,2685
2025-02-24 06:00:00+00:00,1.05188,1.0520100000000001,1.05108,1.05151,2027
2025-02-24 07:00:00+00:00,1.05152,1.05193,1.05095,1.05158,2948
2025-02-24 08:00:00+00:00,1.05157,1.05157,1.05006,1.05082,2370
2025-02-24 09:00:00+00:00,1.05083,1.05144,1.0486,1.04912,5470
2025-02-24 10:00:00+00:00,1.04908,1.0492,1.04692,1.04793,5198
2025-02-24 11:00:00+00:00,1.0479,1.04843,1.04684,1.04713,4483
2025-02-24 12:00:00+00:00,1.04713,1.04801,1.04665,1.04797,3916
2025-02-24 13:00:00+00:00,1.04798,1.04808,1.04634,1.04679,2485
2025-02-24 14:00:00+00:00,1.04678,1.04721,1.04597,1.04684,2912
2025-02-24 15:00:00+00:00,1.04686,1.04752,1.04643,1.04663,3736
2025-02-24 16:00:00+00:00,1.04663,1.04692,1.04523,1.04601,5238
2025-02-24 17:00:00+00:00,1.04602,1.04701,1.04596,1.04685,6324
2025-02-24 18:00:00+00:00,1.04686,1.04796,1.04651,1.04771,4354
2025-02-24 19:00:00+00:00,1.04772,1.04832,1.04676,1.04719,4333
2025-02-24 20:00:00+00:00,1.04719,1.04853,1.04702,1.04798,3502
2025-02-24 21:00:00+00:00,1.04798,1.04836,1.04723,1.04748,3621
2025-02-24 22:00:00+00:00,1.04749,1.04789,1.04641,1.04646,4914
2025-02-24 23:00:00+00:00,1.04647,1.04675,1.04614,1.04669,1860
2025-02-25 00:00:00+00:00,1.04667,1.04696,1.0463,1.04681,430
2025-02-25 01:00:00+00:00,1.04681,1.04682,1.04598,1.04607,1228
2025-02-25 02:00:00+00:00,1.04607,1.04637,1.04592,1.04626,2027
2025-02-25 03:00:00+00:00,1.04626,1.04651,1.04602,1.04647,2377
2025-02-25 04:00:00+00:00,1.04646,1.04744,1.04646,1.04741,2922
2025-02-25 05:00:00+00:00,1.04742,1.04759,1.04708,1.04728,2100
2025-02-25 06:00:00+00:00,1.04729,1.04767,1.0472,1.04726,1444
2025-02-25 07:00:00+00:00,1.04726,1.04778,1.04717,1.04765,1510
2025-02-25 08:00:00+00:00,1.04765,1.04798,1.04721,1.04765,2323
2025-02-25 09:00:00+00:00,1.04764,1.04773,1.04629,1.04639,4855
2025-02-25 10:00:00+00:00,1.0464,1.04783,1.04557,1.04697,5930
2025-02-25 11:00:00+00:00,1.04697,1.04782,1.0468,1.04726,4121
2025-02-25 12:00:00+00:00,1.04726,1.04736,1.04648,1.04722,3348
2025-02-25 13:00:00+00:00,1.04723,1.04892,1.0471,1.04889,3443
2025-02-25 14:00:00+00:00,1.04889,1.04996,1.04878,1.04932,4652
2025-02-25 15:00:00+00:00,1.04933,1.05091,1.0493,1.04998,4595
2025-02-25 16:00:00+00:00,1.04999,1.05044,1.04913,1.0501800000000001,5188
2025-02-25 17:00:00+00:00,1.05014,1.05189,1.04944,1.0498,7506
2025-02-25 18:00:00+00:00,1.0498,1.05057,1.04942,1.04971,5578
2025-02-25 19:00:00+00:00,1.04971,1.0501800000000001,1.04833,1.05017,4133
2025-02-25 20:00:00+00:00,1.0501800000000001,1.05178,1.05017,1.05081,3426
2025-02-25 21:00:00+00:00,1.05081,1.0512299999999999,1.0504,1.05101,3364
2025-02-25 22:00:00+00:00,1.05102,1.05186,1.05086,1.05159,3435
2025-02-25 23:00:00+00:00,1.05158,1.05173,1.05127,1.05127,1263
2025-02-26 00:00:00+00:00,1.05126,1.05138,1.051,1.05131,563
2025-02-26 01:00:00+00:00,1.05132,1.05224,1.05106,1.05198,1543
2025-02-26 02:00:00+00:00,1.05199,1.05244,1.0519,1.05222,2433
2025-02-26 03:00:00+00:00,1.0522,1.05232,1.05134,1.05149,3069
2025-02-26 04:00:00+00:00,1.05149,1.05164,1.05037,1.0506,2442
2025-02-26 05:00:00+00:00,1.0506,1.05082,1.05009,1.05039,1914
2025-02-26 06:00:00+00:00,1.0504,1.05048,1.04963,1.04968,1217
2025-02-26 07:00:00+00:00,1.04967,1.04976,1.04901,1.04909,2117
2025-02-26 08:00:00+00:00,1.04909,1.04959,1.04866,1.04938,2485
2025-02-26 09:00:00+00:00,1.04938,1.05012,1.04919,1.04933,3952
2025-02-26 10:00:00+00:00,1.04935,1.05111,1.0491,1.0502,4683
2025-02-26 11:00:00+00:00,1.0502,1.05027,1.04944,1.04965,3339
2025-02-26 12:00:00+00:00,1.04965,1.05004,1.04906,1.0497,3691
2025-02-26 13:00:00+00:00,1.04969,1.05017,1.04861,1.04912,3106
2025-02-26 14:00:00+00:00,1.04911,1.04945,1.04745,1.04762,3646
2025-02-26 15:00:00+00:00,1.04761,1.04942,1.04761,1.04837,4460
2025-02-26 16:00:00+00:00,1.04837,1.04922,1.04818,1.04888,5764
2025-02-26 17:00:00+00:00,1.04889,1.05086,1.04787,1.05054,7269
2025-02-26 18:00:00+00:00,1.05057,1.0515,1.05015,1.05134,5250
2025-02-26 19:00:00+00:00,1.05132,1.05283,1.04827,1.04918,8429
2025-02-26 20:00:00+00:00,1.04917,1.05,1.04845,1.04877,5678
2025-02-26 21:00:00+00:00,1.04877,1.0493,1.04815,1.04906,4212
2025-02-26 22:00:00+00:00,1.04906,1.04906,1.04802,1.04856,3326
2025-02-26 23:00:00+00:00,1.04856,1.04874,1.04779,1.04835,1810
2025-02-27 00:00:00+00:00,1.04834,1.04875,1.04782,1.04869,520
2025-02-27 01:00:00+00:00,1.04869,1.04921,1.04856,1.04873,1000
2025-02-27 02:00:00+00:00,1.04871,1.04872,1.04763,1.04768,2235
2025-02-27 03:00:00+00:00,1.04769,1.0483,1.04725,1.04778,3087
2025-02-27 04:00:00+00:00,1.04779,1.04799,1.04699,1.04704,2877
2025-02-27 05:00:00+00:00,1.04707,1.04738,1.04643,1.0465,2367
2025-02-27 06:00:00+00:00,1.04652,1.04689,1.04586,1.04625,2516
2025-02-27 07:00:00+00:00,1.04627,1.0465,1.04611,1.04646,2297
2025-02-27 08:00:00+00:00,1.04647,1.04725,1.04634,1.04711,2678
2025-02-27 09:00:00+00:00,1.0471,1.04796,1.04679,1.04746,3347
2025-02-27 10:00:00+00:00,1.04747,1.04798,1.04699,1.04778,4425
2025-02-27 11:00:00+00:00,1.04779,1.04846,1.04746,1.04833,3198
2025-02-27 12:00:00+00:00,1.04834,1.04838,1.04734,1.0481,2971
2025-02-27 13:00:00+00:00,1.0481,1.04868,1.04753,1.04753,2792
2025-02-27 14:00:00+00:00,1.04753,1.04835,1.04727,1.04762,4285
2025-02-27 15:00:00+00:00,1.04762,1.04889,1.04188,1.0423,9001
2025-02-27 16:00:00+00:00,1.04229,1.04412,1.04134,1.04195,9177
2025-02-27 17:00:00+00:00,1.04197,1.04274,1.04092,1.04146,7597
2025-02-27 18:00:00+00:00,1.04147,1.04156,1.04028,1.04132,5493
2025-02-27 19:00:00+00:00,1.04134,1.04177,1.03997,1.04068,4180
2025-02-27 20:00:00+00:00,1.0407,1.04169,1.0407,1.04167,3169
2025-02-27 21:00:00+00:00,1.04167,1.04171,1.04029,1.04039,3614
2025-02-27 22:00:00+00:00,1.0404,1.0408,1.0401,1.04048,3655
2025-02-27 23:00:00+00:00,1.04047,1.04049,1.03963,1.03973,2071
2025-02-28 00:00:00+00:00,1.03971,1.03988,1.03871,1.03932,378
2025-02-28 01:00:00+00:00,1.03931,1.03999,1.03908,1.03932,1107
2025-02-28 02:00:00+00:00,1.03934,1.04024,1.03932,1.0402,2775
2025-02-28 03:00:00+00:00,1.0402,1.04038,1.03839,1.03844,3738
2025-02-28 04:00:00+00:00,1.03844,1.03912,1.038,1.03819,3343
2025-02-28 05:00:00+00:00,1.0382,1.03891,1.03807,1.03878,2753
2025-02-28 06:00:00+00:00,1.03878,1.03904,1.03856,1.03859,1908
2025-02-28 07:00:00+00:00,1.03861,1.03897,1.03837,1.03884,2075
2025-02-28 08:00:00+00:00,1.03883,1.03887,1.03821,1.03872,3203
2025-02-28 09:00:00+00:00,1.03873,1.04001,1.03852,1.03956,4020
2025-02-28 10:00:00+00:00,1.03956,1.04039,1.03947,1.04007,4150
2025-02-28 11:00:00+00:00,1.04009,1.04074,1.03941,1.03949,3961
2025-02-28 12:00:00+00:00,1.03947,1.04055,1.03919,1.03986,2725
2025-02-28 13:00:00+00:00,1.03987,1.04007,1.0393,1.03982,2540
2025-02-28 14:00:00+00:00,1.03981,1.04074,1.03975,1.04063,3215
2025-02-28 15:00:00+00:00,1.04064,1.04157,1.04047,1.04063,5312
2025-02-28 16:00:00+00:00,1.04063,1.04137,1.04003,1.04093,5684
2025-02-28 17:00:00+00:00,1.04093,1.04195,1.03928,1.03997,6991
2025-02-28 18:00:00+00:00,1.03995,1.04111,1.03974,1.04012,6955
2025-02-28 19:00:00+00:00,1.04014,1.04095,1.03895,1.03959,5260
2025-02-28 20:00:00+00:00,1.03959,1.03978,1.03621,1.0363,7749
2025-02-28 21:00:00+00:00,1.0363,1.03734,1.03594,1.03671,4318
2025-02-28 22:00:00+00:00,1.03673,1.03766,1.03618,1.03745,4574
2025-02-28 23:00:00+00:00,1.0374,1.03765,1.03679,1.03737,2012
2025-03-03 00:00:00+00:00,1.04034,1.04041,1.03989,1.04025,732
2025-03-03 01:00:00+00:00,1.04024,1.04205,1.03992,1.04115,2929
2025-03-03 02:00:00+00:00,1.04115,1.04195,1.04018,1.04088,3782
2025-03-03 03:00:00+00:00,1.04089,1.04227,1.0407,1.04192,3886
2025-03-03 04:00:00+00:00,1.04192,1.04229,1.04144,1.04195,2878
2025-03-03 05:00:00+00:00,1.04193,1.04194,1.04096,1.04165,2922
2025-03-03 06:00:00+00:00,1.04163,1.04201,1.04161,1.04173,1770
2025-03-03 07:00:00+00:00,1.04173,1.0419100000000001,1.0412,1.04139,2156
2025-03-03 08:00:00+00:00,1.04139,1.04159,1.04062,1.04078,2981
2025-03-03 09:00:00+00:00,1.04078,1.04098,1.04013,1.0405,4142
2025-03-03 10:00:00+00:00,1.0405,1.04062,1.0388,1.04005,4983
2025-03-03 11:00:00+00:00,1.04015,1.04284,1.04009,1.04261,3531
2025-03-03 12:00:00+00:00,1.04262,1.04444,1.04262,1.04415,5365
2025-03-03 13:00:00+00:00,1.04415,1.04575,1.04399,1.0452,4512
2025-03-03 14:00:00+00:00,1.04521,1.04756,1.0452,1.047,6106
2025-03-03 15:00:00+00:00,1.047,1.04759,1.04589,1.04716,5101
2025-03-03 16:00:00+00:00,1.04717,1.04904,1.04683,1.04809,5868
2025-03-03 17:00:00+00:00,1.04795,1.05034,1.04762,1.04842,8546
2025-03-03 18:00:00+00:00,1.04842,1.0501,1.04836,1.04956,5165
2025-03-03 19:00:00+00:00,1.04954,1.04963,1.04862,1.049,3600
2025-03-03 20:00:00+00:00,1.04898,1.0503,1.04811,1.04865,4543
2025-03-03 21:00:00+00:00,1.04866,1.04931,1.04718,1.04723,5048
2025-03-03 22:00:00+00:00,1.04721,1.04846,1.04661,1.04817,8094
2025-03-03 23:00:00+00:00,1.04816,1.04922,1.048,1.04856,3236
2025-03-04 00:00:00+00:00,1.0485,1.04877,1.04808,1.04869,623
2025-03-04 01:00:00+00:00,1.04869,1.04918,1.04761,1.04848,1905
2025-03-04 02:00:00+00:00,1.04848,1.04884,1.04761,1.04876,3610
2025-03-04 03:00:00+00:00,1.04875,1.04956,1.04818,1.04878,4836
2025-03-04 04:00:00+00:00,1.04878,1.04896,1.04797,1.04802,2959
2025-03-04 05:00:00+00:00,1.04802,1.04833,1.04743,1.04768,3192
2025-03-04 06:00:00+00:00,1.04769,1.04801,1.04708,1.04776,2651
2025-03-04 07:00:00+00:00,1.04776,1.04858,1.04705,1.04828,4425
2025-03-04 08:00:00+00:00,1.0483,1.04893,1.04785,1.04854,3282
2025-03-04 09:00:00+00:00,1.04856,1.05,1.04804,1.04925,5782
2025-03-04 10:00:00+00:00,1.04923,1.05235,1.04857,1.05182,7209
2025-03-04 11:00:00+00:00,1.05183,1.05268,1.0509,1.05112,5221
2025-03-04 12:00:00+00:00,1.05112,1.0519,1.0502,1.05108,5128
2025-03-04 13:00:00+00:00,1.05108,1.0544,1.05092,1.05438,4720
2025-03-04 14:00:00+00:00,1.05438,1.05562,1.05356,1.05527,5991
2025-03-04 15:00:00+00:00,1.05528,1.05592,1.05304,1.05385,7433
2025-03-04 16:00:00+00:00,1.05385,1.0548,1.05202,1.0521,8607
2025-03-04 17:00:00+00:00,1.0521,1.05276,1.0495700000000001,1.05258,8274
2025-03-04 18:00:00+00:00,1.05257,1.0539,1.05147,1.05331,7246
2025-03-04 19:00:00+00:00,1.05332,1.05435,1.05301,1.05414,6876
2025-03-04 20:00:00+00:00,1.05412,1.05905,1.05372,1.059,8206
2025-03-04 21:00:00+00:00,1.059,1.06016,1.05859,1.06003,5353
2025-03-04 22:00:00+00:00,1.06003,1.06234,1.06003,1.06081,6119
2025-03-04 23:00:00+00:00,1.06084,1.06269,1.0608,1.06249,4603
2025-03-05 00:00:00+00:00,1.06249,1.06249,1.06164,1.06192,825
2025-03-05 01:00:00+00:00,1.06192,1.0636700000000001,1.06187,1.06228,2579
2025-03-05 02:00:00+00:00,1.06227,1.06269,1.06103,1.06205,4269
2025-03-05 03:00:00+00:00,1.06203,1.06271,1.06086,1.06122,6817
2025-03-05 04:00:00+00:00,1.06122,1.06152,1.06033,1.06036,4533
2025-03-05 05:00:00+00:00,1.06035,1.06196,1.06015,1.06177,5262
2025-03-05 06:00:00+00:00,1.06177,1.0625499999999999,1.06149,1.06184,3364
2025-03-05 07:00:00+00:00,1.06185,1.06319,1.06183,1.06309,3072
2025-03-05 08:00:00+00:00,1.06309,1.06384,1.06238,1.06318,4033
2025-03-05 09:00:00+00:00,1.0632,1.06758,1.06292,1.0674,8275
2025-03-05 10:00:00+00:00,1.06739,1.06992,1.06582,1.06973,9095
2025-03-05 11:00:00+00:00,1.06976,1.07215,1.06952,1.07112,7890
2025-03-05 12:00:00+00:00,1.07113,1.07147,1.06831,1.06967,5915
2025-03-05 13:00:00+00:00,1.06967,1.0698,1.06759,1.06782,4902
2025-03-05 14:00:00+00:00,1.06784,1.07136,1.06781,1.06952,6432
2025-03-05 15:00:00+00:00,1.06953,1.07218,1.06855,1.07152,9660
2025-03-05 16:00:00+00:00,1.07152,1.07766,1.07134,1.07682,11271
2025-03-05 17:00:00+00:00,1.07681,1.07702,1.07405,1.07646,12427
2025-03-05 18:00:00+00:00,1.07646,1.07862,1.07606,1.0766499999999999,9791
2025-03-05 19:00:00+00:00,1.07663,1.07874,1.07618,1.07846,8545
2025-03-05 20:00:00+00:00,1.07846,1.07881,1.07634,1.07731,8390
2025-03-05 21:00:00+00:00,1.07732,1.07904,1.07694,1.07897,5725
2025-03-05 22:00:00+00:00,1.07897,1.07962,1.07872,1.07917,4696
2025-03-05 23:00:00+00:00,1.07916,1.07923,1.0785,1.07864,2560
2025-03-06 00:00:00+00:00,1.07862,1.0792,1.07836,1.07892,413
2025-03-06 01:00:00+00:00,1.07892,1.07945,1.07868,1.07936,1448
2025-03-06 02:00:00+00:00,1.07936,1.08025,1.07866,1.07939,3486
2025-03-06 03:00:00+00:00,1.07939,1.08196,1.07889,1.08147,4777
2025-03-06 04:00:00+00:00,1.08147,1.0818699999999999,1.07973,1.08045,4476
2025-03-06 05:00:00+00:00,1.08047,1.08047,1.07877,1.07891,3703
2025-03-06 06:00:00+00:00,1.07889,1.08038,1.07836,1.0803,2408
2025-03-06 07:00:00+00:00,1.08032,1.08113,1.07996,1.08098,3159
2025-03-06 08:00:00+00:00,1.08099,1.08195,1.07986,1.0802100000000001,4082
2025-03-06 09:00:00+00:00,1.08022,1.08218,1.07914,1.07985,8753
2025-03-06 10:00:00+00:00,1.07986,1.08163,1.07927,1.08006,10809
2025-03-06 11:00:00+00:00,1.08005,1.08063,1.07799,1.07992,7852
2025-03-06 12:00:00+00:00,1.07994,1.0803,1.07824,1.07914,5612
2025-03-06 13:00:00+00:00,1.07914,1.08005,1.07826,1.07987,4813
2025-03-06 14:00:00+00:00,1.07987,1.08064,1.07876,1.07995,4936
2025-03-06 15:00:00+00:00,1.07997,1.08448,1.07903,1.08255,10161
2025-03-06 16:00:00+00:00,1.08257,1.08406,1.08107,1.08366,13079
2025-03-06 17:00:00+00:00,1.08366,1.08532,1.0811,1.08166,10852
2025-03-06 18:00:00+00:00,1.08166,1.08371,1.08147,1.08171,10108
2025-03-06 19:00:00+00:00,1.0817,1.08218,1.0791,1.07967,7353
2025-03-06 20:00:00+00:00,1.07965,1.08013,1.07652,1.07831,5482
2025-03-06 21:00:00+00:00,1.07832,1.0811,1.07822,1.08011,5436
2025-03-06 22:00:00+00:00,1.0801,1.08028,1.0785,1.07859,4268
2025-03-06 23:00:00+00:00,1.07863,1.07898,1.07744,1.07788,2400
2025-03-07 00:00:00+00:00,1.07786,1.07904,1.07769,1.0788,961
2025-03-07 01:00:00+00:00,1.0788,1.07957,1.0784,1.07866,1355
2025-03-07 02:00:00+00:00,1.07866,1.0795,1.07864,1.07871,2222
2025-03-07 03:00:00+00:00,1.07872,1.07923,1.07807,1.07896,3634
2025-03-07 04:00:00+00:00,1.07895,1.07989,1.07842,1.07987,3108
2025-03-07 05:00:00+00:00,1.07988,1.08142,1.07958,1.08052,2972
2025-03-07 06:00:00+00:00,1.08052,1.08127,1.08024,1.08125,1899
2025-03-07 07:00:00+00:00,1.0812599999999999,1.08171,1.0807,1.08128,2344
2025-03-07 08:00:00+00:00,1.08127,1.08247,1.08075,1.0823,3719
2025-03-07 09:00:00+00:00,1.08227,1.08402,1.08195,1.08293,5924
2025-03-07 10:00:00+00:00,1.08294,1.08546,1.08256,1.08504,7262
2025-03-07 11:00:00+00:00,1.08501,1.08708,1.0844,1.08609,6359
2025-03-07 12:00:00+00:00,1.08609,1.0866500000000001,1.08569,1.08601,5348
2025-03-07 13:00:00+00:00,1.086,1.086,1.08441,1.08489,4878
2025-03-07 14:00:00+00:00,1.08483,1.08567,1.08406,1.0854,5980
2025-03-07 15:00:00+00:00,1.0854,1.08881,1.08425,1.08444,12009
2025-03-07 16:00:00+00:00,1.08442,1.08815,1.08436,1.08531,11709
2025-03-07 17:00:00+00:00,1.08531,1.08861,1.08349,1.08697,10959
2025-03-07 18:00:00+00:00,1.08696,1.08723,1.0836999999999999,1.08582,7659
2025-03-07 19:00:00+00:00,1.08581,1.08638,1.08314,1.08427,7933
2025-03-07 20:00:00+00:00,1.08426,1.08438,1.0825,1.08395,6404
2025-03-07 21:00:00+00:00,1.08395,1.08436,1.08327,1.0842,5083
2025-03-07 22:00:00+00:00,1.0842,1.08486,1.08395,1.08467,4104
2025-03-07 23:00:00+00:00,1.08467,1.08507,1.08315,1.08328,1774
2025-03-09 23:00:00+00:00,1.08301,1.0838700000000001,1.08258,1.08371,461
2025-03-10 00:00:00+00:00,1.08381,1.08591,1.08372,1.08491,3156
2025-03-10 01:00:00+00:00,1.08494,1.08648,1.0848,1.08594,2825
2025-03-10 02:00:00+00:00,1.08595,1.08666,1.08523,1.08635,3908
2025-03-10 03:00:00+00:00,1.08636,1.08707,1.08521,1.08524,4494
2025-03-10 04:00:00+00:00,1.08525,1.08554,1.08352,1.08365,3660
2025-03-10 05:00:00+00:00,1.08363,1.08381,1.08296,1.0831,3058
2025-03-10 06:00:00+00:00,1.08312,1.08371,1.08298,1.08302,2198
2025-03-10 07:00:00+00:00,1.08301,1.08352,1.08275,1.08345,3030
2025-03-10 08:00:00+00:00,1.08345,1.08443,1.0834,1.08365,4353
2025-03-10 09:00:00+00:00,1.08371,1.08436,1.08104,1.08219,6405
2025-03-10 10:00:00+00:00,1.08224,1.08238,1.08045,1.08094,8695
2025-03-10 11:00:00+00:00,1.08095,1.08561,1.0808200000000001,1.08505,7354
2025-03-10 12:00:00+00:00,1.08506,1.08741,1.08501,1.08606,6336
2025-03-10 13:00:00+00:00,1.08607,1.08639,1.08119,1.08501,8032
2025-03-10 14:00:00+00:00,1.08505,1.08597,1.08414,1.08435,6496
2025-03-10 15:00:00+00:00,1.08435,1.08503,1.08328,1.08345,6704
2025-03-10 16:00:00+00:00,1.08345,1.08462,1.0831,1.08448,7411
2025-03-10 17:00:00+00:00,1.08448,1.08475,1.08202,1.08367,7464
2025-03-10 18:00:00+00:00,1.08365,1.08413,1.08273,1.08299,5836
2025-03-10 19:00:00+00:00,1.08297,1.0845,1.08252,1.08293,5475
2025-03-10 20:00:00+00:00,1.08293,1.08348,1.08172,1.08293,4602
2025-03-10 21:00:00+00:00,1.08292,1.08324,1.08171,1.08312,3933
2025-03-10 22:00:00+00:00,1.08313,1.08356,1.0825,1.0832600000000001,2609
2025-03-10 23:00:00+00:00,1.08321,1.08354,1.08259,1.08344,275
2025-03-11 00:00:00+00:00,1.08337,1.0841,1.08325,1.0834,1151
2025-03-11 01:00:00+00:00,1.08347,1.0843,1.08345,1.08388,1948
2025-03-11 02:00:00+00:00,1.08388,1.08531,1.08386,1.08508,3901
2025-03-11 03:00:00+00:00,1.08509,1.08583,1.0843099999999999,1.08574,4930
2025-03-11 04:00:00+00:00,1.08575,1.08599,1.08495,1.08554,4302
2025-03-11 05:00:00+00:00,1.08554,1.08594,1.08483,1.08537,3166
2025-03-11 06:00:00+00:00,1.08536,1.0861,1.08498,1.08538,2558
2025-03-11 07:00:00+00:00,1.08538,1.08551,1.0835,1.08379,3189
2025-03-11 08:00:00+00:00,1.0838,1.08753,1.0836,1.08559,6171
2025-03-11 09:00:00+00:00,1.0856,1.09011,1.08547,1.089,8690
2025-03-11 10:00:00+00:00,1.089,1.09187,1.08843,1.09168,8162
2025-03-11 11:00:00+00:00,1.09166,1.09203,1.08956,1.0908,5842
2025-03-11 12:00:00+00:00,1.09079,1.09079,1.08819,1.089,4499
2025-03-11 13:00:00+00:00,1.08899,1.09042,1.08807,1.0904,4431
2025-03-11 14:00:00+00:00,1.0904,1.092,1.09018,1.09176,6641
2025-03-11 15:00:00+00:00,1.09176,1.09301,1.0911,1.09192,7588
2025-03-11 16:00:00+00:00,1.09187,1.092,1.08945,1.09186,11223
2025-03-11 17:00:00+00:00,1.09186,1.09282,1.09116,1.09268,7177
2025-03-11 18:00:00+00:00,1.09267,1.09289,1.09174,1.09245,5436
2025-03-11 19:00:00+00:00,1.09246,1.09345,1.09236,1.09337,4731
2025-03-11 20:00:00+00:00,1.09338,1.09467,1.09246,1.09303,7374
2025-03-11 21:00:00+00:00,1.09304,1.09334,1.09191,1.09194,4611
2025-03-11 22:00:00+00:00,1.09194,1.09205,1.09098,1.09177,1925
2025-03-11 23:00:00+00:00,1.09177,1.09183,1.09084,1.09098,549
2025-03-12 00:00:00+00:00,1.091,1.09181,1.091,1.09151,1038
2025-03-12 01:00:00+00:00,1.09151,1.09172,1.09125,1.0913599999999999,1712
2025-03-12 02:00:00+00:00,1.0913599999999999,1.09152,1.09051,1.09083,2307
2025-03-12 03:00:00+00:00,1.09085,1.09149,1.09056,1.0906,3797
2025-03-12 04:00:00+00:00,1.0906,1.0911,1.0903100000000001,1.09033,2951
2025-03-12 05:00:00+00:00,1.09034,1.09044,1.08957,1.08967,2126
2025-03-12 06:00:00+00:00,1.08968,1.09021,1.08954,1.08983,2001
2025-03-12 07:00:00+00:00,1.08984,1.09038,1.08947,1.0903100000000001,2928
2025-03-12 08:00:00+00:00,1.0903,1.09084,1.08915,1.08917,3896
2025-03-12 09:00:00+00:00,1.08918,1.09027,1.08869,1.09013,5374
2025-03-12 10:00:00+00:00,1.09013,1.09212,1.08972,1.09209,7954
2025-03-12 11:00:00+00:00,1.09211,1.09261,1.0913,1.09139,6354
2025-03-12 12:00:00+00:00,1.0914,1.09205,1.0904,1.09056,4023
2025-03-12 13:00:00+00:00,1.09056,1.09125,1.0899,1.09004,4710
2025-03-12 14:00:00+00:00,1.09004,1.0931,1.08757,1.08775,11249
2025-03-12 15:00:00+00:00,1.08776,1.08958,1.08752,1.08819,10010
2025-03-12 16:00:00+00:00,1.08819,1.09131,1.08807,1.09123,7615
2025-03-12 17:00:00+00:00,1.09122,1.09238,1.09094,1.09238,6603
2025-03-12 18:00:00+00:00,1.09237,1.09273,1.09052,1.09053,5410
2025-03-12 19:00:00+00:00,1.09053,1.09137,1.09027,1.09064,4409
2025-03-12 20:00:00+00:00,1.09064,1.09091,1.08793,1.0884,4116
2025-03-12 21:00:00+00:00,1.08841,1.08973,1.08826,1.08898,4061
2025-03-12 22:00:00+00:00,1.08897,1.08931,1.08857,1.0887,1864
2025-03-12 23:00:00+00:00,1.08869,1.0889,1.08816,1.08845,315
2025-03-13 00:00:00+00:00,1.08847,1.08896,1.08837,1.08887,568
2025-03-13 01:00:00+00:00,1.08887,1.08896,1.0883,1.08849,831
2025-03-13 02:00:00+00:00,1.08849,1.08913,1.08821,1.0890900000000001,1795
2025-03-13 03:00:00+00:00,1.08912,1.08928,1.0886,1.08886,2924
2025-03-13 04:00:00+00:00,1.08885,1.08967,1.08883,1.08951,2624
2025-03-13 05:00:00+00:00,1.08952,1.08952,1.08844,1.08844,1731
2025-03-13 06:00:00+00:00,1.08844,1.08929,1.08812,1.08929,1803
2025-03-13 07:00:00+00:00,1.08928,1.08929,1.0878700000000001,1.0884800000000001,2615
2025-03-13 08:00:00+00:00,1.08847,1.08851,1.08689,1.0874,3808
2025-03-13 09:00:00+00:00,1.0874,1.08846,1.08592,1.08648,5421
2025-03-13 10:00:00+00:00,1.08648,1.08833,1.08585,1.08728,7369
2025-03-13 11:00:00+00:00,1.08727,1.0885,1.08683,1.08789,5169
2025-03-13 12:00:00+00:00,1.08792,1.08824,1.08616,1.08694,4551
2025-03-13 13:00:00+00:00,1.08695,1.08733,1.08439,1.08555,6496
2025-03-13 14:00:00+00:00,1.08556,1.08763,1.08256,1.08341,10208
2025-03-13 15:00:00+00:00,1.08342,1.08528,1.08219,1.0847,7726
2025-03-13 16:00:00+00:00,1.08469,1.08692,1.08456,1.08646,8010
2025-03-13 17:00:00+00:00,1.08645,1.08714,1.08532,1.08581,8682
2025-03-13 18:00:00+00:00,1.08581,1.08778,1.08548,1.0872,6581
2025-03-13 19:00:00+00:00,1.0872,1.0873,1.08539,1.0854300000000001,5244
2025-03-13 20:00:00+00:00,1.08544,1.08574,1.08515,1.08531,4648
2025-03-13 21:00:00+00:00,1.0853,1.08565,1.0847,1.08478,4050
2025-03-13 22:00:00+00:00,1.08478,1.08552,1.08459,1.08508,1612
2025-03-13 23:00:00+00:00,1.08509,1.08547,1.08418,1.08509,477
2025-03-14 00:00:00+00:00,1.08518,1.08551,1.08506,1.08518,729
2025-03-14 01:00:00+00:00,1.08519,1.08547,1.08496,1.08544,1329
2025-03-14 02:00:00+00:00,1.08544,1.08582,1.08477,1.08485,2877
2025-03-14 03:00:00+00:00,1.08485,1.08488,1.08401,1.08403,2943
2025-03-14 04:00:00+00:00,1.08403,1.08427,1.08337,1.08397,2389
2025-03-14 05:00:00+00:00,1.08397,1.08454,1.08373,1.08451,2665
2025-03-14 06:00:00+00:00,1.08451,1.08456,1.08371,1.08404,2052
2025-03-14 07:00:00+00:00,1.08404,1.08509,1.08402,1.08501,2550
2025-03-14 08:00:00+00:00,1.085,1.08501,1.08346,1.08379,3255
2025-03-14 09:00:00+00:00,1.08379,1.08467,1.08301,1.08385,6273
2025-03-14 10:00:00+00:00,1.08385,1.08564,1.08348,1.08533,5846
2025-03-14 11:00:00+00:00,1.08534,1.08616,1.08465,1.08515,4920
2025-03-14 12:00:00+00:00,1.08516,1.09122,1.08511,1.08946,8909
2025-03-14 13:00:00+00:00,1.08945,1.09089,1.08869,1.08961,9089
2025-03-14 14:00:00+00:00,1.08962,1.09109,1.08895,1.08943,6154
2025-03-14 15:00:00+00:00,1.08941,1.08974,1.08698,1.0873599999999999,6863
2025-03-14 16:00:00+00:00,1.08735,1.08859,1.0865,1.08772,7818
2025-03-14 17:00:00+00:00,1.08773,1.08862,1.08664,1.0871,6602
2025-03-14 18:00:00+00:00,1.08711,1.08894,1.08699,1.08825,4606
2025-03-14 19:00:00+00:00,1.08825,1.08876,1.08785,1.08818,3168
2025-03-14 20:00:00+00:00,1.08818,1.08859,1.08729,1.08796,3176
2025-03-14 21:00:00+00:00,1.08795,1.0884,1.08777,1.08826,2599
2025-03-14 22:00:00+00:00,1.08824,1.08852,1.0872600000000001,1.0873,1209
2025-03-16 23:00:00+00:00,1.08777,1.08804,1.08755,1.08789,475
2025-03-17 00:00:00+00:00,1.0879,1.08847,1.0874,1.08807,1755
2025-03-17 01:00:00+00:00,1.08811,1.08845,1.0878700000000001,1.0879,1419
2025-03-17 02:00:00+00:00,1.0879,1.08822,1.08749,1.0879,1853
2025-03-17 03:00:00+00:00,1.08791,1.08898,1.0873599999999999,1.08822,2946
2025-03-17 04:00:00+00:00,1.08821,1.08853,1.08789,1.08806,1877
2025-03-17 05:00:00+00:00,1.08805,1.08858,1.08763,1.0883099999999999,1619
2025-03-17 06:00:00+00:00,1.0883,1.08934,1.08772,1.08815,2178
2025-03-17 07:00:00+00:00,1.08815,1.08818,1.08732,1.0877,1766
2025-03-17 08:00:00+00:00,1.08771,1.08839,1.08729,1.08771,2655
2025-03-17 09:00:00+00:00,1.08772,1.08839,1.0868,1.08756,4603
2025-03-17 10:00:00+00:00,1.08759,1.08864,1.087,1.0883099999999999,5378
2025-03-17 11:00:00+00:00,1.0883,1.08999,1.08765,1.08994,4296
2025-03-17 12:00:00+00:00,1.08993,1.09093,1.08959,1.09072,3590
2025-03-17 13:00:00+00:00,1.09073,1.09114,1.08956,1.09015,3035
2025-03-17 14:00:00+00:00,1.0901399999999999,1.09083,1.08868,1.09013,7050
2025-03-17 15:00:00+00:00,1.09013,1.0906,1.08966,1.09043,6401
2025-03-17 16:00:00+00:00,1.09043,1.09183,1.09015,1.09157,5910
2025-03-17 17:00:00+00:00,1.09156,1.09292,1.0915300000000001,1.0921,5069
2025-03-17 18:00:00+00:00,1.09211,1.0925799999999999,1.09139,1.09206,3740
2025-03-17 19:00:00+00:00,1.09206,1.09233,1.0911,1.09135,3337
2025-03-17 20:00:00+00:00,1.09135,1.0926,1.09122,1.09251,3006
2025-03-17 21:00:00+00:00,1.0925,1.0925,1.09179,1.092,1761
2025-03-17 22:00:00+00:00,1.09205,1.09272,1.09199,1.09216,1243
2025-03-17 23:00:00+00:00,1.09205,1.09218,1.09174,1.09215,434
2025-03-18 00:00:00+00:00,1.09219,1.09222,1.09185,1.09206,697
2025-03-18 01:00:00+00:00,1.09206,1.09212,1.09175,1.09175,1107
2025-03-18 02:00:00+00:00,1.09175,1.09206,1.09144,1.09154,2245
2025-03-18 03:00:00+00:00,1.09155,1.09185,1.09116,1.09128,2711
2025-03-18 04:00:00+00:00,1.09128,1.09155,1.0907499999999999,1.0908,2286
2025-03-18 05:00:00+00:00,1.0908,1.09106,1.09057,1.09077,1560
2025-03-18 06:00:00+00:00,1.09078,1.09111,1.0907499999999999,1.09105,1134
2025-03-18 07:00:00+00:00,1.09106,1.09127,1.09068,1.09073,1410
2025-03-18 08:00:00+00:00,1.0907499999999999,1.09208,1.0903,1.09202,2598
2025-03-18 09:00:00+00:00,1.09201,1.09362,1.09157,1.09346,4067
2025-03-18 10:00:00+00:00,1.09346,1.09542,1.09324,1.09511,5077
2025-03-18 11:00:00+00:00,1.09511,1.09528,1.0939,1.0949200000000001,4278
2025-03-18 12:00:00+00:00,1.09493,1.09515,1.09312,1.09336,5180
2025-03-18 13:00:00+00:00,1.09336,1.09367,1.09137,1.09159,4450
2025-03-18 14:00:00+00:00,1.09159,1.09233,1.08919,1.09109,4912
2025-03-18 15:00:00+00:00,1.0911,1.09204,1.0901,1.0912,5726
2025-03-18 16:00:00+00:00,1.09121,1.09192,1.09063,1.09162,5317
2025-03-18 17:00:00+00:00,1.09168,1.09336,1.08961,1.09261,7150
2025-03-18 18:00:00+00:00,1.09261,1.09394,1.0923,1.09382,4592
2025-03-18 19:00:00+00:00,1.09382,1.09513,1.09382,1.09494,4308
2025-03-18 20:00:00+00:00,1.09495,1.09507,1.094,1.09438,2803
2025-03-18 21:00:00+00:00,1.09435,1.09493,1.09409,1.09459,2255
2025-03-18 22:00:00+00:00,1.09459,1.09484,1.09423,1.09439,1054
2025-03-18 23:00:00+00:00,1.0943100000000001,1.09455,1.09404,1.0944,555
2025-03-19 00:00:00+00:00,1.0944099999999999,1.09457,1.09398,1.09415,764
2025-03-19 01:00:00+00:00,1.09415,1.09433,1.09372,1.0937999999999999,721
2025-03-19 02:00:00+00:00,1.0937999999999999,1.09385,1.09314,1.0934,1772
2025-03-19 03:00:00+00:00,1.0934,1.09368,1.0933,1.09366,1648
2025-03-19 04:00:00+00:00,1.09366,1.09445,1.09349,1.09403,1642
2025-03-19 05:00:00+00:00,1.09403,1.0943100000000001,1.09323,1.09376,1377
2025-03-19 06:00:00+00:00,1.09375,1.09375,1.09275,1.09293,1002
2025-03-19 07:00:00+00:00,1.09293,1.09358,1.09293,1.09307,1663
2025-03-19 08:00:00+00:00,1.09308,1.0931899999999999,1.09201,1.09202,2817
2025-03-19 09:00:00+00:00,1.09203,1.09227,1.0872600000000001,1.08921,6899
2025-03-19 10:00:00+00:00,1.0892,1.091,1.08915,1.09066,5252
2025-03-19 11:00:00+00:00,1.09067,1.09097,1.08951,1.09016,4139
2025-03-19 12:00:00+00:00,1.09017,1.09039,1.08908,1.08992,3287
2025-03-19 13:00:00+00:00,1.08994,1.09126,1.08932,1.09079,3714
2025-03-19 14:00:00+00:00,1.09081,1.09171,1.08987,1.09006,5409
2025-03-19 15:00:00+00:00,1.09008,1.09033,1.08922,1.08939,5651
2025-03-19 16:00:00+00:00,1.08939,1.09001,1.08813,1.08833,5146
2025-03-19 17:00:00+00:00,1.08834,1.08873,1.08749,1.08763,4410
2025-03-19 18:00:00+00:00,1.08764,1.08858,1.08755,1.08845,3452
2025-03-19 19:00:00+00:00,1.08845,1.08847,1.08601,1.08645,4294
2025-03-19 20:00:00+00:00,1.08645,1.09127,1.08621,1.09074,11819
2025-03-19 21:00:00+00:00,1.09073,1.09123,1.08844,1.08983,7811
2025-03-19 22:00:00+00:00,1.08977,1.09055,1.08952,1.09006,1423
2025-03-19 23:00:00+00:00,1.09003,1.09048,1.08957,1.09048,221
2025-03-20 00:00:00+00:00,1.09047,1.09126,1.0903,1.09078,1191
2025-03-20 01:00:00+00:00,1.09079,1.09113,1.09045,1.09111,1276
2025-03-20 02:00:00+00:00,1.0911,1.09161,1.09032,1.09119,2857
2025-03-20 03:00:00+00:00,1.09119,1.09127,1.09033,1.09054,3326
2025-03-20 04:00:00+00:00,1.09054,1.09168,1.09049,1.09085,3150
2025-03-20 05:00:00+00:00,1.09084,1.0913599999999999,1.09064,1.09091,2236
2025-03-20 06:00:00+00:00,1.09091,1.09101,1.08996,1.09027,1652
2025-03-20 07:00:00+00:00,1.09026,1.09029,1.08903,1.0895,1740
2025-03-20 08:00:00+00:00,1.08949,1.08983,1.08891,1.08931,2945
2025-03-20 09:00:00+00:00,1.08928,1.08938,1.08643,1.0878700000000001,4676
2025-03-20 10:00:00+00:00,1.08786,1.08852,1.08625,1.08648,6049
2025-03-20 11:00:00+00:00,1.08647,1.0868,1.08377,1.08516,6089
2025-03-20 12:00:00+00:00,1.08517,1.08542,1.08327,1.08452,6107
2025-03-20 13:00:00+00:00,1.08456,1.08513,1.0838700000000001,1.08487,3854
2025-03-20 14:00:00+00:00,1.08486,1.08552,1.08305,1.08333,5953
2025-03-20 15:00:00+00:00,1.08332,1.08385,1.08142,1.08244,6395
2025-03-20 16:00:00+00:00,1.08242,1.08381,1.08222,1.0829,5257
2025-03-20 17:00:00+00:00,1.0829,1.08489,1.08229,1.08467,5164
2025-03-20 18:00:00+00:00,1.08468,1.08518,1.08417,1.0848200000000001,3920
2025-03-20 19:00:00+00:00,1.0848200000000001,1.08514,1.08385,1.0844,2839
2025-03-20 20:00:00+00:00,1.0844,1.0849,1.08414,1.08477,2471
2025-03-20 21:00:00+00:00,1.08478,1.08539,1.08466,1.08525,2186
2025-03-20 22:00:00+00:00,1.08526,1.08586,1.08465,1.08467,1000
2025-03-20 23:00:00+00:00,1.08467,1.08541,1.0843,1.0853,244
2025-03-21 00:00:00+00:00,1.08534,1.08581,1.08528,1.08566,867
2025-03-21 01:00:00+00:00,1.08566,1.08572,1.08527,1.08527,792
2025-03-21 02:00:00+00:00,1.08527,1.08582,1.08502,1.08526,1696
2025-03-21 03:00:00+00:00,1.08525,1.08551,1.0848,1.08518,2612
2025-03-21 04:00:00+00:00,1.08517,1.08546,1.08418,1.08436,2436
2025-03-21 05:00:00+00:00,1.08436,1.08458,1.08329,1.08341,1756
2025-03-21 06:00:00+00:00,1.08341,1.08361,1.0827,1.08297,1426
2025-03-21 07:00:00+00:00,1.08296,1.08297,1.08193,1.0828,2431
2025-03-21 08:00:00+00:00,1.08282,1.08368,1.08237,1.08336,2968
2025-03-21 09:00:00+00:00,1.08336,1.08413,1.0826500000000001,1.08383,3664
2025-03-21 10:00:00+00:00,1.08384,1.08451,1.08234,1.08357,4417
2025-03-21 11:00:00+00:00,1.08356,1.08384,1.08242,1.08253,3147
2025-03-21 12:00:00+00:00,1.08255,1.08384,1.08255,1.08363,3127
2025-03-21 13:00:00+00:00,1.08363,1.0851,1.08345,1.08505,3399
2025-03-21 14:00:00+00:00,1.08504,1.08609,1.08294,1.08319,4528
2025-03-21 15:00:00+00:00,1.08317,1.08355,1.08249,1.08316,4517
2025-03-21 16:00:00+00:00,1.08317,1.08352,1.08181,1.08233,5020
2025-03-21 17:00:00+00:00,1.08233,1.08293,1.0796999999999999,1.08058,6047
2025-03-21 18:00:00+00:00,1.08059,1.08246,1.0804,1.08176,6505
2025-03-21 19:00:00+00:00,1.08176,1.08251,1.08048,1.08222,4689
2025-03-21 20:00:00+00:00,1.08222,1.08264,1.08142,1.08205,3355
2025-03-21 21:00:00+00:00,1.08206,1.0824,1.08148,1.08173,3192
2025-03-21 22:00:00+00:00,1.08172,1.08172,1.0811,1.08127,1593
2025-03-23 23:00:00+00:00,1.08121,1.08161,1.08111,1.08151,277
2025-03-24 00:00:00+00:00,1.08171,1.08296,1.08161,1.08192,1697
2025-03-24 01:00:00+00:00,1.08194,1.08367,1.08184,1.08357,1675
2025-03-24 02:00:00+00:00,1.08355,1.08395,1.0832,1.08369,2735
2025-03-24 03:00:00+00:00,1.08367,1.08371,1.08223,1.08257,4324
2025-03-24 04:00:00+00:00,1.08257,1.08316,1.08239,1.08244,3006
2025-03-24 05:00:00+00:00,1.08243,1.08289,1.08195,1.08197,2778
2025-03-24 06:00:00+00:00,1.08197,1.0824,1.08166,1.08224,1833
2025-03-24 07:00:00+00:00,1.08224,1.08304,1.08178,1.08287,2994
2025-03-24 08:00:00+00:00,1.08286,1.08443,1.08275,1.08392,3787
2025-03-24 09:00:00+00:00,1.08391,1.08495,1.0832600000000001,1.08376,4796
2025-03-24 10:00:00+00:00,1.08378,1.08577,1.0836999999999999,1.08425,7336
2025-03-24 11:00:00+00:00,1.08428,1.08446,1.08279,1.0839,5461
2025-03-24 12:00:00+00:00,1.08394,1.0854300000000001,1.0836,1.08475,5107
2025-03-24 13:00:00+00:00,1.08476,1.0849,1.08317,1.0832,4007
2025-03-24 14:00:00+00:00,1.08319,1.08341,1.08211,1.08291,4603
2025-03-24 15:00:00+00:00,1.08293,1.08303,1.07921,1.0793,6751
2025-03-24 16:00:00+00:00,1.07928,1.08198,1.0789900000000001,1.07989,6979
2025-03-24 17:00:00+00:00,1.0799,1.08047,1.07902,1.07932,5996
2025-03-24 18:00:00+00:00,1.07933,1.08068,1.07811,1.07915,5177
2025-03-24 19:00:00+00:00,1.07914,1.07958,1.07844,1.07873,3717
2025-03-24 20:00:00+00:00,1.0787,1.08128,1.07835,1.08045,4170
2025-03-24 21:00:00+00:00,1.08048,1.08067,1.07968,1.08017,1868
2025-03-24 22:00:00+00:00,1.08015,1.08058,1.07995,1.08001,1384
2025-03-24 23:00:00+00:00,1.07999,1.08008,1.07943,1.07989,581
2025-03-25 00:00:00+00:00,1.0799,1.08022,1.07945,1.0802,844
2025-03-25 01:00:00+00:00,1.0802100000000001,1.08033,1.08,1.0802,846
2025-03-25 02:00:00+00:00,1.0802,1.08022,1.07955,1.07999,2106
2025-03-25 03:00:00+00:00,1.07999,1.0808,1.07996,1.08017,2754
2025-03-25 04:00:00+00:00,1.08019,1.08046,1.07937,1.07961,2723
2025-03-25 05:00:00+00:00,1.0796000000000001,1.08031,1.07954,1.08025,2087
2025-03-25 06:00:00+00:00,1.08026,1.08085,1.0802100000000001,1.0803,2060
2025-03-25 07:00:00+00:00,1.08029,1.08067,1.08008,1.08026,1773
2025-03-25 08:00:00+00:00,1.08025,1.08041,1.07922,1.07943,2592
2025-03-25 09:00:00+00:00,1.07941,1.08017,1.07845,1.07869,4382
2025-03-25 10:00:00+00:00,1.07869,1.07919,1.07764,1.079,5265
2025-03-25 11:00:00+00:00,1.079,1.08035,1.0787,1.08,4924
2025-03-25 12:00:00+00:00,1.08,1.08241,1.07995,1.08198,5198
2025-03-25 13:00:00+00:00,1.08199,1.08272,1.08104,1.08174,4746
2025-03-25 14:00:00+00:00,1.08173,1.08297,1.08152,1.08245,5274
2025-03-25 15:00:00+00:00,1.08247,1.08274,1.08133,1.08145,6169
2025-03-25 16:00:00+00:00,1.0815,1.08214,1.08014,1.08122,7835
2025-03-25 17:00:00+00:00,1.08123,1.08192,1.07967,1.08027,6226
2025-03-25 18:00:00+00:00,1.08028,1.08128,1.08015,1.08061,4814
2025-03-25 19:00:00+00:00,1.0806499999999999,1.08164,1.08055,1.08092,2935
2025-03-25 20:00:00+00:00,1.0809,1.0809,1.07966,1.07979,3678
2025-03-25 21:00:00+00:00,1.07981,1.08015,1.07903,1.07949,3363
2025-03-25 22:00:00+00:00,1.07948,1.07953,1.07894,1.079,1369
2025-03-25 23:00:00+00:00,1.07895,1.07919,1.07852,1.0789900000000001,178
2025-03-26 00:00:00+00:00,1.07901,1.07926,1.07874,1.07881,864
2025-03-26 01:00:00+00:00,1.07881,1.07885,1.07849,1.07884,832
2025-03-26 02:00:00+00:00,1.07885,1.07919,1.07831,1.0783800000000001,2264
2025-03-26 03:00:00+00:00,1.0783800000000001,1.0795,1.07775,1.0793,3600
2025-03-26 04:00:00+00:00,1.07929,1.07967,1.07897,1.07949,2253
2025-03-26 05:00:00+00:00,1.07947,1.07958,1.07834,1.07856,1926
2025-03-26 06:00:00+00:00,1.07857,1.07874,1.07805,1.0783800000000001,1566
2025-03-26 07:00:00+00:00,1.07837,1.07866,1.07774,1.07849,2332
2025-03-26 08:00:00+00:00,1.0784799999999999,1.07879,1.07816,1.07867,2445
2025-03-26 09:00:00+00:00,1.07861,1.0791,1.07808,1.07857,5132
2025-03-26 10:00:00+00:00,1.07855,1.07993,1.0784799999999999,1.07989,6191
2025-03-26 11:00:00+00:00,1.07987,1.08023,1.07924,1.07955,3956
2025-03-26 12:00:00+00:00,1.07954,1.08012,1.07861,1.07914,3770
2025-03-26 13:00:00+00:00,1.07913,1.07974,1.07883,1.07916,3348
2025-03-26 14:00:00+00:00,1.07917,1.07932,1.07813,1.07839,5992
2025-03-26 15:00:00+00:00,1.07839,1.07902,1.0767,1.07741,6719
2025-03-26 16:00:00+00:00,1.0774,1.07949,1.0772599999999999,1.07902,6843
2025-03-26 17:00:00+00:00,1.07901,1.07941,1.07671,1.07803,5090
2025-03-26 18:00:00+00:00,1.07806,1.07913,1.07765,1.07871,5084
2025-03-26 19:00:00+00:00,1.07873,1.0789,1.07514,1.07561,6905
2025-03-26 20:00:00+00:00,1.07563,1.0761,1.07526,1.07546,4038
2025-03-26 21:00:00+00:00,1.07547,1.07553,1.07435,1.07508,3102
2025-03-26 22:00:00+00:00,1.07509,1.07562,1.07501,1.07522,1682
2025-03-26 23:00:00+00:00,1.07513,1.07551,1.0734,1.07358,871
2025-03-27 00:00:00+00:00,1.07359,1.07442,1.07326,1.07369,2246
2025-03-27 01:00:00+00:00,1.07366,1.07442,1.0735,1.07407,2109
2025-03-27 02:00:00+00:00,1.07407,1.07572,1.07405,1.07551,2643
2025-03-27 03:00:00+00:00,1.07552,1.07685,1.07547,1.07647,3210
2025-03-27 04:00:00+00:00,1.07649,1.07796,1.07645,1.07753,2398
2025-03-27 05:00:00+00:00,1.07753,1.07793,1.07724,1.07775,1548
2025-03-27 06:00:00+00:00,1.07776,1.07866,1.07764,1.078,1556
2025-03-27 07:00:00+00:00,1.07798,1.07809,1.07633,1.07688,1978
2025-03-27 08:00:00+00:00,1.07685,1.07822,1.07678,1.07727,3097
2025-03-27 09:00:00+00:00,1.07724,1.0774,1.07536,1.07644,6490
2025-03-27 10:00:00+00:00,1.07646,1.07763,1.07551,1.07755,8173
2025-03-27 11:00:00+00:00,1.07753,1.07785,1.07605,1.07702,5083
2025-03-27 12:00:00+00:00,1.07703,1.07813,1.07662,1.07812,4723
2025-03-27 13:00:00+00:00,1.07813,1.07992,1.07781,1.07866,4787
2025-03-27 14:00:00+00:00,1.07869,1.07979,1.07826,1.07866,5180
2025-03-27 15:00:00+00:00,1.07866,1.07969,1.0776,1.07796,6681
2025-03-27 16:00:00+00:00,1.07796,1.07943,1.07769,1.07888,6420
2025-03-27 17:00:00+00:00,1.07889,1.08208,1.07849,1.07991,7743
2025-03-27 18:00:00+00:00,1.0799,1.07995,1.07911,1.07983,5249
2025-03-27 19:00:00+00:00,1.07987,1.0808200000000001,1.07889,1.07894,3827
2025-03-27 20:00:00+00:00,1.07892,1.0798,1.07886,1.07904,2616
2025-03-27 21:00:00+00:00,1.07905,1.07992,1.07879,1.07944,2181
2025-03-27 22:00:00+00:00,1.07942,1.0802,1.07933,1.08001,953
2025-03-27 23:00:00+00:00,1.08003,1.08003,1.07931,1.07968,256
2025-03-28 00:00:00+00:00,1.07966,1.07983,1.0795,1.07956,613
2025-03-28 01:00:00+00:00,1.07958,1.08008,1.07954,1.08003,1047
2025-03-28 02:00:00+00:00,1.08004,1.08004,1.07877,1.07946,2396
2025-03-28 03:00:00+00:00,1.07945,1.07985,1.0791,1.07933,2504
2025-03-28 04:00:00+00:00,1.07932,1.07964,1.07897,1.07943,2367
2025-03-28 05:00:00+00:00,1.07942,1.07963,1.07903,1.07913,1894
2025-03-28 06:00:00+00:00,1.07915,1.07926,1.0784,1.07881,1804
2025-03-28 07:00:00+00:00,1.0788,1.07926,1.07861,1.07905,2113
2025-03-28 08:00:00+00:00,1.07903,1.07918,1.07821,1.0784799999999999,2028
2025-03-28 09:00:00+00:00,1.07855,1.07994,1.0781,1.07867,4539
2025-03-28 10:00:00+00:00,1.07859,1.07961,1.07748,1.07779,5457
2025-03-28 11:00:00+00:00,1.0778,1.07801,1.07684,1.07731,4421
2025-03-28 12:00:00+00:00,1.07733,1.07782,1.07673,1.07681,3327
2025-03-28 13:00:00+00:00,1.07681,1.07743,1.07641,1.07713,3233
2025-03-28 14:00:00+00:00,1.07713,1.07914,1.0764,1.07885,5560
2025-03-28 15:00:00+00:00,1.07885,1.08164,1.07843,1.081,8442
2025-03-28 16:00:00+00:00,1.08086,1.0831,1.0808200000000001,1.08226,8108
2025-03-28 17:00:00+00:00,1.08226,1.08442,1.0818699999999999,1.08246,6869
2025-03-28 18:00:00+00:00,1.08247,1.08327,1.08195,1.08211,4700
2025-03-28 19:00:00+00:00,1.08211,1.08283,1.08115,1.0819,3437
2025-03-28 20:00:00+00:00,1.08189,1.08275,1.08131,1.0824,3239
2025-03-28 21:00:00+00:00,1.08239,1.08282,1.08226,1.0825,2931
2025-03-28 22:00:00+00:00,1.08252,1.08357,1.0824,1.08263,1154
2025-03-31 00:00:00+00:00,1.08211,1.08274,1.08124,1.08145,512
2025-03-31 01:00:00+00:00,1.08145,1.0822,1.08047,1.0820400000000001,2311
2025-03-31 02:00:00+00:00,1.08206,1.08291,1.08104,1.08232,3276
2025-03-31 03:00:00+00:00,1.08232,1.08411,1.08226,1.08411,4238
2025-03-31 04:00:00+00:00,1.0841,1.0845,1.08306,1.08323,3949
2025-03-31 05:00:00+00:00,1.08322,1.08452,1.08286,1.084,3221
2025-03-31 06:00:00+00:00,1.084,1.08411,1.0832,1.0832600000000001,2115
2025-03-31 07:00:00+00:00,1.08325,1.08355,1.08308,1.08338,2102
2025-03-31 08:00:00+00:00,1.08338,1.08427,1.08306,1.08338,2930
2025-03-31 09:00:00+00:00,1.08339,1.08444,1.08244,1.08367,6371
2025-03-31 10:00:00+00:00,1.08368,1.08489,1.08203,1.08313,8403
2025-03-31 11:00:00+00:00,1.08312,1.08338,1.08111,1.08271,6250
2025-03-31 12:00:00+00:00,1.08268,1.08301,1.0814300000000001,1.08157,4416
2025-03-31 13:00:00+00:00,1.08155,1.0820400000000001,1.08051,1.0818,4195
2025-03-31 14:00:00+00:00,1.08181,1.08289,1.08148,1.08192,4945
2025-03-31 15:00:00+00:00,1.0819,1.08206,1.08005,1.08032,5007
2025-03-31 16:00:00+00:00,1.08033,1.08208,1.08023,1.08076,6014
2025-03-31 17:00:00+00:00,1.08074,1.08083,1.07835,1.08016,6830
2025-03-31 18:00:00+00:00,1.08014,1.08162,1.07901,1.07938,7490
2025-03-31 19:00:00+00:00,1.07937,1.08156,1.07845,1.08113,4775
2025-03-31 20:00:00+00:00,1.08112,1.08173,1.08074,1.0814300000000001,3149
2025-03-31 21:00:00+00:00,1.08142,1.08176,1.0806499999999999,1.08144,2616
2025-03-31 22:00:00+00:00,1.0814300000000001,1.08193,1.08113,1.08137,2926
2025-03-31 23:00:00+00:00,1.08135,1.08184,1.08089,1.08144,1398
2025-04-01 00:00:00+00:00,1.08149,1.08188,1.0814300000000001,1.08183,374
2025-04-01 01:00:00+00:00,1.08184,1.08186,1.08155,1.08179,686
2025-04-01 02:00:00+00:00,1.08179,1.08193,1.08134,1.08171,1528
2025-04-01 03:00:00+00:00,1.08172,1.08261,1.08169,1.08247,2925
2025-04-01 04:00:00+00:00,1.08249,1.08263,1.08165,1.08201,3239
2025-04-01 05:00:00+00:00,1.08201,1.08279,1.08195,1.08235,2601
2025-04-01 06:00:00+00:00,1.08234,1.08275,1.08206,1.08264,2396
2025-04-01 07:00:00+00:00,1.08262,1.08295,1.08244,1.08246,1971
2025-04-01 08:00:00+00:00,1.08245,1.0824799999999999,1.0806,1.08066,2661
2025-04-01 09:00:00+00:00,1.08067,1.08102,1.07984,1.0808,4743
2025-04-01 10:00:00+00:00,1.08078,1.08121,1.07987,1.08013,5925
2025-04-01 11:00:00+00:00,1.0801,1.08176,1.08,1.08164,4303
2025-04-01 12:00:00+00:00,1.08164,1.08288,1.0814300000000001,1.08169,4497
2025-04-01 13:00:00+00:00,1.08168,1.08181,1.07896,1.07978,5876
2025-04-01 14:00:00+00:00,1.07977,1.0798,1.07779,1.07807,6154
2025-04-01 15:00:00+00:00,1.07807,1.07949,1.07807,1.07867,4809
2025-04-01 16:00:00+00:00,1.07868,1.0795,1.07788,1.07856,5676
2025-04-01 17:00:00+00:00,1.07854,1.08119,1.07799,1.0807,8773
2025-04-01 18:00:00+00:00,1.08071,1.08119,1.07982,1.07988,6856
2025-04-01 19:00:00+00:00,1.07986,1.08027,1.0792,1.07991,4915
2025-04-01 20:00:00+00:00,1.07993,1.08043,1.07907,1.07925,2717
2025-04-01 21:00:00+00:00,1.07926,1.07942,1.07847,1.07865,3256
2025-04-01 22:00:00+00:00,1.07865,1.07904,1.07849,1.07893,2394
2025-04-01 23:00:00+00:00,1.07894,1.08017,1.07882,1.07921,1445
2025-04-02 00:00:00+00:00,1.07908,1.07945,1.07861,1.07925,643
2025-04-02 01:00:00+00:00,1.07922,1.08077,1.07919,1.07987,1269
2025-04-02 02:00:00+00:00,1.0799,1.07994,1.07939,1.07939,848
2025-04-02 03:00:00+00:00,1.07938,1.07945,1.07885,1.079,2837
2025-04-02 04:00:00+00:00,1.07901,1.07944,1.07865,1.07943,2832
2025-04-02 05:00:00+00:00,1.07946,1.08014,1.07937,1.07938,2122
2025-04-02 06:00:00+00:00,1.07939,1.07995,1.07932,1.07954,1419
2025-04-02 07:00:00+00:00,1.07953,1.07971,1.07919,1.07921,1243
2025-04-02 08:00:00+00:00,1.0792,1.0792,1.07855,1.07891,2018
2025-04-02 09:00:00+00:00,1.0789,1.0796000000000001,1.07869,1.07923,3266
2025-04-02 10:00:00+00:00,1.07921,1.07944,1.07797,1.07913,4653
2025-04-02 11:00:00+00:00,1.07912,1.08014,1.079,1.07971,4009
2025-04-02 12:00:00+00:00,1.07969,1.08078,1.07953,1.08055,3872
2025-04-02 13:00:00+00:00,1.08055,1.08062,1.07856,1.07942,4530
2025-04-02 14:00:00+00:00,1.07943,1.08058,1.07906,1.08019,3890
2025-04-02 15:00:00+00:00,1.0802100000000001,1.08191,1.07958,1.0818699999999999,5706
2025-04-02 16:00:00+00:00,1.08186,1.08289,1.0814300000000001,1.08261,6434
2025-04-02 17:00:00+00:00,1.08261,1.08613,1.08185,1.08579,7856
2025-04-02 18:00:00+00:00,1.0858,1.0872600000000001,1.08505,1.08669,6860
2025-04-02 19:00:00+00:00,1.08671,1.08673,1.08463,1.08515,4635
2025-04-02 20:00:00+00:00,1.08516,1.08591,1.08495,1.08514,3162
2025-04-02 21:00:00+00:00,1.08513,1.08587,1.08475,1.08537,3404
2025-04-02 22:00:00+00:00,1.08537,1.08556,1.08466,1.08493,2664
2025-04-02 23:00:00+00:00,1.0849199999999999,1.09241,1.08102,1.08483,13438
2025-04-03 00:00:00+00:00,1.08505,1.0854300000000001,1.08103,1.08254,1688
2025-04-03 01:00:00+00:00,1.0825,1.0839,1.08044,1.08383,7030
2025-04-03 02:00:00+00:00,1.08386,1.09107,1.0836999999999999,1.09039,9940
2025-04-03 03:00:00+00:00,1.09038,1.09069,1.08794,1.08901,10003
2025-04-03 04:00:00+00:00,1.08902,1.09226,1.08862,1.09128,7709
2025-04-03 05:00:00+00:00,1.09127,1.09243,1.09088,1.09117,5945
2025-04-03 06:00:00+00:00,1.09118,1.09208,1.09072,1.09144,5232
2025-04-03 07:00:00+00:00,1.09145,1.09161,1.09051,1.09064,4394
2025-04-03 08:00:00+00:00,1.09064,1.09515,1.09061,1.09439,6022
2025-04-03 09:00:00+00:00,1.09439,1.09898,1.09342,1.09892,10544
2025-04-03 10:00:00+00:00,1.09893,1.09898,1.09425,1.09703,10178
2025-04-03 11:00:00+00:00,1.09702,1.10203,1.09702,1.10088,7930
2025-04-03 12:00:00+00:00,1.1009,1.1047,1.10031,1.10302,8592
2025-04-03 13:00:00+00:00,1.10303,1.11462,1.10274,1.10519,12864
2025-04-03 14:00:00+00:00,1.10523,1.11006,1.10385,1.1087,10584
2025-04-03 15:00:00+00:00,1.10873,1.1109,1.10726,1.10812,11835
2025-04-03 16:00:00+00:00,1.10812,1.11347,1.10698,1.10755,13600
2025-04-03 17:00:00+00:00,1.10754,1.11269,1.10754,1.11178,12155
2025-04-03 18:00:00+00:00,1.11181,1.11185,1.10406,1.1050200000000001,10694
2025-04-03 19:00:00+00:00,1.10508,1.10554,1.10324,1.10384,8805
2025-04-03 20:00:00+00:00,1.10383,1.10392,1.10175,1.10241,6282
2025-04-03 21:00:00+00:00,1.1024,1.10404,1.10193,1.10369,5413
2025-04-03 22:00:00+00:00,1.10369,1.10369,1.10154,1.1027,4778
2025-04-03 23:00:00+00:00,1.10267,1.10522,1.10217,1.10506,2700
2025-04-04 00:00:00+00:00,1.10504,1.10511,1.10429,1.10508,516
2025-04-04 01:00:00+00:00,1.10509,1.10711,1.10492,1.10638,2588
2025-04-04 02:00:00+00:00,1.10641,1.10645,1.10415,1.10447,4140
2025-04-04 03:00:00+00:00,1.10448,1.10638,1.10362,1.10599,5914
2025-04-04 04:00:00+00:00,1.10601,1.10728,1.10566,1.10673,6311
2025-04-04 05:00:00+00:00,1.10674,1.1078999999999999,1.10601,1.10629,5456
2025-04-04 06:00:00+00:00,1.10628,1.10981,1.10569,1.10932,6222
2025-04-04 07:00:00+00:00,1.10932,1.10979,1.10816,1.10868,5569
2025-04-04 08:00:00+00:00,1.10869,1.11073,1.10779,1.10834,6305
2025-04-04 09:00:00+00:00,1.10837,1.10855,1.10494,1.105,8377
2025-04-04 10:00:00+00:00,1.1050200000000001,1.10667,1.09993,1.10037,10462
2025-04-04 11:00:00+00:00,1.10036,1.10092,1.09749,1.09958,11713
2025-04-04 12:00:00+00:00,1.0996,1.09974,1.09711,1.0984099999999999,9339
2025-04-04 13:00:00+00:00,1.09842,1.10496,1.0964,1.10303,15550
2025-04-04 14:00:00+00:00,1.10301,1.10795,1.10217,1.10597,16203
2025-04-04 15:00:00+00:00,1.10606,1.10888,1.10072,1.10192,18599
2025-04-04 16:00:00+00:00,1.10196,1.10477,1.10047,1.10054,18397
2025-04-04 17:00:00+00:00,1.10053,1.10145,1.09596,1.09856,19034
2025-04-04 18:00:00+00:00,1.09856,1.10166,1.09665,1.10133,19017
2025-04-04 19:00:00+00:00,1.10131,1.10195,1.09611,1.09706,13002
2025-04-04 20:00:00+00:00,1.09706,1.09764,1.09239,1.09468,13046
2025-04-04 21:00:00+00:00,1.09469,1.09667,1.09387,1.0944099999999999,10125
2025-04-04 22:00:00+00:00,1.0944,1.09643,1.0927,1.09429,9159
2025-04-04 23:00:00+00:00,1.09427,1.09661,1.09316,1.09632,3806
2025-04-07 00:00:00+00:00,1.08872,1.09196,1.08779,1.09134,1086
2025-04-07 01:00:00+00:00,1.09139,1.09942,1.09129,1.09819,8922
2025-04-07 02:00:00+00:00,1.0982,1.10009,1.09802,1.09825,11352
2025-04-07 03:00:00+00:00,1.09826,1.09829,1.09452,1.09665,12543
2025-04-07 04:00:00+00:00,1.09666,1.09799,1.09539,1.09674,11733
2025-04-07 05:00:00+00:00,1.0967500000000001,1.0967500000000001,1.09193,1.09346,7914
2025-04-07 06:00:00+00:00,1.09347,1.09541,1.09294,1.09498,4759
2025-04-07 07:00:00+00:00,1.09499,1.09871,1.09477,1.09844,5560
2025-04-07 08:00:00+00:00,1.09848,1.10202,1.09774,1.10179,9616
2025-04-07 09:00:00+00:00,1.1017,1.10226,1.09932,1.10026,13622
2025-04-07 10:00:00+00:00,1.10025,1.10496,1.09975,1.10001,16000
2025-04-07 11:00:00+00:00,1.10008,1.10213,1.09674,1.09915,14096
2025-04-07 12:00:00+00:00,1.09915,1.0996,1.09496,1.0962,11886
2025-04-07 13:00:00+00:00,1.09622,1.09904,1.09571,1.09584,12597
2025-04-07 14:00:00+00:00,1.09583,1.09692,1.09347,1.09692,12916
2025-04-07 15:00:00+00:00,1.09692,1.09909,1.09387,1.09732,15011
2025-04-07 16:00:00+00:00,1.09735,1.09768,1.09368,1.09412,15094
2025-04-07 17:00:00+00:00,1.09413,1.09822,1.09162,1.09214,20331
2025-04-07 18:00:00+00:00,1.09215,1.09358,1.09002,1.09111,17074
2025-04-07 19:00:00+00:00,1.09111,1.09322,1.09034,1.09315,11098
2025-04-07 20:00:00+00:00,1.09317,1.09498,1.0929,1.09383,10316
2025-04-07 21:00:00+00:00,1.09384,1.09518,1.09231,1.0933,8914
2025-04-07 22:00:00+00:00,1.09332,1.09473,1.09133,1.09156,7981
2025-04-07 23:00:00+00:00,1.09159,1.09193,1.09013,1.09038,3520
2025-04-08 00:00:00+00:00,1.09028,1.09118,1.09005,1.09113,489
2025-04-08 01:00:00+00:00,1.09114,1.09198,1.09079,1.09166,1990
2025-04-08 02:00:00+00:00,1.09166,1.09185,1.09072,1.09142,3558
2025-04-08 03:00:00+00:00,1.09142,1.095,1.09142,1.09393,7327
2025-04-08 04:00:00+00:00,1.09393,1.09613,1.09375,1.09592,8566
2025-04-08 05:00:00+00:00,1.09592,1.09799,1.09592,1.09709,6102
2025-04-08 06:00:00+00:00,1.0971,1.09714,1.09603,1.09629,3914
2025-04-08 07:00:00+00:00,1.09625,1.09792,1.09617,1.09758,5176
2025-04-08 08:00:00+00:00,1.09755,1.09757,1.09535,1.09678,6857
2025-04-08 09:00:00+00:00,1.09676,1.09916,1.09611,1.09763,9552
2025-04-08 10:00:00+00:00,1.09767,1.09802,1.09211,1.09232,12572
2025-04-08 11:00:00+00:00,1.09231,1.09484,1.09224,1.09361,9687
2025-04-08 12:00:00+00:00,1.0936,1.0937000000000001,1.09107,1.09192,9833
2025-04-08 13:00:00+00:00,1.09191,1.09386,1.09131,1.0927,8414
2025-04-08 14:00:00+00:00,1.09268,1.09444,1.09243,1.09337,10416
2025-04-08 15:00:00+00:00,1.09336,1.0968,1.09336,1.0948,9880
2025-04-08 16:00:00+00:00,1.0948,1.0955300000000001,1.09265,1.09352,12149
2025-04-08 17:00:00+00:00,1.09353,1.09354,1.0888,1.09098,12947
2025-04-08 18:00:00+00:00,1.09098,1.09189,1.0895299999999999,1.09112,9736
2025-04-08 19:00:00+00:00,1.09113,1.09318,1.08983,1.09293,10207
2025-04-08 20:00:00+00:00,1.09292,1.09482,1.09255,1.09333,12390
2025-04-08 21:00:00+00:00,1.09332,1.09689,1.09292,1.09518,9852
2025-04-08 22:00:00+00:00,1.09515,1.09775,1.09503,1.09536,10310
2025-04-08 23:00:00+00:00,1.09536,1.09625,1.09386,1.09506,3731
2025-04-09 00:00:00+00:00,1.09511,1.09568,1.09462,1.0955300000000001,706
2025-04-09 01:00:00+00:00,1.09552,1.09771,1.09548,1.09676,3462
2025-04-09 02:00:00+00:00,1.09677,1.09847,1.0966,1.0977,5607
2025-04-09 03:00:00+00:00,1.09771,1.10162,1.09706,1.10144,10600
2025-04-09 04:00:00+00:00,1.10145,1.10395,1.10133,1.10198,12085
2025-04-09 05:00:00+00:00,1.1019700000000001,1.10282,1.10092,1.10193,7773
2025-04-09 06:00:00+00:00,1.10194,1.10355,1.10121,1.1019,8163
2025-04-09 07:00:00+00:00,1.10191,1.10686,1.10185,1.1068,11792
2025-04-09 08:00:00+00:00,1.10679,1.10679,1.10287,1.10613,11096
2025-04-09 09:00:00+00:00,1.10613,1.10894,1.10422,1.10728,15680
2025-04-09 10:00:00+00:00,1.10723,1.10791,1.10091,1.1015,17318
2025-04-09 11:00:00+00:00,1.10148,1.10347,1.09976,1.10269,14052
2025-04-09 12:00:00+00:00,1.10271,1.10498,1.10088,1.10436,10596
2025-04-09 13:00:00+00:00,1.10438,1.10575,1.10248,1.10326,9983
2025-04-09 14:00:00+00:00,1.10327,1.1056300000000001,1.10211,1.10351,15390
2025-04-09 15:00:00+00:00,1.10349,1.10947,1.10343,1.10752,13506
2025-04-09 16:00:00+00:00,1.10752,1.10814,1.10324,1.10446,14466
2025-04-09 17:00:00+00:00,1.10444,1.10509,1.10253,1.10401,12170
2025-04-09 18:00:00+00:00,1.10402,1.10689,1.10361,1.10379,10075
2025-04-09 19:00:00+00:00,1.10382,1.10421,1.10132,1.10199,7799
2025-04-09 20:00:00+00:00,1.10199,1.10626,1.09453,1.0975,19075
2025-04-09 21:00:00+00:00,1.0975,1.09827,1.09127,1.09634,17211
2025-04-09 22:00:00+00:00,1.09635,1.09763,1.09321,1.09341,11994
2025-04-09 23:00:00+00:00,1.09345,1.09617,1.09281,1.09422,6868
2025-04-10 00:00:00+00:00,1.09427,1.0951,1.09421,1.09472,519
2025-04-10 01:00:00+00:00,1.0947,1.09622,1.09462,1.09594,4314
2025-04-10 02:00:00+00:00,1.0959699999999999,1.09608,1.09424,1.09504,5781
2025-04-10 03:00:00+00:00,1.09501,1.09864,1.09499,1.09859,9672
2025-04-10 04:00:00+00:00,1.09861,1.09873,1.09688,1.09713,7413
2025-04-10 05:00:00+00:00,1.09713,1.09786,1.09609,1.09713,5852
2025-04-10 06:00:00+00:00,1.09715,1.09889,1.097,1.09812,5689
2025-04-10 07:00:00+00:00,1.09812,1.09846,1.09769,1.09822,4819
2025-04-10 08:00:00+00:00,1.09823,1.09951,1.09773,1.09851,5228
2025-04-10 09:00:00+00:00,1.09847,1.09884,1.09625,1.09827,9502
2025-04-10 10:00:00+00:00,1.09831,1.10303,1.09668,1.1025800000000001,11837
2025-04-10 11:00:00+00:00,1.1026,1.10475,1.10158,1.10369,10319
2025-04-10 12:00:00+00:00,1.1037,1.10595,1.10331,1.10588,8666
2025-04-10 13:00:00+00:00,1.10587,1.10807,1.10543,1.10794,9452
2025-04-10 14:00:00+00:00,1.10792,1.10879,1.10666,1.10699,10221
2025-04-10 15:00:00+00:00,1.10696,1.11313,1.10676,1.10966,12961
2025-04-10 16:00:00+00:00,1.10968,1.11341,1.10903,1.11266,11978
2025-04-10 17:00:00+00:00,1.11266,1.11858,1.1124,1.1185,12794
2025-04-10 18:00:00+00:00,1.1185100000000001,1.12285,1.11533,1.11906,15377
2025-04-10 19:00:00+00:00,1.11906,1.12099,1.1177,1.11963,13925
2025-04-10 20:00:00+00:00,1.11962,1.12105,1.1173899999999999,1.12094,12256
2025-04-10 21:00:00+00:00,1.1209500000000001,1.1241,1.12009,1.12149,10703
2025-04-10 22:00:00+00:00,1.1215,1.12192,1.11583,1.12064,10524
2025-04-10 23:00:00+00:00,1.12045,1.12045,1.11808,1.11921,4493
2025-04-11 00:00:00+00:00,1.11901,1.11993,1.11844,1.11844,749
2025-04-11 01:00:00+00:00,1.11919,1.12348,1.11873,1.12344,4583
2025-04-11 02:00:00+00:00,1.12346,1.12622,1.12127,1.12574,8010
2025-04-11 03:00:00+00:00,1.12571,1.13841,1.1251,1.13096,15167
2025-04-11 04:00:00+00:00,1.13096,1.13226,1.12756,1.13052,13378
2025-04-11 05:00:00+00:00,1.13053,1.13226,1.12945,1.1302,9588
2025-04-11 06:00:00+00:00,1.1302,1.13542,1.1301700000000001,1.13404,7361
2025-04-11 07:00:00+00:00,1.13405,1.13409,1.13095,1.1322,5591
2025-04-11 08:00:00+00:00,1.13218,1.1323,1.12704,1.12838,7275
2025-04-11 09:00:00+00:00,1.12845,1.12885,1.1246,1.12859,10885
2025-04-11 10:00:00+00:00,1.12857,1.13687,1.12835,1.13639,13693
2025-04-11 11:00:00+00:00,1.13634,1.14737,1.13487,1.14269,16666
2025-04-11 12:00:00+00:00,1.14266,1.14267,1.13843,1.13853,12656
2025-04-11 13:00:00+00:00,1.13851,1.13852,1.13198,1.1336,12191
2025-04-11 14:00:00+00:00,1.13361,1.1371,1.13229,1.13285,10179
2025-04-11 15:00:00+00:00,1.13281,1.13986,1.13241,1.13948,13105
2025-04-11 16:00:00+00:00,1.13949,1.14117,1.13239,1.13573,15883
2025-04-11 17:00:00+00:00,1.13573,1.13816,1.13267,1.134,16041
2025-04-11 18:00:00+00:00,1.13398,1.13496,1.13119,1.13243,11472
2025-04-11 19:00:00+00:00,1.13242,1.13265,1.12762,1.1305399999999999,9369
2025-04-11 20:00:00+00:00,1.13053,1.13266,1.12819,1.12852,7647
2025-04-11 21:00:00+00:00,1.12848,1.13211,1.1284,1.1312,7495
2025-04-11 22:00:00+00:00,1.13121,1.13431,1.13087,1.13411,5555
2025-04-11 23:00:00+00:00,1.13412,1.13589,1.1335600000000001,1.13529,3116
2025-04-14 00:00:00+00:00,1.13104,1.13184,1.13104,1.13169,180
2025-04-14 01:00:00+00:00,1.13169,1.13541,1.13166,1.1334,5662
2025-04-14 02:00:00+00:00,1.13342,1.1348799999999999,1.13233,1.13418,5198
2025-04-14 03:00:00+00:00,1.13418,1.13703,1.13404,1.1365,7895
2025-04-14 04:00:00+00:00,1.13649,1.14085,1.13638,1.13851,8019
2025-04-14 05:00:00+00:00,1.13852,1.14009,1.13704,1.13716,6002
2025-04-14 06:00:00+00:00,1.13715,1.13832,1.13573,1.1371,5275
2025-04-14 07:00:00+00:00,1.13717,1.13847,1.13651,1.13672,3947
2025-04-14 08:00:00+00:00,1.13673,1.13875,1.13525,1.1385,5048
2025-04-14 09:00:00+00:00,1.1385,1.14236,1.13758,1.14164,9712
2025-04-14 10:00:00+00:00,1.14165,1.14241,1.13831,1.13894,10116
2025-04-14 11:00:00+00:00,1.13895,1.14094,1.13786,1.1387,9126
2025-04-14 12:00:00+00:00,1.13871,1.14072,1.13861,1.13862,8510
2025-04-14 13:00:00+00:00,1.13862,1.13917,1.13712,1.1387,7358
2025-04-14 14:00:00+00:00,1.1387,1.14055,1.13721,1.13835,6394
2025-04-14 15:00:00+00:00,1.13836,1.1388099999999999,1.13341,1.1338300000000001,9433
2025-04-14 16:00:00+00:00,1.13382,1.13411,1.12953,1.13268,12850
2025-04-14 17:00:00+00:00,1.13268,1.13677,1.13193,1.1367,8834
2025-04-14 18:00:00+00:00,1.1367099999999999,1.13814,1.13522,1.13565,9106
2025-04-14 19:00:00+00:00,1.1356600000000001,1.137,1.13296,1.13303,7741
2025-04-14 20:00:00+00:00,1.13305,1.13475,1.13277,1.1338,6105
2025-04-14 21:00:00+00:00,1.13379,1.13569,1.13374,1.13541,4999
2025-04-14 22:00:00+00:00,1.1354,1.13693,1.13497,1.13545,3414
2025-04-14 23:00:00+00:00,1.13547,1.1358,1.13424,1.13492,2819
2025-04-15 00:00:00+00:00,1.13489,1.13531,1.13409,1.13513,479
2025-04-15 01:00:00+00:00,1.13523,1.13609,1.13446,1.13533,1819
2025-04-15 02:00:00+00:00,1.13533,1.13537,1.13333,1.13354,3403
2025-04-15 03:00:00+00:00,1.1335899999999999,1.13386,1.13166,1.13283,5055
2025-04-15 04:00:00+00:00,1.13282,1.13346,1.13153,1.1324,4506
2025-04-15 05:00:00+00:00,1.13239,1.13519,1.13238,1.13492,4099
2025-04-15 06:00:00+00:00,1.13493,1.13527,1.13429,1.13469,3829
2025-04-15 07:00:00+00:00,1.13469,1.13628,1.1344400000000001,1.13564,3617
2025-04-15 08:00:00+00:00,1.13564,1.13677,1.13484,1.13502,4099
2025-04-15 09:00:00+00:00,1.1350500000000001,1.1364,1.13275,1.13318,7105
2025-04-15 10:00:00+00:00,1.13317,1.13595,1.13202,1.13567,7733
2025-04-15 11:00:00+00:00,1.13568,1.13786,1.13432,1.1346,7991
2025-04-15 12:00:00+00:00,1.13461,1.13557,1.13325,1.1338300000000001,6508
2025-04-15 13:00:00+00:00,1.13382,1.1348799999999999,1.13319,1.1344,5005
2025-04-15 14:00:00+00:00,1.1344,1.1344,1.13135,1.13259,6970
2025-04-15 15:00:00+00:00,1.13262,1.13411,1.13083,1.13124,9322
2025-04-15 16:00:00+00:00,1.13121,1.13281,1.13048,1.13172,9662
2025-04-15 17:00:00+00:00,1.1317,1.13291,1.12853,1.13285,12089
2025-04-15 18:00:00+00:00,1.13283,1.13287,1.12818,1.12883,8340
2025-04-15 19:00:00+00:00,1.12884,1.12916,1.12635,1.1274,6473
2025-04-15 20:00:00+00:00,1.1273900000000001,1.12823,1.12662,1.12721,5335
2025-04-15 21:00:00+00:00,1.1272199999999999,1.12762,1.12657,1.12729,4291
2025-04-15 22:00:00+00:00,1.1273,1.12872,1.1271,1.1282,3100
2025-04-15 23:00:00+00:00,1.1282,1.12894,1.12771,1.12771,1844
2025-04-16 00:00:00+00:00,1.12769,1.12846,1.12769,1.12797,436
2025-04-16 01:00:00+00:00,1.1280000000000001,1.12989,1.12787,1.12951,2011
2025-04-16 02:00:00+00:00,1.12955,1.1298300000000001,1.1283,1.12933,3730
2025-04-16 03:00:00+00:00,1.12933,1.13214,1.12924,1.13164,6990
2025-04-16 04:00:00+00:00,1.13165,1.13304,1.1316,1.13231,5756
2025-04-16 05:00:00+00:00,1.13236,1.13315,1.13174,1.13272,4845
2025-04-16 06:00:00+00:00,1.13275,1.1343,1.13239,1.13428,4129
2025-04-16 07:00:00+00:00,1.13429,1.13475,1.13324,1.13457,3694
2025-04-16 08:00:00+00:00,1.1345399999999999,1.13851,1.13409,1.13803,5945
2025-04-16 09:00:00+00:00,1.13801,1.13825,1.13601,1.13602,7461
2025-04-16 10:00:00+00:00,1.13603,1.13917,1.13586,1.13866,7730
2025-04-16 11:00:00+00:00,1.13867,1.13877,1.13377,1.1369,10860
2025-04-16 12:00:00+00:00,1.13686,1.13774,1.13556,1.13597,8877
2025-04-16 13:00:00+00:00,1.13598,1.13738,1.1352,1.13569,7922
2025-04-16 14:00:00+00:00,1.13575,1.13734,1.13546,1.13628,7640
2025-04-16 15:00:00+00:00,1.13628,1.13651,1.13401,1.13512,10069
2025-04-16 16:00:00+00:00,1.1351,1.13734,1.13491,1.13662,10339
2025-04-16 17:00:00+00:00,1.1367,1.13839,1.13534,1.13836,10430
2025-04-16 18:00:00+00:00,1.13836,1.13864,1.13567,1.1381000000000001,7718
2025-04-16 19:00:00+00:00,1.13812,1.13865,1.13697,1.13744,5895
2025-04-16 20:00:00+00:00,1.13745,1.13894,1.13589,1.13748,7950
2025-04-16 21:00:00+00:00,1.13748,1.1388,1.13646,1.13861,7522
2025-04-16 22:00:00+00:00,1.13857,1.14124,1.13843,1.13863,6316
2025-04-16 23:00:00+00:00,1.13861,1.13992,1.13812,1.1397599999999999,2703
2025-04-17 00:00:00+00:00,1.1397599999999999,1.13996,1.1388,1.1396600000000001,562
2025-04-17 01:00:00+00:00,1.1396600000000001,1.13999,1.13944,1.13989,1559
2025-04-17 02:00:00+00:00,1.1399,1.14087,1.13937,1.13951,3049
2025-04-17 03:00:00+00:00,1.13952,1.13964,1.13646,1.13676,6680
2025-04-17 04:00:00+00:00,1.13675,1.1369,1.13548,1.13649,6717
2025-04-17 05:00:00+00:00,1.1365,1.13813,1.13644,1.13779,4551
2025-04-17 06:00:00+00:00,1.13779,1.13804,1.13634,1.13636,3779
2025-04-17 07:00:00+00:00,1.1363699999999999,1.13695,1.13596,1.13618,2749
2025-04-17 08:00:00+00:00,1.13619,1.13707,1.13438,1.13521,4180
2025-04-17 09:00:00+00:00,1.13521,1.13704,1.13431,1.13584,6209
2025-04-17 10:00:00+00:00,1.13584,1.13785,1.13524,1.13763,7707
2025-04-17 11:00:00+00:00,1.13766,1.13882,1.13678,1.13781,5636
2025-04-17 12:00:00+00:00,1.13779,1.13804,1.13697,1.13721,5775
2025-04-17 13:00:00+00:00,1.13723,1.13763,1.13569,1.13589,7392
2025-04-17 14:00:00+00:00,1.1359,1.137,1.13555,1.13561,5373
2025-04-17 15:00:00+00:00,1.1356,1.13675,1.13349,1.13561,11020
2025-04-17 16:00:00+00:00,1.13564,1.13773,1.13502,1.1360999999999999,11546
2025-04-17 17:00:00+00:00,1.13612,1.1385399999999999,1.13379,1.13491,10579
2025-04-17 18:00:00+00:00,1.1349,1.13761,1.13472,1.13628,7902
2025-04-17 19:00:00+00:00,1.13629,1.13705,1.13396,1.13503,7770
2025-04-17 20:00:00+00:00,1.13502,1.13534,1.13405,1.13506,4389
2025-04-17 21:00:00+00:00,1.13507,1.13748,1.13425,1.1373,4947
2025-04-17 22:00:00+00:00,1.13729,1.13756,1.13679,1.13728,3111
2025-04-17 23:00:00+00:00,1.13729,1.13761,1.13614,1.13616,2057
2025-04-18 00:00:00+00:00,1.13609,1.13668,1.13579,1.13656,391
2025-04-18 01:00:00+00:00,1.13663,1.1369799999999999,1.13638,1.13642,3042
2025-04-18 02:00:00+00:00,1.13645,1.13713,1.13639,1.13702,343
2025-04-18 03:00:00+00:00,1.13702,1.13853,1.13632,1.1373,4520
2025-04-18 04:00:00+00:00,1.13725,1.1375,1.13667,1.13699,5579
2025-04-18 05:00:00+00:00,1.13695,1.13769,1.13673,1.13715,5174
2025-04-18 06:00:00+00:00,1.13715,1.13748,1.13678,1.13725,5576
2025-04-18 07:00:00+00:00,1.13725,1.13731,1.13678,1.13684,4899
2025-04-18 08:00:00+00:00,1.13685,1.13729,1.13635,1.13695,3870
2025-04-18 09:00:00+00:00,1.13696,1.1374900000000001,1.13598,1.13601,7420
2025-04-18 10:00:00+00:00,1.13594,1.13745,1.13556,1.1369,6635
2025-04-18 11:00:00+00:00,1.13693,1.13705,1.13655,1.13697,7542
2025-04-18 12:00:00+00:00,1.13697,1.13716,1.1366100000000001,1.13683,6964
2025-04-18 13:00:00+00:00,1.13684,1.13736,1.13669,1.13733,5651
2025-04-18 14:00:00+00:00,1.13731,1.13815,1.13703,1.138,8248
2025-04-18 15:00:00+00:00,1.13799,1.13858,1.13795,1.13816,5166
2025-04-18 16:00:00+00:00,1.13814,1.13818,1.13751,1.13785,4624
2025-04-18 17:00:00+00:00,1.13785,1.1398,1.13774,1.13952,4314
2025-04-18 18:00:00+00:00,1.13953,1.13956,1.1386,1.13913,5586
2025-04-18 19:00:00+00:00,1.1390500000000001,1.13937,1.1386,1.1393,6096
2025-04-18 20:00:00+00:00,1.13929,1.1394,1.13892,1.13916,3811
2025-04-18 21:00:00+00:00,1.1391499999999999,1.1394199999999999,1.1389,1.13935,2517
2025-04-18 22:00:00+00:00,1.1393,1.13955,1.1391499999999999,1.13922,772
2025-04-18 23:00:00+00:00,1.13922,1.13937,1.13872,1.13895,743
2025-04-21 00:00:00+00:00,1.13945,1.14232,1.13923,1.14232,848
2025-04-21 01:00:00+00:00,1.1395,1.14378,1.13901,1.14329,4269
2025-04-21 02:00:00+00:00,1.14327,1.1458,1.14327,1.14484,4565
2025-04-21 03:00:00+00:00,1.14486,1.1486,1.14484,1.14661,7942
2025-04-21 04:00:00+00:00,1.14659,1.14784,1.14645,1.14763,5844
2025-04-21 05:00:00+00:00,1.14762,1.1531500000000001,1.14716,1.15042,6385
2025-04-21 06:00:00+00:00,1.15044,1.15246,1.15044,1.15148,3879
2025-04-21 07:00:00+00:00,1.15146,1.1516899999999999,1.14982,1.1516899999999999,3830
2025-04-21 08:00:00+00:00,1.15168,1.1534200000000001,1.15145,1.15308,5025
2025-04-21 09:00:00+00:00,1.15307,1.15343,1.15044,1.15157,5979
2025-04-21 10:00:00+00:00,1.15151,1.15666,1.1509,1.15551,7068
2025-04-21 11:00:00+00:00,1.15551,1.15643,1.15372,1.15576,6347
2025-04-21 12:00:00+00:00,1.15576,1.15728,1.1544699999999999,1.15467,5454
2025-04-21 13:00:00+00:00,1.15466,1.15482,1.15209,1.1522999999999999,5118
2025-04-21 14:00:00+00:00,1.15234,1.15471,1.15126,1.15422,5314
2025-04-21 15:00:00+00:00,1.15422,1.15497,1.15209,1.15422,5985
2025-04-21 16:00:00+00:00,1.15422,1.15426,1.15011,1.15187,8038
2025-04-21 17:00:00+00:00,1.15186,1.15244,1.14892,1.14973,8552
2025-04-21 18:00:00+00:00,1.14972,1.15073,1.14812,1.15065,6334
2025-04-21 19:00:00+00:00,1.15066,1.15128,1.14998,1.1509,4506
2025-04-21 20:00:00+00:00,1.15091,1.1514,1.1493,1.15133,4051
2025-04-21 21:00:00+00:00,1.15131,1.15248,1.15116,1.15218,3726
2025-04-21 22:00:00+00:00,1.15214,1.15266,1.15122,1.15124,3159
2025-04-21 23:00:00+00:00,1.15128,1.15156,1.15045,1.15126,2341
2025-04-22 00:00:00+00:00,1.15129,1.15141,1.15066,1.1507100000000001,331
2025-04-22 01:00:00+00:00,1.1508,1.1525,1.1506,1.15229,1601
2025-04-22 02:00:00+00:00,1.15234,1.15237,1.1507,1.15136,3165
2025-04-22 03:00:00+00:00,1.15137,1.15137,1.14815,1.149,6567
2025-04-22 04:00:00+00:00,1.14901,1.1498,1.14853,1.14942,5815
2025-04-22 05:00:00+00:00,1.14941,1.15202,1.14934,1.15202,4100
2025-04-22 06:00:00+00:00,1.1520299999999999,1.1540300000000001,1.15187,1.15344,5887
2025-04-22 07:00:00+00:00,1.15345,1.15397,1.15268,1.15299,3353
2025-04-22 08:00:00+00:00,1.15297,1.15469,1.15177,1.15419,7211
2025-04-22 09:00:00+00:00,1.15421,1.15455,1.14957,1.15005,9099
2025-04-22 10:00:00+00:00,1.15004,1.15088,1.1482700000000001,1.15052,9168
2025-04-22 11:00:00+00:00,1.15054,1.15147,1.14941,1.14993,7958
2025-04-22 12:00:00+00:00,1.14994,1.15074,1.14873,1.14901,7289
2025-04-22 13:00:00+00:00,1.14899,1.15002,1.14875,1.1488,6726
2025-04-22 14:00:00+00:00,1.14879,1.15001,1.14834,1.14853,6032
2025-04-22 15:00:00+00:00,1.14853,1.14901,1.14614,1.14697,8639
2025-04-22 16:00:00+00:00,1.14698,1.14846,1.14556,1.14735,8755
2025-04-22 17:00:00+00:00,1.1474,1.14918,1.14607,1.14775,8524
2025-04-22 18:00:00+00:00,1.14777,1.14851,1.14632,1.14645,6944
2025-04-22 19:00:00+00:00,1.1465,1.14685,1.14327,1.14335,8214
2025-04-22 20:00:00+00:00,1.14336,1.14537,1.14303,1.1449799999999999,6758
2025-04-22 21:00:00+00:00,1.1449799999999999,1.1449799999999999,1.14223,1.14268,4089
2025-04-22 22:00:00+00:00,1.14267,1.14337,1.14194,1.14204,3342
2025-04-22 23:00:00+00:00,1.14205,1.14297,1.1417,1.14191,1687
2025-04-23 00:00:00+00:00,1.14192,1.1424400000000001,1.13614,1.13614,646
2025-04-23 01:00:00+00:00,1.13645,1.1369799999999999,1.13074,1.13367,8004
2025-04-23 02:00:00+00:00,1.13371,1.13622,1.13286,1.13502,7181
2025-04-23 03:00:00+00:00,1.13501,1.13977,1.1348799999999999,1.13969,8641
2025-04-23 04:00:00+00:00,1.13969,1.1415,1.1384,1.14066,7470
2025-04-23 05:00:00+00:00,1.14065,1.14104,1.13899,1.14043,5691
2025-04-23 06:00:00+00:00,1.14043,1.14048,1.13728,1.13787,4313
2025-04-23 07:00:00+00:00,1.13789,1.1391499999999999,1.13704,1.13895,3867
2025-04-23 08:00:00+00:00,1.13897,1.13994,1.13707,1.13764,5084
2025-04-23 09:00:00+00:00,1.13763,1.1396,1.13742,1.13846,8611
2025-04-23 10:00:00+00:00,1.13848,1.14086,1.13778,1.13849,9637
2025-04-23 11:00:00+00:00,1.13855,1.1415,1.1379299999999999,1.1412499999999999,7271
2025-04-23 12:00:00+00:00,1.14124,1.14394,1.14123,1.14178,6275
2025-04-23 13:00:00+00:00,1.14177,1.14189,1.13897,1.14014,4955
2025-04-23 14:00:00+00:00,1.14015,1.14156,1.13857,1.14105,5546
2025-04-23 15:00:00+00:00,1.14105,1.14193,1.14015,1.1405,5844
2025-04-23 16:00:00+00:00,1.14049,1.1412,1.13326,1.13328,11413
2025-04-23 17:00:00+00:00,1.13326,1.13809,1.13275,1.1353,14572
2025-04-23 18:00:00+00:00,1.1353,1.1383,1.13434,1.13482,11435
2025-04-23 19:00:00+00:00,1.13481,1.13653,1.13364,1.13394,8108
2025-04-23 20:00:00+00:00,1.13396,1.13436,1.13246,1.13291,4789
2025-04-23 21:00:00+00:00,1.1329,1.1329799999999999,1.13148,1.13235,4355
2025-04-23 22:00:00+00:00,1.1323400000000001,1.13317,1.13179,1.1327,3384
2025-04-23 23:00:00+00:00,1.1327099999999999,1.1328,1.1309,1.1309,2149
2025-04-24 00:00:00+00:00,1.13085,1.13223,1.13083,1.13161,666
2025-04-24 01:00:00+00:00,1.13183,1.13466,1.13172,1.13317,2569
2025-04-24 02:00:00+00:00,1.13318,1.1338,1.13257,1.1329,2907
2025-04-24 03:00:00+00:00,1.1329,1.13466,1.13209,1.13432,5844
2025-04-24 04:00:00+00:00,1.13431,1.13571,1.13396,1.13494,6518
2025-04-24 05:00:00+00:00,1.13495,1.13568,1.13458,1.13547,3792
2025-04-24 06:00:00+00:00,1.1354899999999999,1.13556,1.1335899999999999,1.13376,2677
2025-04-24 07:00:00+00:00,1.13378,1.13418,1.13318,1.13386,2401
2025-04-24 08:00:00+00:00,1.13388,1.13452,1.13302,1.13357,4043
2025-04-24 09:00:00+00:00,1.13357,1.13541,1.1335600000000001,1.13518,5205
2025-04-24 10:00:00+00:00,1.13516,1.13801,1.13512,1.13792,6175
2025-04-24 11:00:00+00:00,1.1379299999999999,1.13924,1.1362700000000001,1.13802,6536
2025-04-24 12:00:00+00:00,1.13799,1.13906,1.13747,1.1384,4471
2025-04-24 13:00:00+00:00,1.1384,1.1394199999999999,1.13756,1.13788,4511
2025-04-24 14:00:00+00:00,1.13788,1.13897,1.1368,1.13724,4983
2025-04-24 15:00:00+00:00,1.13721,1.13782,1.13575,1.13761,6978
2025-04-24 16:00:00+00:00,1.13761,1.13835,1.1363,1.13754,6352
2025-04-24 17:00:00+00:00,1.1376,1.1387,1.13626,1.13724,7829
2025-04-24 18:00:00+00:00,1.13725,1.13755,1.1347,1.13605,7115
2025-04-24 19:00:00+00:00,1.13607,1.13802,1.13575,1.13796,5233
2025-04-24 20:00:00+00:00,1.13795,1.13852,1.13669,1.1368800000000001,3404
2025-04-24 21:00:00+00:00,1.1368800000000001,1.13791,1.13633,1.13776,2985
2025-04-24 22:00:00+00:00,1.13776,1.1397,1.13771,1.13842,3198
2025-04-24 23:00:00+00:00,1.13841,1.1397599999999999,1.13816,1.13823,1926
2025-04-25 00:00:00+00:00,1.13831,1.13906,1.13798,1.1384400000000001,1348
2025-04-25 01:00:00+00:00,1.13843,1.13911,1.13834,1.13861,1622
2025-04-25 02:00:00+00:00,1.13862,1.13878,1.13701,1.1372200000000001,2182
2025-04-25 03:00:00+00:00,1.13721,1.1372200000000001,1.13463,1.13467,4821
2025-04-25 04:00:00+00:00,1.13469,1.13545,1.13422,1.13434,4515
2025-04-25 05:00:00+00:00,1.13437,1.1351,1.1341,1.13477,3303
2025-04-25 06:00:00+00:00,1.13476,1.1359,1.13246,1.13255,5395
2025-04-25 07:00:00+00:00,1.13254,1.13357,1.13152,1.13347,3868
2025-04-25 08:00:00+00:00,1.13346,1.13413,1.13252,1.13308,4635
2025-04-25 09:00:00+00:00,1.13308,1.13572,1.13214,1.13413,5935
2025-04-25 10:00:00+00:00,1.13412,1.13678,1.13412,1.13593,8032
2025-04-25 11:00:00+00:00,1.13594,1.1364,1.1339299999999999,1.13501,5130
2025-04-25 12:00:00+00:00,1.135,1.13603,1.1344400000000001,1.13457,5001
2025-04-25 13:00:00+00:00,1.13456,1.13592,1.13337,1.13554,5856
2025-04-25 14:00:00+00:00,1.13554,1.13662,1.1345399999999999,1.1349,4389
2025-04-25 15:00:00+00:00,1.1349,1.13597,1.13487,1.1352,4753
2025-04-25 16:00:00+00:00,1.13519,1.13548,1.13325,1.13529,7566
2025-04-25 17:00:00+00:00,1.13526,1.13803,1.13519,1.1368,8721
2025-04-25 18:00:00+00:00,1.13679,1.1381999999999999,1.13574,1.13799,5238
2025-04-25 19:00:00+00:00,1.13799,1.13883,1.13678,1.13681,3811
2025-04-25 20:00:00+00:00,1.13682,1.13823,1.13646,1.13761,4396
2025-04-25 21:00:00+00:00,1.13763,1.13805,1.13687,1.13792,3722
2025-04-25 22:00:00+00:00,1.13792,1.13805,1.13583,1.13588,3417
2025-04-25 23:00:00+00:00,1.1359,1.1364,1.13565,1.1358,1531
2025-04-28 00:00:00+00:00,1.13625,1.13625,1.13565,1.13601,151
2025-04-28 01:00:00+00:00,1.1360000000000001,1.13646,1.13396,1.13496,1154
2025-04-28 02:00:00+00:00,1.13498,1.13546,1.13406,1.13445,1861
2025-04-28 03:00:00+00:00,1.13446,1.13642,1.13442,1.13634,4322
2025-04-28 04:00:00+00:00,1.13635,1.13662,1.13493,1.13507,4161
2025-04-28 05:00:00+00:00,1.13506,1.13568,1.13425,1.13531,2915
2025-04-28 06:00:00+00:00,1.1353,1.13599,1.13507,1.13557,2207
2025-04-28 07:00:00+00:00,1.13555,1.1372200000000001,1.13521,1.13718,2790
2025-04-28 08:00:00+00:00,1.13719,1.13803,1.13713,1.13738,3029
2025-04-28 09:00:00+00:00,1.13735,1.13739,1.1329,1.1331,5774
2025-04-28 10:00:00+00:00,1.13309,1.13614,1.13306,1.13479,5782
2025-04-28 11:00:00+00:00,1.13479,1.13513,1.13347,1.13433,4831
2025-04-28 12:00:00+00:00,1.13431,1.13584,1.13419,1.13495,5027
2025-04-28 13:00:00+00:00,1.13494,1.13599,1.1345399999999999,1.135,3821
2025-04-28 14:00:00+00:00,1.13501,1.13557,1.13404,1.13512,4069
2025-04-28 15:00:00+00:00,1.13517,1.13724,1.13497,1.13506,5811
2025-04-28 16:00:00+00:00,1.13508,1.13739,1.1339,1.13644,7438
2025-04-28 17:00:00+00:00,1.13644,1.14134,1.13569,1.13782,9237
2025-04-28 18:00:00+00:00,1.1378300000000001,1.1392,1.13707,1.13858,6973
2025-04-28 19:00:00+00:00,1.13858,1.14218,1.13846,1.1411,5942
2025-04-28 20:00:00+00:00,1.14109,1.14189,1.13999,1.14005,5086
2025-04-28 21:00:00+00:00,1.14007,1.14136,1.13998,1.14129,3553
2025-04-28 22:00:00+00:00,1.1413,1.1424400000000001,1.14128,1.14215,2947
2025-04-28 23:00:00+00:00,1.14218,1.1424400000000001,1.14121,1.14158,1619
2025-04-29 00:00:00+00:00,1.14168,1.14206,1.14116,1.14202,215
2025-04-29 01:00:00+00:00,1.142,1.14216,1.14115,1.14123,1465
2025-04-29 02:00:00+00:00,1.14124,1.14215,1.1400299999999999,1.14073,2637
2025-04-29 03:00:00+00:00,1.14075,1.14158,1.13988,1.13993,3597
2025-04-29 04:00:00+00:00,1.13992,1.14083,1.1387,1.1392,3963
2025-04-29 05:00:00+00:00,1.1392,1.14196,1.13917,1.13978,4603
2025-04-29 06:00:00+00:00,1.13977,1.13998,1.1386,1.13902,3595
2025-04-29 07:00:00+00:00,1.13901,1.13934,1.13734,1.13777,3068
2025-04-29 08:00:00+00:00,1.13776,1.13877,1.13755,1.13865,3380
2025-04-29 09:00:00+00:00,1.13864,1.1399,1.13828,1.13894,5233
2025-04-29 10:00:00+00:00,1.13892,1.14118,1.13868,1.14031,7544
2025-04-29 11:00:00+00:00,1.14033,1.14079,1.13811,1.13851,6198
2025-04-29 12:00:00+00:00,1.13848,1.13969,1.13797,1.13798,4409
2025-04-29 13:00:00+00:00,1.138,1.13849,1.13724,1.13773,4393
2025-04-29 14:00:00+00:00,1.13774,1.13864,1.13707,1.13741,4727
2025-04-29 15:00:00+00:00,1.13743,1.14142,1.13696,1.14102,7228
2025-04-29 16:00:00+00:00,1.14102,1.14166,1.13897,1.13949,9008
2025-04-29 17:00:00+00:00,1.13949,1.14172,1.13784,1.13827,11194
2025-04-29 18:00:00+00:00,1.13827,1.1404,1.13817,1.13956,6704
2025-04-29 19:00:00+00:00,1.13954,1.14185,1.13949,1.1402700000000001,5490
2025-04-29 20:00:00+00:00,1.14028,1.14043,1.1383,1.1385399999999999,4256
2025-04-29 21:00:00+00:00,1.13853,1.13929,1.13757,1.1381999999999999,3673
2025-04-29 22:00:00+00:00,1.13819,1.1388099999999999,1.13755,1.13813,2889
2025-04-29 23:00:00+00:00,1.13813,1.13916,1.13803,1.13849,1855
2025-04-30 00:00:00+00:00,1.13798,1.13861,1.13763,1.13834,1318
2025-04-30 01:00:00+00:00,1.1384,1.13954,1.13812,1.1391499999999999,1241
2025-04-30 02:00:00+00:00,1.1391499999999999,1.1393,1.13855,1.139,1512
2025-04-30 03:00:00+00:00,1.139,1.13948,1.13763,1.13821,3391
2025-04-30 04:00:00+00:00,1.13821,1.13861,1.13565,1.13581,3919
2025-04-30 05:00:00+00:00,1.13583,1.13721,1.13545,1.137,3152
2025-04-30 06:00:00+00:00,1.13702,1.1379299999999999,1.1366100000000001,1.13683,2660
2025-04-30 07:00:00+00:00,1.13682,1.13776,1.13658,1.13729,2536
2025-04-30 08:00:00+00:00,1.13729,1.1384,1.13712,1.13824,2536
2025-04-30 09:00:00+00:00,1.13822,1.13992,1.13652,1.13897,4928
2025-04-30 10:00:00+00:00,1.13896,1.13899,1.13731,1.13772,5630
2025-04-30 11:00:00+00:00,1.13772,1.13849,1.13619,1.13706,5397
2025-04-30 12:00:00+00:00,1.13711,1.1379,1.13597,1.13619,4554
2025-04-30 13:00:00+00:00,1.13618,1.13692,1.13602,1.13613,3961
2025-04-30 14:00:00+00:00,1.13614,1.138,1.13555,1.1373,5055
2025-04-30 15:00:00+00:00,1.1373,1.13883,1.13642,1.13736,9715
2025-04-30 16:00:00+00:00,1.1373,1.13772,1.13608,1.13677,8555
2025-04-30 17:00:00+00:00,1.13679,1.13786,1.13491,1.13665,10345
2025-04-30 18:00:00+00:00,1.13663,1.13747,1.13226,1.13477,11244
2025-04-30 19:00:00+00:00,1.13477,1.13587,1.1344400000000001,1.13551,4929
2025-04-30 20:00:00+00:00,1.13551,1.13645,1.13447,1.13453,3928
2025-04-30 21:00:00+00:00,1.13453,1.1358,1.13427,1.13483,4784
2025-04-30 22:00:00+00:00,1.13485,1.13529,1.13276,1.1329500000000001,3397
2025-04-30 23:00:00+00:00,1.1329500000000001,1.13308,1.13167,1.13268,3155
2025-05-01 00:00:00+00:00,1.13265,1.13301,1.13221,1.13249,266
2025-05-01 01:00:00+00:00,1.13249,1.1329500000000001,1.13219,1.13251,1833
2025-05-01 02:00:00+00:00,1.13251,1.13257,1.13184,1.13215,1966
2025-05-01 03:00:00+00:00,1.13216,1.1329,1.13201,1.13213,3429
2025-05-01 04:00:00+00:00,1.13214,1.13218,1.13022,1.13079,3046
2025-05-01 05:00:00+00:00,1.1307800000000001,1.13156,1.1305399999999999,1.13147,2277
2025-05-01 06:00:00+00:00,1.13148,1.13182,1.12991,1.13116,4112
2025-05-01 07:00:00+00:00,1.13117,1.1313900000000001,1.13019,1.13021,2831
2025-05-01 08:00:00+00:00,1.1302,1.13061,1.12873,1.12997,4193
2025-05-01 09:00:00+00:00,1.12994,1.13121,1.12978,1.1302,4774
2025-05-01 10:00:00+00:00,1.1302,1.13103,1.1287099999999999,1.13097,5461
2025-05-01 11:00:00+00:00,1.13095,1.13305,1.13094,1.13192,4136
2025-05-01 12:00:00+00:00,1.13193,1.13245,1.13131,1.1313900000000001,3661
2025-05-01 13:00:00+00:00,1.1313900000000001,1.13338,1.13113,1.13315,3848
2025-05-01 14:00:00+00:00,1.13316,1.13406,1.13157,1.13197,4888
2025-05-01 15:00:00+00:00,1.13199,1.13385,1.13077,1.1314899999999999,7689
2025-05-01 16:00:00+00:00,1.13145,1.13273,1.13105,1.13184,7091
2025-05-01 17:00:00+00:00,1.13146,1.13183,1.12696,1.1280999999999999,9948
2025-05-01 18:00:00+00:00,1.1280999999999999,1.12898,1.12653,1.12787,6457
2025-05-01 19:00:00+00:00,1.1278299999999999,1.12918,1.12724,1.12902,4662
2025-05-01 20:00:00+00:00,1.12903,1.1291,1.12792,1.12827,2895
2025-05-01 21:00:00+00:00,1.12826,1.1293,1.12747,1.12852,3810
2025-05-01 22:00:00+00:00,1.12853,1.12918,1.12805,1.1288,2974
2025-05-01 23:00:00+00:00,1.12879,1.12936,1.1284,1.12856,1796
2025-05-02 00:00:00+00:00,1.12856,1.12881,1.12827,1.12857,288
2025-05-02 01:00:00+00:00,1.12859,1.1299,1.12856,1.12946,1062
2025-05-02 02:00:00+00:00,1.1295,1.12971,1.12908,1.12954,1465
2025-05-02 03:00:00+00:00,1.12953,1.12991,1.12738,1.12818,4712
2025-05-02 04:00:00+00:00,1.1282,1.12953,1.12781,1.12952,4629
2025-05-02 05:00:00+00:00,1.12954,1.13029,1.12925,1.12933,3230
2025-05-02 06:00:00+00:00,1.12934,1.1315,1.12933,1.13122,3531
2025-05-02 07:00:00+00:00,1.13123,1.13136,1.13007,1.13037,4110
2025-05-02 08:00:00+00:00,1.13039,1.13135,1.1302,1.13072,3722
2025-05-02 09:00:00+00:00,1.13073,1.13287,1.13052,1.13252,6438
2025-05-02 10:00:00+00:00,1.13253,1.13373,1.13172,1.13278,6370
2025-05-02 11:00:00+00:00,1.13278,1.13344,1.13158,1.1331,5542
2025-05-02 12:00:00+00:00,1.13314,1.13546,1.13252,1.13499,6448
2025-05-02 13:00:00+00:00,1.13498,1.1351499999999999,1.1327,1.13307,5135
2025-05-02 14:00:00+00:00,1.13308,1.135,1.13236,1.1346,5985
2025-05-02 15:00:00+00:00,1.13462,1.13469,1.13036,1.13184,11369
2025-05-02 16:00:00+00:00,1.13183,1.13794,1.13143,1.13717,12455
2025-05-02 17:00:00+00:00,1.13716,1.13807,1.13571,1.13682,10507
2025-05-02 18:00:00+00:00,1.13683,1.13683,1.13201,1.13285,8355
2025-05-02 19:00:00+00:00,1.13287,1.13385,1.13166,1.13193,7995
2025-05-02 20:00:00+00:00,1.13194,1.1320000000000001,1.1298,1.13037,5271
2025-05-02 21:00:00+00:00,1.13036,1.13082,1.12919,1.1299299999999999,4306
2025-05-02 22:00:00+00:00,1.1299299999999999,1.13085,1.12991,1.13039,3201
2025-05-02 23:00:00+00:00,1.1304,1.13048,1.1293,1.12991,1408
2025-05-05 00:00:00+00:00,1.13001,1.1305,1.12904,1.12961,420
2025-05-05 01:00:00+00:00,1.12973,1.13145,1.12964,1.13052,3277
2025-05-05 02:00:00+00:00,1.13056,1.13273,1.13013,1.13206,2676
2025-05-05 03:00:00+00:00,1.13207,1.1323400000000001,1.1313900000000001,1.13221,3686
2025-05-05 04:00:00+00:00,1.13223,1.13396,1.13223,1.13342,5797
2025-05-05 05:00:00+00:00,1.13344,1.13463,1.1331,1.1341700000000001,4085
2025-05-05 06:00:00+00:00,1.13418,1.1342,1.13277,1.13315,3084
2025-05-05 07:00:00+00:00,1.13316,1.13387,1.13281,1.13369,2642
2025-05-05 08:00:00+00:00,1.13369,1.1347,1.1329799999999999,1.13328,4435
2025-05-05 09:00:00+00:00,1.13327,1.13365,1.1317599999999999,1.13255,6424
2025-05-05 10:00:00+00:00,1.13252,1.13305,1.13126,1.13126,5444
2025-05-05 11:00:00+00:00,1.13125,1.13324,1.1311,1.13257,5989
2025-05-05 12:00:00+00:00,1.1326,1.13438,1.1326,1.13409,5810
2025-05-05 13:00:00+00:00,1.13411,1.13452,1.13324,1.13443,4597
2025-05-05 14:00:00+00:00,1.13443,1.13571,1.13396,1.13421,4731
2025-05-05 15:00:00+00:00,1.13421,1.13629,1.13397,1.13595,6499
2025-05-05 16:00:00+00:00,1.13594,1.13645,1.13507,1.13507,6744
2025-05-05 17:00:00+00:00,1.1350500000000001,1.13523,1.133,1.13382,9137
2025-05-05 18:00:00+00:00,1.1338,1.13408,1.1312,1.1313900000000001,5877
2025-05-05 19:00:00+00:00,1.1314,1.1314,1.12987,1.13018,4337
2025-05-05 20:00:00+00:00,1.13018,1.13108,1.1297,1.12995,3066
2025-05-05 21:00:00+00:00,1.12994,1.1315,1.12967,1.13126,2814
2025-05-05 22:00:00+00:00,1.13126,1.13207,1.13104,1.13144,2890
2025-05-05 23:00:00+00:00,1.13143,1.13198,1.13114,1.13124,1629
2025-05-06 00:00:00+00:00,1.13116,1.13175,1.13112,1.13153,262
2025-05-06 01:00:00+00:00,1.13153,1.13195,1.13128,1.13141,879
2025-05-06 02:00:00+00:00,1.13142,1.13159,1.13095,1.13117,1232
2025-05-06 03:00:00+00:00,1.1311499999999999,1.13117,1.12804,1.12859,4283
2025-05-06 04:00:00+00:00,1.1286,1.12963,1.12794,1.12931,5666
2025-05-06 05:00:00+00:00,1.1293199999999999,1.13136,1.12924,1.13067,4165
2025-05-06 06:00:00+00:00,1.13068,1.13169,1.13028,1.13147,3274
2025-05-06 07:00:00+00:00,1.13143,1.13272,1.1314,1.13242,2217
2025-05-06 08:00:00+00:00,1.13241,1.13251,1.13131,1.13178,2632
2025-05-06 09:00:00+00:00,1.13178,1.13352,1.13135,1.13257,4833
2025-05-06 10:00:00+00:00,1.13258,1.13476,1.13218,1.13387,7184
2025-05-06 11:00:00+00:00,1.13386,1.13492,1.1322,1.13269,7708
2025-05-06 12:00:00+00:00,1.13269,1.13294,1.1305,1.13113,6287
2025-05-06 13:00:00+00:00,1.13113,1.1327099999999999,1.13091,1.13255,5019
2025-05-06 14:00:00+00:00,1.13254,1.13346,1.13218,1.13267,5508
2025-05-06 15:00:00+00:00,1.1327099999999999,1.13434,1.13163,1.134,6014
2025-05-06 16:00:00+00:00,1.13399,1.13573,1.13257,1.13529,7488
2025-05-06 17:00:00+00:00,1.13529,1.13693,1.13404,1.13407,8214
2025-05-06 18:00:00+00:00,1.13405,1.13494,1.13349,1.13432,5580
2025-05-06 19:00:00+00:00,1.13433,1.13554,1.13304,1.13484,5089
2025-05-06 20:00:00+00:00,1.1348799999999999,1.13699,1.13486,1.13638,4341
2025-05-06 21:00:00+00:00,1.1363699999999999,1.13719,1.13542,1.13712,2965
2025-05-06 22:00:00+00:00,1.13711,1.13808,1.13662,1.13721,2915
2025-05-06 23:00:00+00:00,1.1372200000000001,1.13794,1.13652,1.13665,2667
2025-05-07 00:00:00+00:00,1.13666,1.13709,1.13598,1.13699,126
2025-05-07 01:00:00+00:00,1.13699,1.13716,1.13255,1.13423,4858
2025-05-07 02:00:00+00:00,1.13422,1.13451,1.13326,1.13394,3820
2025-05-07 03:00:00+00:00,1.13395,1.13511,1.13248,1.13406,7028
2025-05-07 04:00:00+00:00,1.13403,1.13513,1.13258,1.13442,7613
2025-05-07 05:00:00+00:00,1.13442,1.13491,1.13352,1.13403,5408
2025-05-07 06:00:00+00:00,1.13404,1.13469,1.13361,1.1345399999999999,3286
2025-05-07 07:00:00+00:00,1.13453,1.13511,1.13424,1.1343,2917
2025-05-07 08:00:00+00:00,1.13431,1.13666,1.13425,1.13645,4128
2025-05-07 09:00:00+00:00,1.13648,1.13777,1.13592,1.13733,5518
2025-05-07 10:00:00+00:00,1.13733,1.13733,1.13545,1.1362,6516
2025-05-07 11:00:00+00:00,1.13621,1.13734,1.13537,1.13577,6284
2025-05-07 12:00:00+00:00,1.13577,1.13614,1.13467,1.13562,5351
2025-05-07 13:00:00+00:00,1.13562,1.13666,1.13556,1.13651,4300
2025-05-07 14:00:00+00:00,1.1365,1.13725,1.13558,1.1357,4441
2025-05-07 15:00:00+00:00,1.13569,1.1366100000000001,1.13552,1.13586,4876
2025-05-07 16:00:00+00:00,1.13585,1.13678,1.13524,1.13663,5766
2025-05-07 17:00:00+00:00,1.13663,1.13705,1.1354,1.13667,5577
2025-05-07 18:00:00+00:00,1.13666,1.13693,1.13412,1.13467,5581
2025-05-07 19:00:00+00:00,1.13467,1.13537,1.13365,1.13484,3794
2025-05-07 20:00:00+00:00,1.13485,1.13492,1.13342,1.13342,3343
2025-05-07 21:00:00+00:00,1.13344,1.13646,1.13197,1.13334,11499
2025-05-07 22:00:00+00:00,1.13334,1.13339,1.13002,1.13063,9468
2025-05-07 23:00:00+00:00,1.13064,1.1308,1.12913,1.12954,2406
2025-05-08 00:00:00+00:00,1.1295600000000001,1.13133,1.12955,1.13098,481
2025-05-08 01:00:00+00:00,1.13098,1.13098,1.12995,1.13008,1757
2025-05-08 02:00:00+00:00,1.13008,1.13098,1.13008,1.13024,1419
2025-05-08 03:00:00+00:00,1.1302699999999999,1.13221,1.1301700000000001,1.13097,3776
2025-05-08 04:00:00+00:00,1.13096,1.1332200000000001,1.13077,1.13312,6103
2025-05-08 05:00:00+00:00,1.13312,1.13351,1.1322,1.13222,4209
2025-05-08 06:00:00+00:00,1.13224,1.13357,1.13221,1.1327099999999999,3021
2025-05-08 07:00:00+00:00,1.1327,1.13306,1.1317300000000001,1.13175,2195
2025-05-08 08:00:00+00:00,1.13174,1.13179,1.12965,1.13033,4177
2025-05-08 09:00:00+00:00,1.13029,1.13071,1.12761,1.12817,6634
2025-05-08 10:00:00+00:00,1.12818,1.12972,1.12698,1.12968,6129
2025-05-08 11:00:00+00:00,1.12967,1.1302699999999999,1.1283,1.12874,5711
2025-05-08 12:00:00+00:00,1.12873,1.12974,1.12824,1.12843,4469
2025-05-08 13:00:00+00:00,1.12842,1.1299299999999999,1.12748,1.12869,4374
2025-05-08 14:00:00+00:00,1.12869,1.13045,1.12847,1.1295600000000001,6439
2025-05-08 15:00:00+00:00,1.1295600000000001,1.13198,1.12925,1.12992,7093
2025-05-08 16:00:00+00:00,1.1299299999999999,1.13114,1.12948,1.13058,7708
2025-05-08 17:00:00+00:00,1.13059,1.1316,1.12754,1.12779,8478
2025-05-08 18:00:00+00:00,1.12778,1.12894,1.12338,1.12479,10689
2025-05-08 19:00:00+00:00,1.12476,1.12491,1.1219999999999999,1.12257,7378
2025-05-08 20:00:00+00:00,1.12256,1.12294,1.1212,1.1226099999999999,4590
2025-05-08 21:00:00+00:00,1.12262,1.12303,1.12191,1.12242,3143
2025-05-08 22:00:00+00:00,1.12241,1.12279,1.12114,1.12257,3565
2025-05-08 23:00:00+00:00,1.12257,1.12294,1.12194,1.12212,1906
2025-05-09 00:00:00+00:00,1.12214,1.12267,1.1218,1.12267,170
2025-05-09 01:00:00+00:00,1.12269,1.12326,1.12254,1.12315,991
2025-05-09 02:00:00+00:00,1.12316,1.12321,1.1221700000000001,1.12266,1572
2025-05-09 03:00:00+00:00,1.12266,1.12328,1.12127,1.12266,3974
2025-05-09 04:00:00+00:00,1.12265,1.12288,1.12103,1.12118,4600
2025-05-09 05:00:00+00:00,1.12118,1.12189,1.11962,1.12179,4123
2025-05-09 06:00:00+00:00,1.12178,1.12274,1.12178,1.12222,3850
2025-05-09 07:00:00+00:00,1.12222,1.12295,1.12222,1.12275,2467
2025-05-09 08:00:00+00:00,1.12275,1.12363,1.12178,1.12354,3043
2025-05-09 09:00:00+00:00,1.12353,1.12472,1.12318,1.12399,4308
2025-05-09 10:00:00+00:00,1.12399,1.12578,1.12366,1.12509,5431
2025-05-09 11:00:00+00:00,1.12509,1.12588,1.12418,1.1256,4325
2025-05-09 12:00:00+00:00,1.12558,1.12594,1.12445,1.12457,3678
2025-05-09 13:00:00+00:00,1.12457,1.12509,1.1242,1.12451,3711
2025-05-09 14:00:00+00:00,1.12451,1.12601,1.12431,1.1254,5114
2025-05-09 15:00:00+00:00,1.1254,1.12563,1.12466,1.12536,4229
2025-05-09 16:00:00+00:00,1.12537,1.12675,1.12528,1.12578,5350
2025-05-09 17:00:00+00:00,1.12578,1.12926,1.12553,1.12672,6667
2025-05-09 18:00:00+00:00,1.1267,1.12726,1.12597,1.12693,5324
2025-05-09 19:00:00+00:00,1.12691,1.12748,1.12569,1.1258,3563
2025-05-09 20:00:00+00:00,1.1258,1.12646,1.12525,1.12615,2359
2025-05-09 21:00:00+00:00,1.12614,1.12658,1.12542,1.12585,2389
2025-05-09 22:00:00+00:00,1.12584,1.12597,1.12481,1.12567,2121
2025-05-09 23:00:00+00:00,1.12568,1.12568,1.12449,1.12451,1255
2025-05-12 00:00:00+00:00,1.11895,1.12225,1.1189,1.12085,570
2025-05-12 01:00:00+00:00,1.12097,1.1231,1.12059,1.1225,2983
2025-05-12 02:00:00+00:00,1.1225,1.12359,1.12226,1.12274,2627
2025-05-12 03:00:00+00:00,1.12275,1.12389,1.12245,1.12384,4914
2025-05-12 04:00:00+00:00,1.12382,1.12423,1.12218,1.12253,5662
2025-05-12 05:00:00+00:00,1.12253,1.12374,1.12246,1.12279,3378
2025-05-12 06:00:00+00:00,1.1227800000000001,1.12336,1.12246,1.12324,3223
2025-05-12 07:00:00+00:00,1.12324,1.1234,1.12257,1.12271,2065
2025-05-12 08:00:00+00:00,1.12274,1.12297,1.12134,1.12216,3457
2025-05-12 09:00:00+00:00,1.12218,1.12352,1.12157,1.12177,5093
2025-05-12 10:00:00+00:00,1.12179,1.12186,1.1097299999999999,1.11045,15996
2025-05-12 11:00:00+00:00,1.11044,1.11448,1.10814,1.11371,11562
2025-05-12 12:00:00+00:00,1.11369,1.11413,1.11142,1.11181,7097
2025-05-12 13:00:00+00:00,1.1118,1.1118,1.10715,1.10791,7986
2025-05-12 14:00:00+00:00,1.1078999999999999,1.11172,1.10764,1.11107,8234
2025-05-12 15:00:00+00:00,1.11104,1.11261,1.11002,1.11129,6810
2025-05-12 16:00:00+00:00,1.1113,1.11341,1.11097,1.11183,8445
2025-05-12 17:00:00+00:00,1.11181,1.11337,1.11067,1.11111,9821
2025-05-12 18:00:00+00:00,1.11111,1.11234,1.10999,1.11046,6238
2025-05-12 19:00:00+00:00,1.11047,1.11105,1.10831,1.1084100000000001,5005
2025-05-12 20:00:00+00:00,1.10844,1.10881,1.1072,1.10787,3768
2025-05-12 21:00:00+00:00,1.10786,1.10909,1.10648,1.10893,4277
2025-05-12 22:00:00+00:00,1.10891,1.1096300000000001,1.10821,1.10917,3124
2025-05-12 23:00:00+00:00,1.10918,1.10944,1.10817,1.10817,1818
2025-05-13 00:00:00+00:00,1.10823,1.1090200000000001,1.10807,1.10876,384
2025-05-13 01:00:00+00:00,1.10876,1.10942,1.10873,1.10929,1204
2025-05-13 02:00:00+00:00,1.10933,1.10997,1.1089,1.10953,1869
2025-05-13 03:00:00+00:00,1.10953,1.11063,1.10947,1.11042,3569
2025-05-13 04:00:00+00:00,1.11044,1.11088,1.10992,1.11061,5079
2025-05-13 05:00:00+00:00,1.11061,1.11111,1.10989,1.11025,3072
2025-05-13 06:00:00+00:00,1.11026,1.11165,1.10986,1.11159,2609
2025-05-13 07:00:00+00:00,1.11158,1.11167,1.11084,1.11162,2049
2025-05-13 08:00:00+00:00,1.11164,1.11191,1.11084,1.11099,3079
2025-05-13 09:00:00+00:00,1.11099,1.1118,1.11011,1.11109,5364
2025-05-13 10:00:00+00:00,1.11109,1.1124,1.11023,1.11156,6038
2025-05-13 11:00:00+00:00,1.11156,1.11174,1.1102400000000001,1.11116,4989
2025-05-13 12:00:00+00:00,1.11112,1.11148,1.1102,1.11066,4060
2025-05-13 13:00:00+00:00,1.11066,1.11093,1.10965,1.11043,3815
2025-05-13 14:00:00+00:00,1.11042,1.11116,1.11028,1.11064,3389
2025-05-13 15:00:00+00:00,1.11064,1.11308,1.11064,1.11303,7242
2025-05-13 16:00:00+00:00,1.11304,1.11481,1.11271,1.1135,8097
2025-05-13 17:00:00+00:00,1.11351,1.11639,1.11297,1.11611,8232
2025-05-13 18:00:00+00:00,1.11609,1.11775,1.11564,1.11745,6142
2025-05-13 19:00:00+00:00,1.11745,1.11826,1.11642,1.11755,3780
2025-05-13 20:00:00+00:00,1.11755,1.11795,1.11672,1.11768,2826
2025-05-13 21:00:00+00:00,1.11767,1.11856,1.11749,1.11846,2770
2025-05-13 22:00:00+00:00,1.11847,1.11914,1.11822,1.11895,2339
2025-05-13 23:00:00+00:00,1.11894,1.11944,1.11832,1.11837,1463
2025-05-14 00:00:00+00:00,1.11837,1.11864,1.11797,1.1185,406
2025-05-14 01:00:00+00:00,1.11843,1.11969,1.11843,1.11967,1229
2025-05-14 02:00:00+00:00,1.11968,1.11968,1.11842,1.11852,1499
2025-05-14 03:00:00+00:00,1.11855,1.11961,1.11817,1.11917,3451
2025-05-14 04:00:00+00:00,1.11916,1.11975,1.11832,1.1188,5385
2025-05-14 05:00:00+00:00,1.11882,1.11921,1.11824,1.11883,3980
2025-05-14 06:00:00+00:00,1.11884,1.1195599999999999,1.11841,1.11949,2852
2025-05-14 07:00:00+00:00,1.11949,1.12001,1.11875,1.11883,3061
2025-05-14 08:00:00+00:00,1.11882,1.11921,1.11842,1.1186,2849
2025-05-14 09:00:00+00:00,1.11859,1.11978,1.11798,1.11876,4570
2025-05-14 10:00:00+00:00,1.11874,1.12163,1.1181,1.12145,5894
2025-05-14 11:00:00+00:00,1.12145,1.12519,1.12119,1.12381,9997
2025-05-14 12:00:00+00:00,1.1238,1.12654,1.12307,1.12517,8347
2025-05-14 13:00:00+00:00,1.12514,1.12524,1.12267,1.12304,5091
2025-05-14 14:00:00+00:00,1.12304,1.12345,1.12129,1.1217,4474
2025-05-14 15:00:00+00:00,1.12171,1.12349,1.12091,1.12249,6639
2025-05-14 16:00:00+00:00,1.12249,1.12345,1.12097,1.12195,7710
2025-05-14 17:00:00+00:00,1.12196,1.12232,1.12022,1.12116,8000
2025-05-14 18:00:00+00:00,1.12113,1.12147,1.11972,1.12049,6311
2025-05-14 19:00:00+00:00,1.12048,1.12129,1.11752,1.11884,6382
2025-05-14 20:00:00+00:00,1.11884,1.11966,1.11809,1.11888,4184
2025-05-14 21:00:00+00:00,1.11888,1.11896,1.11718,1.1178,3619
2025-05-14 22:00:00+00:00,1.11779,1.11779,1.1165,1.11669,3016
2025-05-14 23:00:00+00:00,1.1167,1.11748,1.1164,1.11695,1639
2025-05-15 00:00:00+00:00,1.11695,1.11769,1.11662,1.11766,226
2025-05-15 01:00:00+00:00,1.11765,1.11839,1.11761,1.1182,998
2025-05-15 02:00:00+00:00,1.11822,1.11877,1.11799,1.11809,1487
2025-05-15 03:00:00+00:00,1.11808,1.11941,1.11755,1.1191,3491
2025-05-15 04:00:00+00:00,1.1191,1.11992,1.11902,1.11929,3951
2025-05-15 05:00:00+00:00,1.11929,1.11961,1.11883,1.11942,2739
2025-05-15 06:00:00+00:00,1.11942,1.12008,1.11919,1.11963,2671
2025-05-15 07:00:00+00:00,1.11964,1.11995,1.1191200000000001,1.11923,2285
2025-05-15 08:00:00+00:00,1.11924,1.11986,1.11849,1.1193,3099
2025-05-15 09:00:00+00:00,1.1193,1.12273,1.11889,1.12267,5165
2025-05-15 10:00:00+00:00,1.12266,1.12275,1.11911,1.11968,6046
2025-05-15 11:00:00+00:00,1.11967,1.12109,1.11918,1.12094,4655
2025-05-15 12:00:00+00:00,1.12094,1.12126,1.12003,1.12018,3343
2025-05-15 13:00:00+00:00,1.12019,1.12112,1.11977,1.11996,3476
2025-05-15 14:00:00+00:00,1.11998,1.12027,1.11788,1.11825,4265
2025-05-15 15:00:00+00:00,1.11825,1.12134,1.11819,1.12094,7068
2025-05-15 16:00:00+00:00,1.12094,1.12234,1.11946,1.12003,8330
2025-05-15 17:00:00+00:00,1.12003,1.12103,1.11752,1.11858,8085
2025-05-15 18:00:00+00:00,1.11859,1.11965,1.11724,1.11874,5416
2025-05-15 19:00:00+00:00,1.11874,1.11901,1.11721,1.11804,3772
2025-05-15 20:00:00+00:00,1.11805,1.11886,1.11697,1.11707,3283
2025-05-15 21:00:00+00:00,1.11708,1.11792,1.11705,1.11766,2718
2025-05-15 22:00:00+00:00,1.11767,1.11859,1.11721,1.11832,2442
2025-05-15 23:00:00+00:00,1.11833,1.11873,1.11817,1.11849,1326
2025-05-16 00:00:00+00:00,1.11849,1.11895,1.11791,1.11878,393
2025-05-16 01:00:00+00:00,1.1188,1.11925,1.11847,1.11917,1411
2025-05-16 02:00:00+00:00,1.11919,1.11935,1.11892,1.11915,1616
2025-05-16 03:00:00+00:00,1.11915,1.12079,1.119,1.12044,4339
2025-05-16 04:00:00+00:00,1.12044,1.12082,1.11978,1.1203,3625
2025-05-16 05:00:00+00:00,1.12031,1.12083,1.11988,1.12016,3127
2025-05-16 06:00:00+00:00,1.12016,1.12053,1.11985,1.11999,2721
2025-05-16 07:00:00+00:00,1.11999,1.12039,1.11958,1.12026,2753
2025-05-16 08:00:00+00:00,1.12028,1.12184,1.12006,1.12153,3187
2025-05-16 09:00:00+00:00,1.12152,1.12192,1.12067,1.12119,4273
2025-05-16 10:00:00+00:00,1.1212,1.12169,1.12056,1.12083,4979
2025-05-16 11:00:00+00:00,1.12084,1.1209,1.11968,1.11985,4312
2025-05-16 12:00:00+00:00,1.11984,1.12083,1.11913,1.1194,3856
2025-05-16 13:00:00+00:00,1.11939,1.11996,1.11876,1.11993,3878
2025-05-16 14:00:00+00:00,1.11994,1.12077,1.11898,1.1194,3776
2025-05-16 15:00:00+00:00,1.11938,1.11984,1.11905,1.11967,4524
2025-05-16 16:00:00+00:00,1.11967,1.12055,1.11876,1.11975,5199
2025-05-16 17:00:00+00:00,1.11963,1.1201699999999999,1.1151200000000001,1.11543,8973
2025-05-16 18:00:00+00:00,1.11542,1.11583,1.11396,1.11398,5140
2025-05-16 19:00:00+00:00,1.11397,1.11473,1.11307,1.11446,4592
2025-05-16 20:00:00+00:00,1.11447,1.11474,1.1139000000000001,1.11445,2957
2025-05-16 21:00:00+00:00,1.11446,1.11547,1.11426,1.11522,2788
2025-05-16 22:00:00+00:00,1.11521,1.1158,1.11473,1.11488,2946
2025-05-16 23:00:00+00:00,1.11489,1.11656,1.11445,1.116,2173
2025-05-19 00:00:00+00:00,1.11744,1.11822,1.11693,1.11693,579
2025-05-19 01:00:00+00:00,1.11688,1.11936,1.11685,1.11897,2547
2025-05-19 02:00:00+00:00,1.11899,1.11937,1.11813,1.11884,2739
2025-05-19 03:00:00+00:00,1.11884,1.11983,1.11796,1.11969,5962
2025-05-19 04:00:00+00:00,1.11969,1.11985,1.11726,1.11757,5259
2025-05-19 05:00:00+00:00,1.11757,1.11879,1.11719,1.11818,4073
2025-05-19 06:00:00+00:00,1.11818,1.1185100000000001,1.11782,1.11807,3094
2025-05-19 07:00:00+00:00,1.11806,1.11869,1.11767,1.11833,2635
2025-05-19 08:00:00+00:00,1.11834,1.11878,1.11758,1.11844,3294
2025-05-19 09:00:00+00:00,1.11843,1.12118,1.11815,1.12088,5499
2025-05-19 10:00:00+00:00,1.12088,1.12449,1.12051,1.12378,8103
2025-05-19 11:00:00+00:00,1.1238299999999999,1.12588,1.12354,1.12568,6504
2025-05-19 12:00:00+00:00,1.1257,1.12803,1.12545,1.12793,7140
2025-05-19 13:00:00+00:00,1.12793,1.12879,1.12683,1.12779,5904
2025-05-19 14:00:00+00:00,1.12778,1.12795,1.12615,1.12725,5510
2025-05-19 15:00:00+00:00,1.12726,1.12731,1.12562,1.12564,5854
2025-05-19 16:00:00+00:00,1.12565,1.12649,1.12467,1.12511,8444
2025-05-19 17:00:00+00:00,1.12511,1.12574,1.12412,1.12533,7196
2025-05-19 18:00:00+00:00,1.12534,1.12594,1.1233,1.12357,5586
2025-05-19 19:00:00+00:00,1.12356,1.12393,1.12289,1.12347,4461
2025-05-19 20:00:00+00:00,1.12348,1.12384,1.12237,1.12298,3450
2025-05-19 21:00:00+00:00,1.12297,1.12365,1.12241,1.12346,2862
2025-05-19 22:00:00+00:00,1.12346,1.12415,1.12325,1.12396,1938
2025-05-19 23:00:00+00:00,1.12395,1.1244399999999999,1.12313,1.12314,1788
2025-05-20 00:00:00+00:00,1.12305,1.12431,1.12305,1.12424,299
2025-05-20 01:00:00+00:00,1.12425,1.12431,1.12344,1.12347,1073
2025-05-20 02:00:00+00:00,1.12348,1.12359,1.1231,1.12318,1087
2025-05-20 03:00:00+00:00,1.12319,1.12321,1.12176,1.12275,3436
2025-05-20 04:00:00+00:00,1.12275,1.12509,1.12275,1.12379,4925
2025-05-20 05:00:00+00:00,1.12379,1.12457,1.12255,1.12319,3197
2025-05-20 06:00:00+00:00,1.12318,1.1247,1.12291,1.12446,3514
2025-05-20 07:00:00+00:00,1.12446,1.12503,1.124,1.12418,3208
2025-05-20 08:00:00+00:00,1.12416,1.12581,1.12413,1.12543,5340
2025-05-20 09:00:00+00:00,1.12543,1.12621,1.12503,1.1257,5438
2025-05-20 10:00:00+00:00,1.1257,1.12774,1.12524,1.12759,6360
2025-05-20 11:00:00+00:00,1.12755,1.12759,1.1247,1.1258,5563
2025-05-20 12:00:00+00:00,1.1258,1.12666,1.12493,1.12549,4650
2025-05-20 13:00:00+00:00,1.12548,1.12575,1.12426,1.12442,4090
2025-05-20 14:00:00+00:00,1.12443,1.12512,1.1243400000000001,1.12454,4394
2025-05-20 15:00:00+00:00,1.12453,1.12467,1.12232,1.12338,6043
2025-05-20 16:00:00+00:00,1.12339,1.12491,1.12243,1.12454,7558
2025-05-20 17:00:00+00:00,1.12453,1.12687,1.12452,1.12683,9160
2025-05-20 18:00:00+00:00,1.12682,1.12694,1.12491,1.12527,4693
2025-05-20 19:00:00+00:00,1.12527,1.12574,1.12447,1.12563,4134
2025-05-20 20:00:00+00:00,1.12563,1.12771,1.12543,1.12733,3225
2025-05-20 21:00:00+00:00,1.12734,1.12801,1.12707,1.12721,4032
2025-05-20 22:00:00+00:00,1.12719,1.12822,1.12713,1.1280000000000001,2723
2025-05-20 23:00:00+00:00,1.1280000000000001,1.12856,1.12778,1.12815,1303
2025-05-21 00:00:00+00:00,1.1280999999999999,1.12841,1.12782,1.12818,535
2025-05-21 01:00:00+00:00,1.12817,1.12865,1.12798,1.12805,1889
2025-05-21 02:00:00+00:00,1.12806,1.12896,1.1280000000000001,1.12878,1369
2025-05-21 03:00:00+00:00,1.12877,1.13009,1.12872,1.12951,3573
2025-05-21 04:00:00+00:00,1.12952,1.13022,1.12863,1.1298,3987
2025-05-21 05:00:00+00:00,1.1298,1.13256,1.12968,1.13214,4847
2025-05-21 06:00:00+00:00,1.13214,1.13394,1.13184,1.13336,3591
2025-05-21 07:00:00+00:00,1.13336,1.13362,1.13252,1.13286,2601
2025-05-21 08:00:00+00:00,1.13287,1.13376,1.13262,1.13313,3973
2025-05-21 09:00:00+00:00,1.13313,1.13526,1.13218,1.1332200000000001,7538
2025-05-21 10:00:00+00:00,1.13318,1.13336,1.13138,1.13228,7262
2025-05-21 11:00:00+00:00,1.1323,1.13335,1.13118,1.13221,5234
2025-05-21 12:00:00+00:00,1.13222,1.13344,1.13142,1.13343,4238
2025-05-21 13:00:00+00:00,1.13344,1.13617,1.13312,1.1338300000000001,5950
2025-05-21 14:00:00+00:00,1.13384,1.13443,1.13186,1.13235,4474
2025-05-21 15:00:00+00:00,1.13239,1.13345,1.1317,1.13342,5711
2025-05-21 16:00:00+00:00,1.13343,1.13386,1.13229,1.13366,6132
2025-05-21 17:00:00+00:00,1.13365,1.13541,1.1332,1.13403,7475
2025-05-21 18:00:00+00:00,1.13403,1.13481,1.1332200000000001,1.13423,5108
2025-05-21 19:00:00+00:00,1.13424,1.13518,1.13386,1.13401,2842
2025-05-21 20:00:00+00:00,1.13404,1.13625,1.13371,1.1347800000000001,6671
2025-05-21 21:00:00+00:00,1.1347800000000001,1.13485,1.13313,1.13328,4055
2025-05-21 22:00:00+00:00,1.13327,1.13388,1.13179,1.13186,4148
2025-05-21 23:00:00+00:00,1.13184,1.13313,1.13151,1.1323699999999999,1979
2025-05-22 00:00:00+00:00,1.13231,1.13287,1.13217,1.13272,337
2025-05-22 01:00:00+00:00,1.13266,1.1329799999999999,1.13146,1.13148,2566
2025-05-22 02:00:00+00:00,1.13148,1.13321,1.13105,1.13317,2464
2025-05-22 03:00:00+00:00,1.13318,1.13431,1.13258,1.13268,6315
2025-05-22 04:00:00+00:00,1.13267,1.13402,1.13169,1.13372,5914
2025-05-22 05:00:00+00:00,1.13373,1.13446,1.13282,1.13385,4040
2025-05-22 06:00:00+00:00,1.13384,1.13418,1.13303,1.13327,2829
2025-05-22 07:00:00+00:00,1.13326,1.1334,1.13243,1.13326,2149
2025-05-22 08:00:00+00:00,1.13327,1.13348,1.13245,1.1333,2922
2025-05-22 09:00:00+00:00,1.13329,1.13416,1.1317,1.13221,5711
2025-05-22 10:00:00+00:00,1.1322,1.13243,1.12949,1.13209,8042
2025-05-22 11:00:00+00:00,1.13209,1.13342,1.1301,1.13015,8011
2025-05-22 12:00:00+00:00,1.13014,1.13029,1.1290499999999999,1.12939,5767
2025-05-22 13:00:00+00:00,1.12938,1.12991,1.12899,1.12917,3868
2025-05-22 14:00:00+00:00,1.12919,1.13126,1.12916,1.13081,4871
2025-05-22 15:00:00+00:00,1.13083,1.13145,1.1284399999999999,1.12947,6678
2025-05-22 16:00:00+00:00,1.12948,1.13085,1.12813,1.12827,8369
2025-05-22 17:00:00+00:00,1.12828,1.12975,1.12743,1.12768,8082
2025-05-22 18:00:00+00:00,1.12768,1.12882,1.12655,1.1280000000000001,6034
2025-05-22 19:00:00+00:00,1.12798,1.12875,1.1268,1.12691,3984
2025-05-22 20:00:00+00:00,1.1268799999999999,1.12705,1.12555,1.12675,4220
2025-05-22 21:00:00+00:00,1.12675,1.12803,1.12669,1.12775,2721
2025-05-22 22:00:00+00:00,1.12775,1.12854,1.12775,1.1278299999999999,2378
2025-05-22 23:00:00+00:00,1.12782,1.1283,1.1277,1.12779,1575
2025-05-23 00:00:00+00:00,1.1278,1.12808,1.1277300000000001,1.12796,209
2025-05-23 01:00:00+00:00,1.12797,1.12868,1.12795,1.1286100000000001,1390
2025-05-23 02:00:00+00:00,1.1286,1.12885,1.12808,1.12818,1420
2025-05-23 03:00:00+00:00,1.12818,1.12996,1.12785,1.12965,3764
2025-05-23 04:00:00+00:00,1.12965,1.13186,1.12946,1.13137,4077
2025-05-23 05:00:00+00:00,1.13137,1.13174,1.1307800000000001,1.13144,2242
2025-05-23 06:00:00+00:00,1.13144,1.13171,1.13106,1.13109,1730
2025-05-23 07:00:00+00:00,1.1311,1.13205,1.13075,1.13175,1868
2025-05-23 08:00:00+00:00,1.13174,1.13255,1.13077,1.13225,2452
2025-05-23 09:00:00+00:00,1.13219,1.13265,1.13097,1.13119,4212
2025-05-23 10:00:00+00:00,1.13119,1.13437,1.13091,1.13391,5005
2025-05-23 11:00:00+00:00,1.1339,1.13443,1.13323,1.13415,3440
2025-05-23 12:00:00+00:00,1.13415,1.13536,1.1338,1.13489,4060
2025-05-23 13:00:00+00:00,1.13489,1.13574,1.13439,1.13484,3683
2025-05-23 14:00:00+00:00,1.13484,1.13753,1.12977,1.1320999999999999,11750
2025-05-23 15:00:00+00:00,1.13211,1.13495,1.12969,1.1333,13413
2025-05-23 16:00:00+00:00,1.13329,1.13375,1.13127,1.1314,9292
2025-05-23 17:00:00+00:00,1.1313900000000001,1.13457,1.13104,1.13446,7229
2025-05-23 18:00:00+00:00,1.1344400000000001,1.13593,1.13313,1.1349,5520
2025-05-23 19:00:00+00:00,1.13493,1.13592,1.13406,1.13577,3970
2025-05-23 20:00:00+00:00,1.13578,1.13668,1.13514,1.13604,2653
2025-05-23 21:00:00+00:00,1.13604,1.1369,1.13551,1.13591,3181
2025-05-23 22:00:00+00:00,1.13592,1.13653,1.1354899999999999,1.13631,2839
2025-05-23 23:00:00+00:00,1.1363,1.13676,1.13546,1.13554,1918
2025-05-26 00:00:00+00:00,1.13605,1.13677,1.13595,1.13674,348
2025-05-26 01:00:00+00:00,1.13673,1.1379,1.13615,1.13734,4607
2025-05-26 02:00:00+00:00,1.13739,1.13815,1.13693,1.13744,2884
2025-05-26 03:00:00+00:00,1.13744,1.13974,1.13742,1.13963,5556
2025-05-26 04:00:00+00:00,1.13963,1.14153,1.13876,1.1412,5139
2025-05-26 05:00:00+00:00,1.14121,1.14182,1.14076,1.14091,3880
2025-05-26 06:00:00+00:00,1.14091,1.14121,1.14047,1.14111,2599
2025-05-26 07:00:00+00:00,1.1411,1.14127,1.1402700000000001,1.14089,2118
2025-05-26 08:00:00+00:00,1.1409,1.14181,1.1400000000000001,1.14166,3259
2025-05-26 09:00:00+00:00,1.14165,1.14179,1.14073,1.14085,4632
2025-05-26 10:00:00+00:00,1.14082,1.14119,1.1388,1.13887,4959
2025-05-26 11:00:00+00:00,1.13889,1.1395,1.13823,1.13841,3823
2025-05-26 12:00:00+00:00,1.13841,1.13852,1.13755,1.13786,2756
2025-05-26 13:00:00+00:00,1.13786,1.1386,1.1375899999999999,1.13837,2693
2025-05-26 14:00:00+00:00,1.13838,1.13864,1.13736,1.13765,2390
2025-05-26 15:00:00+00:00,1.13765,1.13819,1.13684,1.13746,2984
2025-05-26 16:00:00+00:00,1.13746,1.1383,1.13727,1.13811,2683
2025-05-26 17:00:00+00:00,1.13811,1.13845,1.13763,1.13838,3153
2025-05-26 18:00:00+00:00,1.13839,1.1385,1.13769,1.13808,2290
2025-05-26 19:00:00+00:00,1.13808,1.13829,1.13754,1.13829,1360
2025-05-26 20:00:00+00:00,1.1383,1.13835,1.13781,1.13802,617
2025-05-26 21:00:00+00:00,1.13801,1.13828,1.13795,1.13804,444
2025-05-26 22:00:00+00:00,1.13804,1.13851,1.138,1.13849,392
2025-05-26 23:00:00+00:00,1.13848,1.13878,1.13807,1.13807,755
2025-05-27 00:00:00+00:00,1.13794,1.13856,1.13774,1.1384400000000001,347
2025-05-27 01:00:00+00:00,1.1385,1.13945,1.13837,1.13898,1361
2025-05-27 02:00:00+00:00,1.13899,1.13908,1.13866,1.1388,1633
2025-05-27 03:00:00+00:00,1.13882,1.1402700000000001,1.13873,1.13996,3580
2025-05-27 04:00:00+00:00,1.13996,1.14068,1.13907,1.13947,3776
2025-05-27 05:00:00+00:00,1.13948,1.14025,1.13903,1.13922,2281
2025-05-27 06:00:00+00:00,1.13921,1.14005,1.13897,1.13933,1923
2025-05-27 07:00:00+00:00,1.13933,1.1397599999999999,1.13772,1.1378,2411
2025-05-27 08:00:00+00:00,1.13781,1.13789,1.13665,1.13782,4618
2025-05-27 09:00:00+00:00,1.13782,1.13924,1.1363699999999999,1.13646,5788
2025-05-27 10:00:00+00:00,1.13646,1.13707,1.13368,1.13405,7002
2025-05-27 11:00:00+00:00,1.13404,1.13575,1.1338300000000001,1.13484,4762
2025-05-27 12:00:00+00:00,1.13482,1.1357599999999999,1.13443,1.1347800000000001,4623
2025-05-27 13:00:00+00:00,1.1347800000000001,1.1351499999999999,1.13402,1.13434,4165
2025-05-27 14:00:00+00:00,1.13434,1.1354,1.13407,1.13508,3708
2025-05-27 15:00:00+00:00,1.13508,1.13674,1.1350500000000001,1.13664,4160
2025-05-27 16:00:00+00:00,1.13664,1.13752,1.1355,1.13579,5171
2025-05-27 17:00:00+00:00,1.1358,1.13609,1.13376,1.13407,6985
2025-05-27 18:00:00+00:00,1.13408,1.1341,1.13228,1.13249,5040
2025-05-27 19:00:00+00:00,1.13252,1.13349,1.13231,1.13314,3084
2025-05-27 20:00:00+00:00,1.13313,1.13365,1.13299,1.13325,2231
2025-05-27 21:00:00+00:00,1.13324,1.13384,1.1328,1.13368,2191
2025-05-27 22:00:00+00:00,1.13368,1.1338300000000001,1.13296,1.13305,2351
2025-05-27 23:00:00+00:00,1.13305,1.1332200000000001,1.1326,1.13268,2104
2025-05-28 00:00:00+00:00,1.1324,1.13308,1.13222,1.13286,731
2025-05-28 01:00:00+00:00,1.13286,1.13367,1.13276,1.13362,794
2025-05-28 02:00:00+00:00,1.13361,1.13376,1.13309,1.13363,1479
2025-05-28 03:00:00+00:00,1.13366,1.13446,1.13336,1.1334,2934
2025-05-28 04:00:00+00:00,1.1334,1.13387,1.13148,1.1317,5496
2025-05-28 05:00:00+00:00,1.1317,1.13252,1.13003,1.13051,4295
2025-05-28 06:00:00+00:00,1.13052,1.13126,1.13001,1.13069,3514
2025-05-28 07:00:00+00:00,1.1307,1.13101,1.13022,1.13057,2862
2025-05-28 08:00:00+00:00,1.13057,1.13146,1.12949,1.13145,3508
2025-05-28 09:00:00+00:00,1.13145,1.13166,1.13032,1.1304,4747
2025-05-28 10:00:00+00:00,1.13041,1.13307,1.13026,1.13262,4738
2025-05-28 11:00:00+00:00,1.1327,1.1334,1.1317599999999999,1.13318,4275
2025-05-28 12:00:00+00:00,1.13317,1.134,1.13276,1.1333199999999999,3698
2025-05-28 13:00:00+00:00,1.1333199999999999,1.13403,1.1323699999999999,1.13254,3751
2025-05-28 14:00:00+00:00,1.13253,1.13283,1.1316,1.1317300000000001,3949
2025-05-28 15:00:00+00:00,1.1317300000000001,1.13241,1.13069,1.13105,4718
2025-05-28 16:00:00+00:00,1.13105,1.13132,1.12965,1.13082,6819
2025-05-28 17:00:00+00:00,1.13083,1.13244,1.13004,1.13018,8025
2025-05-28 18:00:00+00:00,1.13018,1.13081,1.12833,1.12841,5444
2025-05-28 19:00:00+00:00,1.12841,1.12962,1.12836,1.12936,2994
2025-05-28 20:00:00+00:00,1.12934,1.13003,1.12901,1.12908,2582
2025-05-28 21:00:00+00:00,1.1291,1.12976,1.12838,1.12931,3432
2025-05-28 22:00:00+00:00,1.12929,1.12953,1.1287099999999999,1.12891,2763
2025-05-28 23:00:00+00:00,1.12892,1.12952,1.12888,1.129,2813
2025-05-29 00:00:00+00:00,1.12901,1.12948,1.12897,1.12935,448
2025-05-29 01:00:00+00:00,1.12935,1.12967,1.129,1.12912,1534
2025-05-29 02:00:00+00:00,1.12914,1.12919,1.12099,1.12293,9884
2025-05-29 03:00:00+00:00,1.12294,1.12501,1.12227,1.12342,10717
2025-05-29 04:00:00+00:00,1.12341,1.12527,1.12231,1.12514,8628
2025-05-29 05:00:00+00:00,1.12512,1.1256599999999999,1.12412,1.12456,5033
2025-05-29 06:00:00+00:00,1.12455,1.12557,1.12421,1.1248,3522
2025-05-29 07:00:00+00:00,1.1248,1.12544,1.12435,1.12473,2682
2025-05-29 08:00:00+00:00,1.12474,1.12503,1.12304,1.12432,4671
2025-05-29 09:00:00+00:00,1.12431,1.12734,1.12419,1.12707,7565
2025-05-29 10:00:00+00:00,1.12709,1.12822,1.12706,1.1275,6238
2025-05-29 11:00:00+00:00,1.12751,1.12787,1.12615,1.12714,4590
2025-05-29 12:00:00+00:00,1.12713,1.12835,1.1271,1.12774,3514
2025-05-29 13:00:00+00:00,1.12774,1.12911,1.12759,1.12859,3946
2025-05-29 14:00:00+00:00,1.12858,1.12902,1.12675,1.12705,4307
2025-05-29 15:00:00+00:00,1.12705,1.13494,1.12705,1.1349,10241
2025-05-29 16:00:00+00:00,1.13491,1.13596,1.13387,1.13508,8971
2025-05-29 17:00:00+00:00,1.13511,1.1368800000000001,1.13424,1.13496,7977
2025-05-29 18:00:00+00:00,1.13496,1.13703,1.13482,1.13693,5696
2025-05-29 19:00:00+00:00,1.13692,1.13794,1.1366,1.1371,3792
2025-05-29 20:00:00+00:00,1.13711,1.13841,1.13612,1.13766,2969
2025-05-29 21:00:00+00:00,1.13766,1.1384,1.13739,1.13746,2901
2025-05-29 22:00:00+00:00,1.13746,1.13778,1.13656,1.13662,3201
2025-05-29 23:00:00+00:00,1.13663,1.1369799999999999,1.13602,1.13652,1930
2025-05-30 00:00:00+00:00,1.13649,1.13713,1.13622,1.1366100000000001,787
2025-05-30 01:00:00+00:00,1.13681,1.13767,1.13663,1.13708,2742
2025-05-30 02:00:00+00:00,1.13706,1.13788,1.13685,1.13764,2586
2025-05-30 03:00:00+00:00,1.13765,1.1384400000000001,1.13641,1.13721,5582
2025-05-30 04:00:00+00:00,1.1372,1.13894,1.13519,1.13544,7026
2025-05-30 05:00:00+00:00,1.13543,1.13587,1.13479,1.1348799999999999,3982
2025-05-30 06:00:00+00:00,1.1348799999999999,1.13565,1.13453,1.1349,3060
2025-05-30 07:00:00+00:00,1.13491,1.13532,1.13451,1.13455,2747
2025-05-30 08:00:00+00:00,1.13455,1.1353900000000001,1.13425,1.13506,2779
2025-05-30 09:00:00+00:00,1.13508,1.13516,1.13355,1.13461,4772
2025-05-30 10:00:00+00:00,1.1346,1.13474,1.13273,1.13373,5980
2025-05-30 11:00:00+00:00,1.13374,1.13442,1.13229,1.13236,4840
2025-05-30 12:00:00+00:00,1.13236,1.13316,1.13226,1.1325,3723
2025-05-30 13:00:00+00:00,1.13252,1.13343,1.13242,1.1327099999999999,3260
2025-05-30 14:00:00+00:00,1.13269,1.13382,1.13226,1.13377,3381
2025-05-30 15:00:00+00:00,1.13377,1.13582,1.13341,1.13456,8970
2025-05-30 16:00:00+00:00,1.13456,1.13476,1.1312,1.13172,6914
2025-05-30 17:00:00+00:00,1.1317599999999999,1.13541,1.13131,1.13516,10358
2025-05-30 18:00:00+00:00,1.1351499999999999,1.13579,1.1343,1.13458,7175
2025-05-30 19:00:00+00:00,1.13459,1.13546,1.13429,1.13498,5499
2025-05-30 20:00:00+00:00,1.135,1.13665,1.13493,1.13568,3290
2025-05-30 21:00:00+00:00,1.1356600000000001,1.13644,1.13543,1.13581,3794
2025-05-30 22:00:00+00:00,1.1358,1.13602,1.1348799999999999,1.1356,3400
2025-05-30 23:00:00+00:00,1.13559,1.1356,1.13445,1.13462,1899
2025-06-02 00:00:00+00:00,1.1344400000000001,1.13522,1.13421,1.13456,339
2025-06-02 01:00:00+00:00,1.1345399999999999,1.13559,1.13443,1.13542,2109
2025-06-02 02:00:00+00:00,1.13544,1.13598,1.1350500000000001,1.13524,1773
2025-06-02 03:00:00+00:00,1.13524,1.13743,1.13521,1.13683,4928
2025-06-02 04:00:00+00:00,1.13681,1.13817,1.1367099999999999,1.13696,5329
2025-06-02 05:00:00+00:00,1.13696,1.13731,1.13613,1.13639,2776
2025-06-02 06:00:00+00:00,1.1363699999999999,1.13656,1.13537,1.13614,2144
2025-06-02 07:00:00+00:00,1.13614,1.13664,1.13595,1.1365,1929
2025-06-02 08:00:00+00:00,1.13651,1.138,1.13634,1.13789,2726
2025-06-02 09:00:00+00:00,1.13789,1.14065,1.13779,1.14008,4028
2025-06-02 10:00:00+00:00,1.14009,1.14363,1.13982,1.14231,5388
2025-06-02 11:00:00+00:00,1.14232,1.1427100000000001,1.1412200000000001,1.14196,4903
2025-06-02 12:00:00+00:00,1.14196,1.14364,1.14187,1.14228,4898
2025-06-02 13:00:00+00:00,1.14228,1.14276,1.14127,1.14147,3737
2025-06-02 14:00:00+00:00,1.14147,1.14259,1.14086,1.14138,4081
2025-06-02 15:00:00+00:00,1.14137,1.14284,1.14107,1.14178,4388
2025-06-02 16:00:00+00:00,1.1418,1.14223,1.14038,1.14176,6171
2025-06-02 17:00:00+00:00,1.14188,1.14493,1.14188,1.1434199999999999,9771
2025-06-02 18:00:00+00:00,1.1434,1.14384,1.14236,1.14302,5513
2025-06-02 19:00:00+00:00,1.14301,1.14314,1.14112,1.14179,3910
2025-06-02 20:00:00+00:00,1.14178,1.14255,1.14154,1.14221,3457
2025-06-02 21:00:00+00:00,1.14221,1.1442,1.14184,1.14409,3154
2025-06-02 22:00:00+00:00,1.1441,1.1445,1.14331,1.14447,3187
2025-06-02 23:00:00+00:00,1.14446,1.14459,1.14384,1.14384,1612
2025-06-03 00:00:00+00:00,1.14374,1.14408,1.1434199999999999,1.14392,773
2025-06-03 01:00:00+00:00,1.1439,1.14455,1.14374,1.14446,1066
2025-06-03 02:00:00+00:00,1.14446,1.14534,1.14442,1.14527,1813
2025-06-03 03:00:00+00:00,1.14526,1.14542,1.14384,1.14428,3713
2025-06-03 04:00:00+00:00,1.14428,1.1443,1.14262,1.14274,5045
2025-06-03 05:00:00+00:00,1.14274,1.14299,1.1418300000000001,1.1425,2915
2025-06-03 06:00:00+00:00,1.1425,1.14269,1.14155,1.14193,2360
2025-06-03 07:00:00+00:00,1.14193,1.1425,1.14165,1.14247,1567
2025-06-03 08:00:00+00:00,1.14249,1.1427100000000001,1.14116,1.14215,2701
2025-06-03 09:00:00+00:00,1.14215,1.14308,1.1415,1.14283,4326
2025-06-03 10:00:00+00:00,1.14283,1.1432,1.14137,1.14153,5141
2025-06-03 11:00:00+00:00,1.14153,1.14182,1.1405,1.14109,4479
2025-06-03 12:00:00+00:00,1.1411,1.14175,1.14012,1.14112,4312
2025-06-03 13:00:00+00:00,1.14111,1.1412,1.13958,1.13973,3973
2025-06-03 14:00:00+00:00,1.13973,1.13987,1.13858,1.13901,3861
2025-06-03 15:00:00+00:00,1.1390500000000001,1.13938,1.13766,1.13814,4115
2025-06-03 16:00:00+00:00,1.13815,1.13946,1.13766,1.13873,5830
2025-06-03 17:00:00+00:00,1.13869,1.13928,1.1363699999999999,1.13914,8802
2025-06-03 18:00:00+00:00,1.1391499999999999,1.13926,1.13703,1.13715,4720
2025-06-03 19:00:00+00:00,1.13716,1.13829,1.1367099999999999,1.13729,3007
2025-06-03 20:00:00+00:00,1.13731,1.13813,1.13724,1.13777,2329
2025-06-03 21:00:00+00:00,1.13775,1.13775,1.13686,1.13744,2098
2025-06-03 22:00:00+00:00,1.13743,1.13758,1.13672,1.13682,1899
2025-06-03 23:00:00+00:00,1.13682,1.13738,1.13678,1.13697,1274
2025-06-04 00:00:00+00:00,1.13708,1.13755,1.13691,1.13746,640
2025-06-04 01:00:00+00:00,1.13743,1.13746,1.13705,1.13737,1041
2025-06-04 02:00:00+00:00,1.13737,1.13857,1.13737,1.13837,1494
2025-06-04 03:00:00+00:00,1.13836,1.13886,1.13778,1.13823,4641
2025-06-04 04:00:00+00:00,1.13823,1.13928,1.13709,1.13851,6219
2025-06-04 05:00:00+00:00,1.1385,1.13875,1.1373,1.13756,2617
2025-06-04 06:00:00+00:00,1.13754,1.13804,1.1365,1.13672,2616
2025-06-04 07:00:00+00:00,1.13673,1.13787,1.13642,1.1366100000000001,3006
2025-06-04 08:00:00+00:00,1.13663,1.13713,1.13565,1.13619,3301
2025-06-04 09:00:00+00:00,1.13618,1.13777,1.13569,1.13774,5087
2025-06-04 10:00:00+00:00,1.13775,1.13964,1.1375,1.13862,4817
2025-06-04 11:00:00+00:00,1.13862,1.14034,1.13824,1.1399,3692
2025-06-04 12:00:00+00:00,1.13989,1.1399,1.13809,1.13823,3217
2025-06-04 13:00:00+00:00,1.13824,1.13852,1.13745,1.13818,3341
2025-06-04 14:00:00+00:00,1.13818,1.13868,1.13765,1.13787,2868
2025-06-04 15:00:00+00:00,1.13788,1.14106,1.13788,1.1408800000000001,8092
2025-06-04 16:00:00+00:00,1.1409,1.14131,1.13924,1.13971,5640
2025-06-04 17:00:00+00:00,1.1397,1.14341,1.1397,1.14322,8539
2025-06-04 18:00:00+00:00,1.1432,1.14333,1.14165,1.14231,5467
2025-06-04 19:00:00+00:00,1.14232,1.14341,1.14192,1.14325,3638
2025-06-04 20:00:00+00:00,1.14326,1.14331,1.1423,1.1424400000000001,2230
2025-06-04 21:00:00+00:00,1.14243,1.14279,1.14197,1.142,2385
2025-06-04 22:00:00+00:00,1.14199,1.14213,1.14117,1.14118,2413
2025-06-04 23:00:00+00:00,1.14118,1.14222,1.14096,1.1412200000000001,1824
2025-06-05 00:00:00+00:00,1.14118,1.14184,1.14118,1.1414,406
2025-06-05 01:00:00+00:00,1.14137,1.14223,1.14137,1.14192,1351
2025-06-05 02:00:00+00:00,1.14195,1.1428099999999999,1.14181,1.14203,1994
2025-06-05 03:00:00+00:00,1.14203,1.14289,1.1415899999999999,1.14287,4138
2025-06-05 04:00:00+00:00,1.14288,1.14344,1.14128,1.1415899999999999,4280
2025-06-05 05:00:00+00:00,1.1416,1.1419,1.14099,1.14173,2310
2025-06-05 06:00:00+00:00,1.14173,1.14221,1.14083,1.141,2987
2025-06-05 07:00:00+00:00,1.14099,1.14138,1.14074,1.141,2516
2025-06-05 08:00:00+00:00,1.141,1.14131,1.14041,1.14057,2925
2025-06-05 09:00:00+00:00,1.14057,1.14168,1.14046,1.14086,3737
2025-06-05 10:00:00+00:00,1.14084,1.14247,1.1406399999999999,1.14115,3961
2025-06-05 11:00:00+00:00,1.14115,1.1419,1.14084,1.14124,3474
2025-06-05 12:00:00+00:00,1.1412200000000001,1.14212,1.14091,1.1418300000000001,3510
2025-06-05 13:00:00+00:00,1.1418300000000001,1.14322,1.14171,1.14235,3502
2025-06-05 14:00:00+00:00,1.14236,1.1428,1.14155,1.14256,3560
2025-06-05 15:00:00+00:00,1.14256,1.14483,1.14123,1.14291,10908
2025-06-05 16:00:00+00:00,1.1429,1.14945,1.14179,1.148,14136
2025-06-05 17:00:00+00:00,1.1480299999999999,1.14817,1.14537,1.14574,10700
2025-06-05 18:00:00+00:00,1.14571,1.14584,1.14345,1.14387,7115
2025-06-05 19:00:00+00:00,1.14388,1.14474,1.14311,1.14474,4669
2025-06-05 20:00:00+00:00,1.14474,1.14479,1.14314,1.14424,2886
2025-06-05 21:00:00+00:00,1.14423,1.1443699999999999,1.14307,1.14417,3092
2025-06-05 22:00:00+00:00,1.14416,1.14475,1.14331,1.14375,5087
2025-06-05 23:00:00+00:00,1.14374,1.14447,1.14348,1.14432,2011
2025-06-06 00:00:00+00:00,1.14438,1.14468,1.14395,1.14411,506
2025-06-06 01:00:00+00:00,1.1441,1.14511,1.1441,1.1451,1087
2025-06-06 02:00:00+00:00,1.14511,1.14535,1.14462,1.1453,1283
2025-06-06 03:00:00+00:00,1.14531,1.1457,1.14493,1.14497,2970
2025-06-06 04:00:00+00:00,1.14496,1.1452,1.14409,1.14419,3184
2025-06-06 05:00:00+00:00,1.14419,1.1443,1.14327,1.14372,2239
2025-06-06 06:00:00+00:00,1.14372,1.14434,1.14357,1.14396,1862
2025-06-06 07:00:00+00:00,1.14396,1.14418,1.1436600000000001,1.14395,1392
2025-06-06 08:00:00+00:00,1.14392,1.14398,1.14303,1.14355,2047
2025-06-06 09:00:00+00:00,1.14355,1.14419,1.14242,1.1435,3504
2025-06-06 10:00:00+00:00,1.14349,1.14364,1.1421000000000001,1.14265,3872
2025-06-06 11:00:00+00:00,1.14265,1.14288,1.14111,1.14142,3611
2025-06-06 12:00:00+00:00,1.14141,1.14208,1.14104,1.14188,3149
2025-06-06 13:00:00+00:00,1.1419,1.1424,1.14169,1.14223,2637
2025-06-06 14:00:00+00:00,1.14222,1.14284,1.14166,1.14174,2940
2025-06-06 15:00:00+00:00,1.14176,1.14307,1.13843,1.13963,11414
2025-06-06 16:00:00+00:00,1.13962,1.14019,1.13712,1.13898,10177
2025-06-06 17:00:00+00:00,1.13901,1.14158,1.13804,1.13888,9122
2025-06-06 18:00:00+00:00,1.13889,1.14019,1.13806,1.13961,6428
2025-06-06 19:00:00+00:00,1.13961,1.14011,1.13856,1.13867,3572
2025-06-06 20:00:00+00:00,1.13867,1.13974,1.13841,1.13926,2760
2025-06-06 21:00:00+00:00,1.13927,1.13991,1.13922,1.13968,2957
2025-06-06 22:00:00+00:00,1.13968,1.14015,1.13922,1.13956,2600
2025-06-06 23:00:00+00:00,1.13959,1.13973,1.1391,1.13922,1167
2025-06-09 00:00:00+00:00,1.13935,1.13951,1.13893,1.13919,278
2025-06-09 01:00:00+00:00,1.13924,1.1406399999999999,1.13923,1.14058,1023
2025-06-09 02:00:00+00:00,1.14059,1.14109,1.14033,1.14059,1633
2025-06-09 03:00:00+00:00,1.1406,1.14085,1.13922,1.13932,3119
2025-06-09 04:00:00+00:00,1.13932,1.14168,1.13932,1.14148,3224
2025-06-09 05:00:00+00:00,1.1414900000000001,1.14248,1.14137,1.14168,2239
2025-06-09 06:00:00+00:00,1.14168,1.14205,1.14115,1.14116,1428
2025-06-09 07:00:00+00:00,1.14115,1.14186,1.14106,1.14179,1329
2025-06-09 08:00:00+00:00,1.14179,1.14239,1.14116,1.14215,1799
2025-06-09 09:00:00+00:00,1.14215,1.14291,1.14174,1.14268,3042
2025-06-09 10:00:00+00:00,1.14268,1.1428099999999999,1.1419,1.1421999999999999,3213
2025-06-09 11:00:00+00:00,1.14221,1.14357,1.14181,1.14278,3556
2025-06-09 12:00:00+00:00,1.14278,1.14388,1.14252,1.14256,2783
2025-06-09 13:00:00+00:00,1.14257,1.14285,1.14155,1.1419,2218
2025-06-09 14:00:00+00:00,1.14191,1.14228,1.14052,1.14171,3264
2025-06-09 15:00:00+00:00,1.1417,1.14178,1.13941,1.13999,3750
2025-06-09 16:00:00+00:00,1.1400000000000001,1.1404,1.1386,1.14014,4745
2025-06-09 17:00:00+00:00,1.14013,1.14086,1.13932,1.14075,4467
2025-06-09 18:00:00+00:00,1.14075,1.1425,1.14071,1.14238,3004
2025-06-09 19:00:00+00:00,1.14238,1.14251,1.14147,1.14241,1920
2025-06-09 20:00:00+00:00,1.14241,1.14257,1.14189,1.14217,1792
2025-06-09 21:00:00+00:00,1.14216,1.1430500000000001,1.14188,1.14275,2102
2025-06-09 22:00:00+00:00,1.1427100000000001,1.1429,1.14219,1.14224,2022
2025-06-09 23:00:00+00:00,1.14224,1.14265,1.14176,1.14176,958
2025-06-10 00:00:00+00:00,1.14172,1.1421000000000001,1.14146,1.14199,242
2025-06-10 01:00:00+00:00,1.14203,1.14232,1.14193,1.14223,1015
2025-06-10 02:00:00+00:00,1.14224,1.14279,1.14194,1.14257,1395
2025-06-10 03:00:00+00:00,1.14257,1.14352,1.14212,1.14238,3346
2025-06-10 04:00:00+00:00,1.14237,1.14278,1.13945,1.13963,4350
2025-06-10 05:00:00+00:00,1.13963,1.14002,1.13857,1.13985,3755
2025-06-10 06:00:00+00:00,1.13984,1.14044,1.13911,1.14024,2452
2025-06-10 07:00:00+00:00,1.14025,1.14035,1.13909,1.13991,1775
2025-06-10 08:00:00+00:00,1.13991,1.14131,1.13973,1.14046,4838
2025-06-10 09:00:00+00:00,1.14045,1.14144,1.1391499999999999,1.1394,5228
2025-06-10 10:00:00+00:00,1.13939,1.13993,1.13724,1.13917,6446
2025-06-10 11:00:00+00:00,1.13916,1.1411,1.13909,1.14075,5147
2025-06-10 12:00:00+00:00,1.14076,1.1418,1.14031,1.14162,3399
2025-06-10 13:00:00+00:00,1.14162,1.14247,1.14111,1.14231,3153
2025-06-10 14:00:00+00:00,1.14231,1.14337,1.14188,1.14286,3774
2025-06-10 15:00:00+00:00,1.14287,1.144,1.14243,1.14317,3918
2025-06-10 16:00:00+00:00,1.14317,1.14471,1.14302,1.14424,5396
2025-06-10 17:00:00+00:00,1.14424,1.14445,1.14199,1.14252,4668
2025-06-10 18:00:00+00:00,1.14252,1.14274,1.14152,1.14221,3715
2025-06-10 19:00:00+00:00,1.14221,1.14261,1.14153,1.14231,2521
2025-06-10 20:00:00+00:00,1.14231,1.14282,1.14168,1.14225,1569
2025-06-10 21:00:00+00:00,1.14224,1.14247,1.1416,1.14198,2229
2025-06-10 22:00:00+00:00,1.14198,1.1436,1.14185,1.14255,2549
2025-06-10 23:00:00+00:00,1.14254,1.14294,1.14186,1.142,1306
2025-06-11 00:00:00+00:00,1.14199,1.14261,1.14172,1.14234,1147
2025-06-11 01:00:00+00:00,1.14234,1.14289,1.14228,1.14282,835
2025-06-11 02:00:00+00:00,1.14283,1.14391,1.14215,1.14369,2694
2025-06-11 03:00:00+00:00,1.14369,1.14382,1.14199,1.14204,4362
2025-06-11 04:00:00+00:00,1.14204,1.14263,1.14056,1.1408,3459
2025-06-11 05:00:00+00:00,1.1408,1.14174,1.14068,1.1414900000000001,2462
2025-06-11 06:00:00+00:00,1.1414900000000001,1.14169,1.14109,1.14157,1764
2025-06-11 07:00:00+00:00,1.14157,1.14174,1.14114,1.14151,1741
2025-06-11 08:00:00+00:00,1.14152,1.14227,1.1413,1.14219,2014
2025-06-11 09:00:00+00:00,1.14219,1.14231,1.14066,1.14094,3394
2025-06-11 10:00:00+00:00,1.14095,1.14233,1.14047,1.1419,3903
2025-06-11 11:00:00+00:00,1.1419,1.1438,1.14179,1.14304,3610
2025-06-11 12:00:00+00:00,1.14303,1.1445400000000001,1.14294,1.14344,3562
2025-06-11 13:00:00+00:00,1.14346,1.14421,1.14327,1.14378,2774
2025-06-11 14:00:00+00:00,1.14378,1.14401,1.14262,1.14322,3724
2025-06-11 15:00:00+00:00,1.14322,1.1489,1.14278,1.146,10756
2025-06-11 16:00:00+00:00,1.146,1.14731,1.14523,1.14698,8121
2025-06-11 17:00:00+00:00,1.14698,1.14862,1.14667,1.14812,6595
2025-06-11 18:00:00+00:00,1.14812,1.149,1.1474199999999999,1.14889,4934
2025-06-11 19:00:00+00:00,1.1489,1.14956,1.14815,1.1489099999999999,3236
2025-06-11 20:00:00+00:00,1.14892,1.14987,1.14878,1.1497,2356
2025-06-11 21:00:00+00:00,1.14971,1.14992,1.1482999999999999,1.14858,3969
2025-06-11 22:00:00+00:00,1.14858,1.14862,1.14787,1.14823,3113
2025-06-11 23:00:00+00:00,1.14824,1.1489099999999999,1.14797,1.14867,2103
2025-06-12 00:00:00+00:00,1.1486399999999999,1.14878,1.14823,1.14875,362
2025-06-12 01:00:00+00:00,1.14877,1.15083,1.14873,1.15052,1883
2025-06-12 02:00:00+00:00,1.15051,1.15126,1.15039,1.15096,2713
2025-06-12 03:00:00+00:00,1.15096,1.15262,1.15011,1.15208,5300
2025-06-12 04:00:00+00:00,1.15208,1.15287,1.15141,1.15181,5680
2025-06-12 05:00:00+00:00,1.15181,1.15187,1.15061,1.15109,3032
2025-06-12 06:00:00+00:00,1.15109,1.15217,1.15099,1.15191,2775
2025-06-12 07:00:00+00:00,1.1519,1.15192,1.15118,1.15148,2305
2025-06-12 08:00:00+00:00,1.15148,1.15323,1.15105,1.15275,2910
2025-06-12 09:00:00+00:00,1.15273,1.1531,1.1511,1.15218,5115
2025-06-12 10:00:00+00:00,1.15219,1.15273,1.1505,1.1526,5662
2025-06-12 11:00:00+00:00,1.1526,1.15467,1.15226,1.15438,5553
2025-06-12 12:00:00+00:00,1.15439,1.1588,1.15396,1.1571500000000001,5901
2025-06-12 13:00:00+00:00,1.15716,1.16101,1.15662,1.1592500000000001,8294
2025-06-12 14:00:00+00:00,1.1592500000000001,1.16062,1.15835,1.15891,6205
2025-06-12 15:00:00+00:00,1.15891,1.16311,1.15876,1.16093,9564
2025-06-12 16:00:00+00:00,1.16092,1.16167,1.15789,1.15843,7981
2025-06-12 17:00:00+00:00,1.15844,1.15897,1.15786,1.15816,6330
2025-06-12 18:00:00+00:00,1.15816,1.15844,1.15669,1.15764,6454
2025-06-12 19:00:00+00:00,1.15764,1.1579,1.15664,1.15756,4405
2025-06-12 20:00:00+00:00,1.15755,1.1577600000000001,1.15631,1.15746,3101
2025-06-12 21:00:00+00:00,1.15745,1.1580300000000001,1.15694,1.1577,2745
2025-06-12 22:00:00+00:00,1.15771,1.1580300000000001,1.1574200000000001,1.15756,2737
2025-06-12 23:00:00+00:00,1.15755,1.15871,1.1575,1.158,1982
2025-06-13 00:00:00+00:00,1.158,1.15879,1.15736,1.15879,398
2025-06-13 01:00:00+00:00,1.15883,1.15923,1.1587,1.15892,1562
2025-06-13 02:00:00+00:00,1.15896,1.1609,1.15861,1.16085,1862
2025-06-13 03:00:00+00:00,1.1608100000000001,1.1614,1.15388,1.15582,15478
2025-06-13 04:00:00+00:00,1.1558,1.15598,1.15367,1.15478,9735
2025-06-13 05:00:00+00:00,1.15478,1.1558,1.15366,1.15445,6571
2025-06-13 06:00:00+00:00,1.15444,1.15456,1.15271,1.15368,5517
2025-06-13 07:00:00+00:00,1.15368,1.1540300000000001,1.15136,1.15248,4332
2025-06-13 08:00:00+00:00,1.15248,1.15366,1.15112,1.15287,5125
2025-06-13 09:00:00+00:00,1.1529099999999999,1.15459,1.15234,1.15415,8143
2025-06-13 10:00:00+00:00,1.15415,1.15602,1.15347,1.1535,7196
2025-06-13 11:00:00+00:00,1.15351,1.15467,1.1525,1.15282,6089
2025-06-13 12:00:00+00:00,1.1528,1.15353,1.15179,1.1522999999999999,6272
2025-06-13 13:00:00+00:00,1.15229,1.1529099999999999,1.14882,1.15043,7244
2025-06-13 14:00:00+00:00,1.15044,1.15105,1.14898,1.15096,6398
2025-06-13 15:00:00+00:00,1.15096,1.15221,1.1506,1.15157,5665
2025-06-13 16:00:00+00:00,1.15155,1.1527,1.15007,1.1522000000000001,6822
2025-06-13 17:00:00+00:00,1.15222,1.15458,1.1520299999999999,1.15439,7468
2025-06-13 18:00:00+00:00,1.15439,1.1569,1.15375,1.1555900000000001,6704
2025-06-13 19:00:00+00:00,1.1555900000000001,1.1565400000000001,1.15518,1.1554,4071
2025-06-13 20:00:00+00:00,1.15541,1.15549,1.15367,1.15486,3326
2025-06-13 21:00:00+00:00,1.15486,1.15504,1.15329,1.15409,4507
2025-06-13 22:00:00+00:00,1.15405,1.15512,1.15361,1.15494,4144
2025-06-13 23:00:00+00:00,1.15494,1.15515,1.1537,1.15494,2836
2025-06-16 00:00:00+00:00,1.1527,1.15353,1.15266,1.15285,721
2025-06-16 01:00:00+00:00,1.15288,1.15464,1.1525,1.154,6415
2025-06-16 02:00:00+00:00,1.154,1.15405,1.15268,1.15372,3494
2025-06-16 03:00:00+00:00,1.15372,1.15461,1.15301,1.1534200000000001,6089
2025-06-16 04:00:00+00:00,1.15338,1.15438,1.15314,1.15316,5678
2025-06-16 05:00:00+00:00,1.15317,1.15357,1.15259,1.15299,3715
2025-06-16 06:00:00+00:00,1.15298,1.1534200000000001,1.15232,1.15268,2849
2025-06-16 07:00:00+00:00,1.15268,1.15366,1.15267,1.15353,2540
2025-06-16 08:00:00+00:00,1.15353,1.15618,1.15353,1.15563,3995
2025-06-16 09:00:00+00:00,1.15565,1.15753,1.15392,1.15731,5929
2025-06-16 10:00:00+00:00,1.15729,1.15861,1.15664,1.15783,6177
2025-06-16 11:00:00+00:00,1.15782,1.15843,1.15747,1.1578,4168
2025-06-16 12:00:00+00:00,1.15784,1.15841,1.15755,1.15836,3666
2025-06-16 13:00:00+00:00,1.15836,1.15855,1.15717,1.15747,3607
2025-06-16 14:00:00+00:00,1.15747,1.15832,1.15692,1.15725,3794
2025-06-16 15:00:00+00:00,1.15725,1.15844,1.15702,1.15836,4758
2025-06-16 16:00:00+00:00,1.15836,1.16045,1.15836,1.16008,7366
2025-06-16 17:00:00+00:00,1.16009,1.1614200000000001,1.15889,1.1590799999999999,7887
2025-06-16 18:00:00+00:00,1.1590799999999999,1.15943,1.15784,1.15795,5725
2025-06-16 19:00:00+00:00,1.15796,1.15856,1.15778,1.15835,3381
2025-06-16 20:00:00+00:00,1.15834,1.15845,1.15719,1.15774,2471
2025-06-16 21:00:00+00:00,1.15773,1.1581,1.15732,1.15795,2996
2025-06-16 22:00:00+00:00,1.15795,1.15795,1.15546,1.15552,2141
2025-06-16 23:00:00+00:00,1.15551,1.15632,1.15542,1.15599,1038
2025-06-17 00:00:00+00:00,1.15563,1.1562999999999999,1.15558,1.15597,378
2025-06-17 01:00:00+00:00,1.15615,1.15626,1.1553,1.15556,1555
2025-06-17 02:00:00+00:00,1.15557,1.15616,1.1549,1.15534,1997
2025-06-17 03:00:00+00:00,1.1553499999999999,1.15542,1.15422,1.15495,4366
2025-06-17 04:00:00+00:00,1.15497,1.15601,1.15493,1.15538,3844
2025-06-17 05:00:00+00:00,1.15539,1.15606,1.15453,1.15583,3771
2025-06-17 06:00:00+00:00,1.15582,1.15637,1.15547,1.15617,4622
2025-06-17 07:00:00+00:00,1.15618,1.15669,1.15591,1.15605,2947
2025-06-17 08:00:00+00:00,1.15605,1.15649,1.15522,1.15575,2069
2025-06-17 09:00:00+00:00,1.15574,1.1572,1.15523,1.15643,3800
2025-06-17 10:00:00+00:00,1.15642,1.1565,1.1545,1.15576,4549
2025-06-17 11:00:00+00:00,1.15575,1.15594,1.1549800000000001,1.15515,3584
2025-06-17 12:00:00+00:00,1.15517,1.15606,1.1549800000000001,1.15562,4094
2025-06-17 13:00:00+00:00,1.15563,1.15684,1.15547,1.15678,3057
2025-06-17 14:00:00+00:00,1.15679,1.15733,1.15572,1.15613,3606
2025-06-17 15:00:00+00:00,1.15615,1.15798,1.15475,1.15499,5578
2025-06-17 16:00:00+00:00,1.15504,1.1569099999999999,1.15503,1.15584,5481
2025-06-17 17:00:00+00:00,1.15583,1.15607,1.15102,1.15263,6275
2025-06-17 18:00:00+00:00,1.1526399999999999,1.15351,1.15181,1.15338,4352
2025-06-17 19:00:00+00:00,1.15337,1.15387,1.14982,1.15025,4073
2025-06-17 20:00:00+00:00,1.15026,1.15084,1.14778,1.14862,5010
2025-06-17 21:00:00+00:00,1.14863,1.14901,1.14747,1.1479300000000001,3146
2025-06-17 22:00:00+00:00,1.14792,1.14884,1.1476600000000001,1.14843,2419
2025-06-17 23:00:00+00:00,1.14845,1.1485400000000001,1.14743,1.14792,2002
2025-06-18 00:00:00+00:00,1.14752,1.14861,1.1474199999999999,1.14812,467
2025-06-18 01:00:00+00:00,1.14814,1.14834,1.1474199999999999,1.14746,986
2025-06-18 02:00:00+00:00,1.14751,1.14823,1.14746,1.14815,1434
2025-06-18 03:00:00+00:00,1.14814,1.14965,1.14805,1.1492,4890
2025-06-18 04:00:00+00:00,1.14919,1.15005,1.14893,1.14966,5300
2025-06-18 05:00:00+00:00,1.14965,1.15009,1.14928,1.14973,4432
2025-06-18 06:00:00+00:00,1.1497,1.1504699999999999,1.14958,1.14995,2531
2025-06-18 07:00:00+00:00,1.14994,1.15076,1.14963,1.15052,2762
2025-06-18 08:00:00+00:00,1.15051,1.15069,1.15,1.15042,3233
2025-06-18 09:00:00+00:00,1.15041,1.15149,1.15004,1.15101,4408
2025-06-18 10:00:00+00:00,1.151,1.15231,1.1509,1.15128,3699
2025-06-18 11:00:00+00:00,1.15123,1.1515900000000001,1.14982,1.15017,3231
2025-06-18 12:00:00+00:00,1.15019,1.15103,1.14967,1.15033,3058
2025-06-18 13:00:00+00:00,1.15034,1.15104,1.14914,1.1493,2737
2025-06-18 14:00:00+00:00,1.14929,1.15083,1.14919,1.15069,3423
2025-06-18 15:00:00+00:00,1.1507100000000001,1.15165,1.15006,1.15056,4081
2025-06-18 16:00:00+00:00,1.15055,1.15084,1.14877,1.14882,5187
2025-06-18 17:00:00+00:00,1.14882,1.15225,1.14838,1.15068,9689
2025-06-18 18:00:00+00:00,1.15069,1.15298,1.15053,1.15198,4681
2025-06-18 19:00:00+00:00,1.15199,1.15247,1.1501000000000001,1.15025,3124
2025-06-18 20:00:00+00:00,1.15026,1.15087,1.14874,1.14963,2608
2025-06-18 21:00:00+00:00,1.1495,1.15289,1.14737,1.1474199999999999,14332
2025-06-18 22:00:00+00:00,1.14747,1.1487,1.14604,1.1474,9547
2025-06-18 23:00:00+00:00,1.1474,1.14836,1.14717,1.1476899999999999,2702
2025-06-19 00:00:00+00:00,1.1476899999999999,1.14818,1.14686,1.14811,680
2025-06-19 01:00:00+00:00,1.14811,1.14886,1.14745,1.14796,1632
2025-06-19 02:00:00+00:00,1.14797,1.14811,1.14705,1.14756,2313
2025-06-19 03:00:00+00:00,1.14756,1.14832,1.14738,1.14806,3991
2025-06-19 04:00:00+00:00,1.14806,1.14816,1.14516,1.14526,5891
2025-06-19 05:00:00+00:00,1.1452499999999999,1.14577,1.14501,1.14545,3308
2025-06-19 06:00:00+00:00,1.14546,1.14678,1.1453,1.14654,2608
2025-06-19 07:00:00+00:00,1.14653,1.14688,1.14628,1.14688,2382
2025-06-19 08:00:00+00:00,1.14689,1.14689,1.14504,1.1456,2764
2025-06-19 09:00:00+00:00,1.1456,1.14672,1.14458,1.14662,4637
2025-06-19 10:00:00+00:00,1.14661,1.14765,1.14596,1.14612,5222
2025-06-19 11:00:00+00:00,1.14611,1.14788,1.1455899999999999,1.14761,5270
2025-06-19 12:00:00+00:00,1.14762,1.1479300000000001,1.1469,1.14752,3868
2025-06-19 13:00:00+00:00,1.14753,1.14787,1.1469,1.14733,3605
2025-06-19 14:00:00+00:00,1.1473200000000001,1.14871,1.1467100000000001,1.14805,3995
2025-06-19 15:00:00+00:00,1.14806,1.14857,1.14689,1.14771,4016
2025-06-19 16:00:00+00:00,1.1477,1.1484,1.14709,1.14722,4061
2025-06-19 17:00:00+00:00,1.14721,1.1480299999999999,1.14614,1.14679,4360
2025-06-19 18:00:00+00:00,1.1468,1.14717,1.1458,1.14594,2686
2025-06-19 19:00:00+00:00,1.1459,1.14611,1.14542,1.1456,1677
2025-06-19 20:00:00+00:00,1.1455899999999999,1.14826,1.1454900000000001,1.14785,1750
2025-06-19 21:00:00+00:00,1.14785,1.14866,1.14767,1.14845,1355
2025-06-19 22:00:00+00:00,1.14847,1.14996,1.14839,1.14974,1446
2025-06-19 23:00:00+00:00,1.14973,1.1499,1.14913,1.14913,1139
2025-06-20 00:00:00+00:00,1.14913,1.14967,1.14883,1.14932,447
2025-06-20 01:00:00+00:00,1.14932,1.15,1.14912,1.1497,2026
2025-06-20 02:00:00+00:00,1.1497,1.15123,1.14965,1.1511,2199
2025-06-20 03:00:00+00:00,1.15113,1.15234,1.15102,1.15222,3763
2025-06-20 04:00:00+00:00,1.15222,1.15227,1.15126,1.15127,4089
2025-06-20 05:00:00+00:00,1.15128,1.15212,1.15105,1.15177,2889
2025-06-20 06:00:00+00:00,1.15177,1.15298,1.15148,1.15289,3321
2025-06-20 07:00:00+00:00,1.15288,1.1532,1.15238,1.1526399999999999,2075
2025-06-20 08:00:00+00:00,1.15265,1.15285,1.15185,1.15269,2926
2025-06-20 09:00:00+00:00,1.15268,1.15292,1.15134,1.15161,5049
2025-06-20 10:00:00+00:00,1.1516,1.15189,1.15095,1.1516,3469
2025-06-20 11:00:00+00:00,1.1516,1.15262,1.15111,1.15221,3415
2025-06-20 12:00:00+00:00,1.1522000000000001,1.1528100000000001,1.15191,1.15265,2725
2025-06-20 13:00:00+00:00,1.15263,1.15344,1.1522000000000001,1.15237,2430
2025-06-20 14:00:00+00:00,1.15236,1.15256,1.15114,1.15205,3899
2025-06-20 15:00:00+00:00,1.15205,1.15265,1.15052,1.15124,6360
2025-06-20 16:00:00+00:00,1.15125,1.15209,1.15085,1.15179,5102
2025-06-20 17:00:00+00:00,1.15178,1.15187,1.14945,1.15131,6234
2025-06-20 18:00:00+00:00,1.1513,1.15284,1.15105,1.15191,5413
2025-06-20 19:00:00+00:00,1.15192,1.15368,1.15188,1.15355,3220
2025-06-20 20:00:00+00:00,1.15355,1.15434,1.15314,1.15317,2717
2025-06-20 21:00:00+00:00,1.15316,1.15367,1.15266,1.1528100000000001,2004
2025-06-20 22:00:00+00:00,1.1528100000000001,1.15313,1.1515,1.15153,2297
2025-06-20 23:00:00+00:00,1.15154,1.15224,1.15134,1.15202,2283
2025-06-23 00:00:00+00:00,1.14561,1.1474,1.14528,1.14698,1038
2025-06-23 01:00:00+00:00,1.14707,1.14942,1.14702,1.1488,4576
2025-06-23 02:00:00+00:00,1.14881,1.15068,1.14856,1.1499,3472
2025-06-23 03:00:00+00:00,1.14992,1.15053,1.14804,1.1488800000000001,6318
2025-06-23 04:00:00+00:00,1.1488800000000001,1.14921,1.14717,1.14918,5254
2025-06-23 05:00:00+00:00,1.14918,1.15062,1.14918,1.1499,3671
2025-06-23 06:00:00+00:00,1.1499,1.15029,1.14918,1.14933,3380
2025-06-23 07:00:00+00:00,1.14934,1.1496,1.14848,1.149,3309
2025-06-23 08:00:00+00:00,1.14901,1.1514,1.14901,1.15125,4231
2025-06-23 09:00:00+00:00,1.15126,1.15207,1.1503,1.15066,5248
2025-06-23 10:00:00+00:00,1.15073,1.15156,1.14911,1.1498,6115
2025-06-23 11:00:00+00:00,1.14977,1.15016,1.14798,1.14813,4585
2025-06-23 12:00:00+00:00,1.14814,1.14824,1.1453,1.14715,6003
2025-06-23 13:00:00+00:00,1.14714,1.14815,1.14592,1.14623,3767
2025-06-23 14:00:00+00:00,1.14622,1.14744,1.146,1.14723,3780
2025-06-23 15:00:00+00:00,1.14727,1.14777,1.14565,1.1467,4597
2025-06-23 16:00:00+00:00,1.14669,1.14935,1.14644,1.14889,6578
2025-06-23 17:00:00+00:00,1.1489099999999999,1.15401,1.1488800000000001,1.15304,10863
2025-06-23 18:00:00+00:00,1.15305,1.15516,1.15283,1.15369,6741
2025-06-23 19:00:00+00:00,1.15369,1.1557,1.15173,1.15443,6575
2025-06-23 20:00:00+00:00,1.15443,1.1573,1.154,1.15688,7222
2025-06-23 21:00:00+00:00,1.15689,1.15774,1.15655,1.15736,5174
2025-06-23 22:00:00+00:00,1.15737,1.15783,1.15698,1.15779,3334
2025-06-23 23:00:00+00:00,1.1578,1.15811,1.15737,1.15737,1784
2025-06-24 00:00:00+00:00,1.15737,1.15789,1.15737,1.1577,408
2025-06-24 01:00:00+00:00,1.15767,1.16021,1.15728,1.15921,3504
2025-06-24 02:00:00+00:00,1.15927,1.16079,1.15862,1.15973,3659
2025-06-24 03:00:00+00:00,1.15974,1.16083,1.15891,1.15987,6171
2025-06-24 04:00:00+00:00,1.15987,1.1605,1.15894,1.15903,5076
2025-06-24 05:00:00+00:00,1.15902,1.16011,1.15861,1.15997,2951
2025-06-24 06:00:00+00:00,1.15997,1.16093,1.15994,1.16052,2304
2025-06-24 07:00:00+00:00,1.16053,1.16137,1.16018,1.16059,2406
2025-06-24 08:00:00+00:00,1.16059,1.16134,1.16006,1.16102,3275
2025-06-24 09:00:00+00:00,1.16103,1.16217,1.16008,1.1604700000000001,6736
2025-06-24 10:00:00+00:00,1.16048,1.161,1.15794,1.15916,7556
2025-06-24 11:00:00+00:00,1.1590799999999999,1.15991,1.15849,1.1592,5942
2025-06-24 12:00:00+00:00,1.15919,1.16176,1.15913,1.16092,4627
2025-06-24 13:00:00+00:00,1.16089,1.16089,1.15937,1.15961,3168
2025-06-24 14:00:00+00:00,1.15962,1.16145,1.1595900000000001,1.16078,3919
2025-06-24 15:00:00+00:00,1.16079,1.1610800000000001,1.15929,1.16001,5103
2025-06-24 16:00:00+00:00,1.16002,1.16027,1.15816,1.15912,6129
2025-06-24 17:00:00+00:00,1.15913,1.16413,1.15901,1.16163,10741
2025-06-24 18:00:00+00:00,1.16163,1.1635900000000001,1.1606,1.16067,6359
2025-06-24 19:00:00+00:00,1.16066,1.16244,1.16046,1.16235,3974
2025-06-24 20:00:00+00:00,1.16235,1.16321,1.16218,1.16255,2638
2025-06-24 21:00:00+00:00,1.16256,1.16286,1.16194,1.16232,2607
2025-06-24 22:00:00+00:00,1.16231,1.16247,1.16116,1.16121,3037
2025-06-24 23:00:00+00:00,1.16121,1.16149,1.16075,1.16089,2140
2025-06-25 00:00:00+00:00,1.16084,1.16102,1.16044,1.16064,586
2025-06-25 01:00:00+00:00,1.1608100000000001,1.1611,1.16038,1.16072,1308
2025-06-25 02:00:00+00:00,1.16072,1.16148,1.1607,1.16117,1551
2025-06-25 03:00:00+00:00,1.16117,1.16262,1.16106,1.16247,3734
2025-06-25 04:00:00+00:00,1.16246,1.16313,1.16171,1.16281,4394
2025-06-25 05:00:00+00:00,1.16281,1.16291,1.16171,1.16201,2863
2025-06-25 06:00:00+00:00,1.162,1.16227,1.1610800000000001,1.16114,2116
2025-06-25 07:00:00+00:00,1.16113,1.16175,1.16112,1.16133,1807
2025-06-25 08:00:00+00:00,1.16133,1.162,1.16089,1.16188,2173
2025-06-25 09:00:00+00:00,1.16188,1.16221,1.16031,1.16066,3666
2025-06-25 10:00:00+00:00,1.16067,1.16088,1.15895,1.15983,4632
2025-06-25 11:00:00+00:00,1.15985,1.16109,1.1592500000000001,1.16095,4071
2025-06-25 12:00:00+00:00,1.16095,1.1610800000000001,1.15916,1.16002,3450
2025-06-25 13:00:00+00:00,1.16005,1.16077,1.15967,1.16031,2678
2025-06-25 14:00:00+00:00,1.16031,1.16129,1.15963,1.15988,3035
2025-06-25 15:00:00+00:00,1.15988,1.1604700000000001,1.15896,1.15924,4449
2025-06-25 16:00:00+00:00,1.15924,1.16071,1.15897,1.16006,4918
2025-06-25 17:00:00+00:00,1.16,1.1623,1.16,1.16206,6222
2025-06-25 18:00:00+00:00,1.16206,1.16292,1.16163,1.16193,4353
2025-06-25 19:00:00+00:00,1.16193,1.16355,1.16192,1.16305,2993
2025-06-25 20:00:00+00:00,1.16305,1.1644,1.16266,1.16419,2697
2025-06-25 21:00:00+00:00,1.1642000000000001,1.16611,1.16414,1.16606,2993
2025-06-25 22:00:00+00:00,1.16606,1.16646,1.16559,1.16578,2797
2025-06-25 23:00:00+00:00,1.1657899999999999,1.16605,1.16507,1.16582,1989
2025-06-26 00:00:00+00:00,1.16581,1.16581,1.16521,1.16552,402
2025-06-26 01:00:00+00:00,1.16552,1.166,1.16552,1.16589,1395
2025-06-26 02:00:00+00:00,1.16591,1.16843,1.16588,1.16829,3312
2025-06-26 03:00:00+00:00,1.1683,1.16885,1.16797,1.16818,3150
2025-06-26 04:00:00+00:00,1.16817,1.1687400000000001,1.1667,1.16858,3482
2025-06-26 05:00:00+00:00,1.16858,1.16948,1.16817,1.16901,3141
2025-06-26 06:00:00+00:00,1.16901,1.1717,1.16883,1.16941,4285
2025-06-26 07:00:00+00:00,1.1694,1.16943,1.16782,1.16794,2440
2025-06-26 08:00:00+00:00,1.16793,1.16854,1.1675,1.16848,3057
2025-06-26 09:00:00+00:00,1.1684700000000001,1.16999,1.16712,1.1699,5669
2025-06-26 10:00:00+00:00,1.1699,1.17129,1.16909,1.17097,5732
2025-06-26 11:00:00+00:00,1.17098,1.17448,1.17063,1.17271,6268
2025-06-26 12:00:00+00:00,1.17271,1.1728399999999999,1.1712,1.17246,4485
2025-06-26 13:00:00+00:00,1.17245,1.17305,1.1713,1.17143,3553
2025-06-26 14:00:00+00:00,1.17145,1.1715200000000001,1.16933,1.16942,4510
2025-06-26 15:00:00+00:00,1.16942,1.17123,1.16895,1.17062,7934
2025-06-26 16:00:00+00:00,1.17063,1.17204,1.1694,1.17165,7979
2025-06-26 17:00:00+00:00,1.17164,1.17185,1.17056,1.17078,8134
2025-06-26 18:00:00+00:00,1.17079,1.1717,1.16897,1.17163,6231
2025-06-26 19:00:00+00:00,1.17164,1.17398,1.17094,1.17291,4464
2025-06-26 20:00:00+00:00,1.17291,1.17317,1.17201,1.17244,3172
2025-06-26 21:00:00+00:00,1.17243,1.17281,1.17174,1.172,3040
2025-06-26 22:00:00+00:00,1.172,1.172,1.17036,1.1703999999999999,3238
2025-06-26 23:00:00+00:00,1.17039,1.17081,1.16936,1.16995,2236
2025-06-27 00:00:00+00:00,1.16994,1.17011,1.16897,1.16955,813
2025-06-27 01:00:00+00:00,1.16946,1.1697899999999999,1.16803,1.16825,1801
2025-06-27 02:00:00+00:00,1.16826,1.16978,1.16826,1.16926,2278
2025-06-27 03:00:00+00:00,1.16927,1.16975,1.16878,1.16916,3933
2025-06-27 04:00:00+00:00,1.16913,1.17038,1.16854,1.1701,4153
2025-06-27 05:00:00+00:00,1.17011,1.17052,1.16856,1.16992,2795
2025-06-27 06:00:00+00:00,1.16992,1.1709100000000001,1.16949,1.16953,2659
2025-06-27 07:00:00+00:00,1.16952,1.16976,1.16845,1.16846,2506
2025-06-27 08:00:00+00:00,1.16851,1.16931,1.16842,1.16886,2908
2025-06-27 09:00:00+00:00,1.16885,1.17185,1.16831,1.17183,4538
2025-06-27 10:00:00+00:00,1.17182,1.17264,1.17064,1.17142,3959
2025-06-27 11:00:00+00:00,1.17143,1.17258,1.17082,1.17089,3291
2025-06-27 12:00:00+00:00,1.1709100000000001,1.17107,1.1701,1.17089,2739
2025-06-27 13:00:00+00:00,1.17089,1.1715,1.17008,1.17132,2815
2025-06-27 14:00:00+00:00,1.17134,1.17197,1.17104,1.17136,2679
2025-06-27 15:00:00+00:00,1.17137,1.1749100000000001,1.17025,1.17465,8403
2025-06-27 16:00:00+00:00,1.17464,1.17536,1.1715200000000001,1.17264,8128
2025-06-27 17:00:00+00:00,1.17264,1.17378,1.17049,1.1718,7415
2025-06-27 18:00:00+00:00,1.17181,1.17297,1.17109,1.17231,4779
2025-06-27 19:00:00+00:00,1.1723,1.17319,1.17169,1.17217,3244
2025-06-27 20:00:00+00:00,1.17218,1.17237,1.16949,1.17015,5395
2025-06-27 21:00:00+00:00,1.17015,1.17053,1.1687400000000001,1.16992,5469
2025-06-27 22:00:00+00:00,1.16992,1.17085,1.16984,1.17062,3228
2025-06-27 23:00:00+00:00,1.17062,1.17202,1.17055,1.17154,1741
2025-06-30 00:00:00+00:00,1.17289,1.17307,1.17202,1.17301,201
2025-06-30 01:00:00+00:00,1.17298,1.17325,1.1721,1.17295,2060
2025-06-30 02:00:00+00:00,1.17298,1.17383,1.17255,1.17263,2417
2025-06-30 03:00:00+00:00,1.17263,1.17279,1.1715200000000001,1.17175,3958
2025-06-30 04:00:00+00:00,1.17174,1.17342,1.17147,1.17199,4021
2025-06-30 05:00:00+00:00,1.17199,1.17311,1.17178,1.17184,3435
2025-06-30 06:00:00+00:00,1.17183,1.17215,1.17113,1.17117,2740
2025-06-30 07:00:00+00:00,1.17118,1.17315,1.17116,1.17298,2411
2025-06-30 08:00:00+00:00,1.17297,1.17379,1.17229,1.17259,3863
2025-06-30 09:00:00+00:00,1.1726,1.17503,1.17202,1.17427,5341
2025-06-30 10:00:00+00:00,1.17427,1.17429,1.17241,1.17242,4943
2025-06-30 11:00:00+00:00,1.17238,1.173,1.1713,1.1729,5378
2025-06-30 12:00:00+00:00,1.17288,1.17324,1.17168,1.1719,3730
2025-06-30 13:00:00+00:00,1.1719,1.17244,1.1716,1.17242,2805
2025-06-30 14:00:00+00:00,1.17242,1.17311,1.1722299999999999,1.17225,3082
2025-06-30 15:00:00+00:00,1.17227,1.1724700000000001,1.17073,1.1712799999999999,3747
2025-06-30 16:00:00+00:00,1.1712799999999999,1.1721,1.17116,1.1721,4365
2025-06-30 17:00:00+00:00,1.17208,1.17504,1.17103,1.17382,8003
2025-06-30 18:00:00+00:00,1.17381,1.17712,1.1733,1.17692,6378
2025-06-30 19:00:00+00:00,1.17692,1.17695,1.17483,1.1762299999999999,4403
2025-06-30 20:00:00+00:00,1.1762299999999999,1.17702,1.176,1.17653,3490
2025-06-30 21:00:00+00:00,1.17654,1.17794,1.17642,1.17753,3362
2025-06-30 22:00:00+00:00,1.17753,1.17803,1.1772,1.17793,2831
2025-06-30 23:00:00+00:00,1.17792,1.17879,1.17769,1.17865,2189
2025-07-01 00:00:00+00:00,1.17861,1.17861,1.17722,1.17794,1371
2025-07-01 01:00:00+00:00,1.1779600000000001,1.17905,1.17779,1.1785,1860
2025-07-01 02:00:00+00:00,1.17851,1.1787,1.1783,1.17859,1165
2025-07-01 03:00:00+00:00,1.1786,1.17975,1.17858,1.17971,3350
2025-07-01 04:00:00+00:00,1.17971,1.18071,1.17791,1.17797,4168
2025-07-01 05:00:00+00:00,1.17797,1.17889,1.17774,1.17876,2525
2025-07-01 06:00:00+00:00,1.17876,1.17934,1.17861,1.1789,1782
2025-07-01 07:00:00+00:00,1.17892,1.17934,1.17824,1.17858,2001
2025-07-01 08:00:00+00:00,1.17858,1.17892,1.17797,1.1786,2232
2025-07-01 09:00:00+00:00,1.17859,1.17863,1.17755,1.17788,3853
2025-07-01 10:00:00+00:00,1.17789,1.17874,1.17669,1.17854,4694
2025-07-01 11:00:00+00:00,1.17844,1.1817,1.1774,1.18039,5681
2025-07-01 12:00:00+00:00,1.18038,1.18293,1.17964,1.18132,5116
2025-07-01 13:00:00+00:00,1.18132,1.18228,1.18104,1.1811,3408
2025-07-01 14:00:00+00:00,1.18109,1.18189,1.18053,1.18134,3434
2025-07-01 15:00:00+00:00,1.18133,1.1817,1.18018,1.18031,4324
2025-07-01 16:00:00+00:00,1.18032,1.18117,1.17925,1.18017,5467
2025-07-01 17:00:00+00:00,1.18018,1.18019,1.17749,1.17793,7271
2025-07-01 18:00:00+00:00,1.17792,1.17792,1.17688,1.17755,4598
2025-07-01 19:00:00+00:00,1.17756,1.17756,1.1761,1.17651,3413
2025-07-01 20:00:00+00:00,1.17652,1.1783299999999999,1.17652,1.17824,2440
2025-07-01 21:00:00+00:00,1.17825,1.17832,1.17746,1.17803,2201
2025-07-01 22:00:00+00:00,1.17802,1.17909,1.17789,1.17905,3029
2025-07-01 23:00:00+00:00,1.17905,1.18063,1.17904,1.18057,1951
2025-07-02 00:00:00+00:00,1.18055,1.18055,1.17957,1.18033,702
2025-07-02 01:00:00+00:00,1.18033,1.18059,1.18018,1.18023,991
2025-07-02 02:00:00+00:00,1.18026,1.18064,1.17987,1.18047,1151
2025-07-02 03:00:00+00:00,1.18046,1.18076,1.17988,1.18071,3035
2025-07-02 04:00:00+00:00,1.18071,1.18096,1.17916,1.17931,3022
2025-07-02 05:00:00+00:00,1.17932,1.1801300000000001,1.17878,1.17997,2526
2025-07-02 06:00:00+00:00,1.17999,1.18025,1.17956,1.17998,1990
2025-07-02 07:00:00+00:00,1.17999,1.18007,1.17953,1.17958,1508
2025-07-02 08:00:00+00:00,1.17957,1.17977,1.17841,1.17868,2705
2025-07-02 09:00:00+00:00,1.17869,1.1793,1.17729,1.17811,3639
2025-07-02 10:00:00+00:00,1.17812,1.1783,1.17706,1.17736,3905
2025-07-02 11:00:00+00:00,1.1773500000000001,1.17811,1.17696,1.17751,3570
2025-07-02 12:00:00+00:00,1.1775,1.1777199999999999,1.17667,1.17697,3337
2025-07-02 13:00:00+00:00,1.17698,1.17804,1.17642,1.17671,2931
2025-07-02 14:00:00+00:00,1.17671,1.17708,1.17462,1.17492,4346
2025-07-02 15:00:00+00:00,1.1749100000000001,1.1788,1.17466,1.17561,11471
2025-07-02 16:00:00+00:00,1.17561,1.17771,1.17544,1.17594,8189
2025-07-02 17:00:00+00:00,1.17594,1.1770100000000001,1.17503,1.1767,7404
2025-07-02 18:00:00+00:00,1.17667,1.17893,1.17655,1.17889,5293
2025-07-02 19:00:00+00:00,1.17888,1.17935,1.17851,1.1788,3334
2025-07-02 20:00:00+00:00,1.1788,1.17996,1.17879,1.17949,2541
2025-07-02 21:00:00+00:00,1.17949,1.17996,1.1792799999999999,1.1799,2289
2025-07-02 22:00:00+00:00,1.17991,1.18029,1.1795,1.18019,1865
2025-07-02 23:00:00+00:00,1.1802,1.1802,1.1795200000000001,1.17982,1228
2025-07-03 00:00:00+00:00,1.1798,1.17984,1.17875,1.17944,696
2025-07-03 01:00:00+00:00,1.17945,1.17998,1.17934,1.1797900000000001,1128
2025-07-03 02:00:00+00:00,1.1798,1.18017,1.17966,1.17981,861
2025-07-03 03:00:00+00:00,1.1798,1.18082,1.17974,1.18061,3086
2025-07-03 04:00:00+00:00,1.18061,1.18096,1.18035,1.18039,2416
2025-07-03 05:00:00+00:00,1.18039,1.18042,1.17941,1.17972,2046
2025-07-03 06:00:00+00:00,1.17972,1.1799,1.17888,1.17911,1443
2025-07-03 07:00:00+00:00,1.17911,1.17927,1.1787,1.17888,1152
2025-07-03 08:00:00+00:00,1.17889,1.17956,1.17863,1.17954,1811
2025-07-03 09:00:00+00:00,1.17954,1.18025,1.17911,1.18018,3020
2025-07-03 10:00:00+00:00,1.18017,1.18095,1.17939,1.18009,3973
2025-07-03 11:00:00+00:00,1.1801,1.18079,1.17951,1.17974,3273
2025-07-03 12:00:00+00:00,1.17974,1.17976,1.1788,1.17919,2960
2025-07-03 13:00:00+00:00,1.1791800000000001,1.17996,1.17863,1.17929,2420
2025-07-03 14:00:00+00:00,1.1792799999999999,1.17963,1.17826,1.17842,2820
2025-07-03 15:00:00+00:00,1.17844,1.17893,1.17167,1.17377,12108
2025-07-03 16:00:00+00:00,1.17378,1.17789,1.17334,1.17725,8660
2025-07-03 17:00:00+00:00,1.17725,1.17893,1.17506,1.17526,7758
2025-07-03 18:00:00+00:00,1.17526,1.17658,1.17487,1.17564,5148
2025-07-03 19:00:00+00:00,1.17565,1.17576,1.17394,1.1751800000000001,3536
2025-07-03 20:00:00+00:00,1.17517,1.17578,1.17499,1.17534,1394
2025-07-03 21:00:00+00:00,1.17534,1.1756,1.17476,1.17484,1428
2025-07-03 22:00:00+00:00,1.17484,1.17519,1.17438,1.17471,1350
2025-07-03 23:00:00+00:00,1.17471,1.17593,1.17459,1.17559,1544
2025-07-04 00:00:00+00:00,1.17559,1.17584,1.17517,1.17567,501
2025-07-04 01:00:00+00:00,1.17566,1.17591,1.1753,1.17591,1513
2025-07-04 02:00:00+00:00,1.17588,1.1771,1.17554,1.17686,1528
2025-07-04 03:00:00+00:00,1.17687,1.1770100000000001,1.17631,1.17665,3344
2025-07-04 04:00:00+00:00,1.17665,1.17691,1.17555,1.1759,3445
2025-07-04 05:00:00+00:00,1.17591,1.17703,1.1758899999999999,1.17649,2222
2025-07-04 06:00:00+00:00,1.1764999999999999,1.1772,1.1764000000000001,1.17697,1896
2025-07-04 07:00:00+00:00,1.17696,1.1779600000000001,1.17689,1.17795,2083
2025-07-04 08:00:00+00:00,1.17795,1.17849,1.17792,1.17835,2322
2025-07-04 09:00:00+00:00,1.17837,1.17844,1.17739,1.1780599999999999,3502
2025-07-04 10:00:00+00:00,1.17805,1.1782,1.17669,1.17692,4651
2025-07-04 11:00:00+00:00,1.17692,1.17771,1.17678,1.1774,3778
2025-07-04 12:00:00+00:00,1.17739,1.17816,1.17716,1.17779,3147
2025-07-04 13:00:00+00:00,1.17778,1.17804,1.17744,1.17773,2794
2025-07-04 14:00:00+00:00,1.17773,1.17816,1.17679,1.1768399999999999,2807
2025-07-04 15:00:00+00:00,1.17685,1.17714,1.17634,1.17661,2980
2025-07-04 16:00:00+00:00,1.17659,1.17805,1.17659,1.17791,2689
2025-07-04 17:00:00+00:00,1.17792,1.17871,1.17747,1.1778,3086
2025-07-04 18:00:00+00:00,1.17779,1.1784,1.17755,1.17782,2381
2025-07-04 19:00:00+00:00,1.17783,1.17813,1.17732,1.17739,1598
2025-07-04 20:00:00+00:00,1.17739,1.17771,1.17716,1.17751,5221
2025-07-04 21:00:00+00:00,1.1775,1.17786,1.17736,1.17783,4240
2025-07-04 22:00:00+00:00,1.17782,1.17793,1.1772,1.17748,1830
2025-07-04 23:00:00+00:00,1.17744,1.17821,1.17699,1.17713,2147
2025-07-07 00:00:00+00:00,1.17791,1.17821,1.17775,1.17785,288
2025-07-07 01:00:00+00:00,1.17785,1.17811,1.17726,1.1779600000000001,1231
2025-07-07 02:00:00+00:00,1.17795,1.17817,1.17744,1.17798,1276
2025-07-07 03:00:00+00:00,1.17797,1.17897,1.17782,1.17793,3086
2025-07-07 04:00:00+00:00,1.17793,1.17802,1.17696,1.17713,3027
2025-07-07 05:00:00+00:00,1.17714,1.1775,1.17642,1.17669,2717
2025-07-07 06:00:00+00:00,1.1767,1.17739,1.1766,1.17685,2215
2025-07-07 07:00:00+00:00,1.17686,1.17719,1.17636,1.17656,2165
2025-07-07 08:00:00+00:00,1.17656,1.17734,1.1763,1.1771099999999999,2544
2025-07-07 09:00:00+00:00,1.17712,1.17731,1.17496,1.17555,3752
2025-07-07 10:00:00+00:00,1.17555,1.1758,1.17448,1.1745,4277
2025-07-07 11:00:00+00:00,1.1745,1.17469,1.17228,1.17238,3946
2025-07-07 12:00:00+00:00,1.17237,1.17343,1.17216,1.17336,3333
2025-07-07 13:00:00+00:00,1.17336,1.17357,1.17226,1.1727,2871
2025-07-07 14:00:00+00:00,1.17271,1.17337,1.17246,1.1729,2886
2025-07-07 15:00:00+00:00,1.17292,1.17307,1.17175,1.1722,3334
2025-07-07 16:00:00+00:00,1.1722,1.17403,1.17214,1.17346,3870
2025-07-07 17:00:00+00:00,1.17346,1.1745,1.17323,1.17381,3747
2025-07-07 18:00:00+00:00,1.17383,1.17401,1.17298,1.17324,3423
2025-07-07 19:00:00+00:00,1.17327,1.17391,1.16869,1.16937,7237
2025-07-07 20:00:00+00:00,1.16939,1.17132,1.16864,1.17062,6065
2025-07-07 21:00:00+00:00,1.17063,1.17195,1.16995,1.17184,3924
2025-07-07 22:00:00+00:00,1.17184,1.17233,1.17158,1.1718899999999999,2613
2025-07-07 23:00:00+00:00,1.1718899999999999,1.17208,1.17061,1.17073,1689
2025-07-08 00:00:00+00:00,1.17073,1.17089,1.17058,1.17077,553
2025-07-08 01:00:00+00:00,1.17076,1.1737,1.17076,1.17347,1560
2025-07-08 02:00:00+00:00,1.17348,1.17382,1.1731,1.17361,1899
2025-07-08 03:00:00+00:00,1.1736,1.17473,1.1736,1.17429,4093
2025-07-08 04:00:00+00:00,1.17428,1.17439,1.17303,1.17376,3679
2025-07-08 05:00:00+00:00,1.17376,1.17483,1.17355,1.1738,2586
2025-07-08 06:00:00+00:00,1.1738,1.17483,1.17366,1.17463,2249
2025-07-08 07:00:00+00:00,1.17463,1.17497,1.17401,1.17409,2719
2025-07-08 08:00:00+00:00,1.17409,1.17442,1.17332,1.17341,3011
2025-07-08 09:00:00+00:00,1.17342,1.17444,1.17312,1.17412,4204
2025-07-08 10:00:00+00:00,1.17412,1.17648,1.17412,1.17596,4054
2025-07-08 11:00:00+00:00,1.17594,1.176,1.17471,1.17483,3601
2025-07-08 12:00:00+00:00,1.17483,1.1750099999999999,1.17384,1.17415,2903
2025-07-08 13:00:00+00:00,1.17416,1.1742,1.17228,1.17276,2814
2025-07-08 14:00:00+00:00,1.17277,1.1738,1.1721,1.17212,3095
2025-07-08 15:00:00+00:00,1.17212,1.17241,1.17134,1.17205,3683
2025-07-08 16:00:00+00:00,1.17205,1.17218,1.16933,1.17046,5206
2025-07-08 17:00:00+00:00,1.17042,1.1706,1.16821,1.1691799999999999,6168
2025-07-08 18:00:00+00:00,1.1691799999999999,1.17121,1.16892,1.17062,4077
2025-07-08 19:00:00+00:00,1.17063,1.1712500000000001,1.16958,1.17083,5147
2025-07-08 20:00:00+00:00,1.17083,1.17255,1.1707,1.17239,4958
2025-07-08 21:00:00+00:00,1.17239,1.17283,1.17177,1.17248,3257
2025-07-08 22:00:00+00:00,1.17249,1.17292,1.1718899999999999,1.17239,2954
2025-07-08 23:00:00+00:00,1.17235,1.1728399999999999,1.1722,1.1724,1875
2025-07-09 00:00:00+00:00,1.17241,1.17241,1.17142,1.17177,1065
2025-07-09 01:00:00+00:00,1.17177,1.17289,1.17177,1.1728,682
2025-07-09 02:00:00+00:00,1.17283,1.1728399999999999,1.1721300000000001,1.17229,1151
2025-07-09 03:00:00+00:00,1.1723,1.17254,1.17172,1.17241,3172
2025-07-09 04:00:00+00:00,1.1724,1.17254,1.17164,1.17201,3292
2025-07-09 05:00:00+00:00,1.17201,1.17249,1.17044,1.17109,2869
2025-07-09 06:00:00+00:00,1.17107,1.17113,1.17024,1.17034,2306
2025-07-09 07:00:00+00:00,1.17033,1.17133,1.1701,1.1712,2399
2025-07-09 08:00:00+00:00,1.1712,1.17209,1.17104,1.17161,2714
2025-07-09 09:00:00+00:00,1.1716199999999999,1.17281,1.17117,1.17253,3373
2025-07-09 10:00:00+00:00,1.17253,1.17279,1.17039,1.1707,4154
2025-07-09 11:00:00+00:00,1.1707,1.17196,1.17019,1.1712799999999999,4036
2025-07-09 12:00:00+00:00,1.1712799999999999,1.17194,1.17069,1.1713,3135
2025-07-09 13:00:00+00:00,1.1713,1.17172,1.17011,1.17016,2806
2025-07-09 14:00:00+00:00,1.17016,1.1706,1.16891,1.16906,2642
2025-07-09 15:00:00+00:00,1.16907,1.17166,1.16907,1.17149,5089
2025-07-09 16:00:00+00:00,1.17149,1.17221,1.17,1.17029,5019
2025-07-09 17:00:00+00:00,1.1703000000000001,1.17241,1.17023,1.17144,4200
2025-07-09 18:00:00+00:00,1.17143,1.17158,1.17046,1.17057,2700
2025-07-09 19:00:00+00:00,1.17056,1.17087,1.17002,1.17046,1793
2025-07-09 20:00:00+00:00,1.1703999999999999,1.17105,1.17035,1.17087,1227
2025-07-09 21:00:00+00:00,1.17088,1.17173,1.17046,1.17129,1714
2025-07-09 22:00:00+00:00,1.17129,1.17227,1.17124,1.17184,1240
2025-07-09 23:00:00+00:00,1.17184,1.17232,1.17112,1.17206,975
2025-07-10 00:00:00+00:00,1.17143,1.17207,1.17078,1.17206,276
2025-07-10 01:00:00+00:00,1.17206,1.17248,1.17206,1.1724,384
2025-07-10 02:00:00+00:00,1.17242,1.17394,1.17226,1.17376,498
2025-07-10 03:00:00+00:00,1.17377,1.17492,1.17353,1.17433,2340
2025-07-10 04:00:00+00:00,1.1743000000000001,1.17439,1.17374,1.17403,1568
2025-07-10 05:00:00+00:00,1.17403,1.17441,1.17368,1.17386,1649
2025-07-10 06:00:00+00:00,1.17386,1.17394,1.17333,1.17336,1091
2025-07-10 07:00:00+00:00,1.1733500000000001,1.17353,1.17299,1.1734499999999999,864
2025-07-10 08:00:00+00:00,1.17344,1.17405,1.17342,1.17386,1186
2025-07-10 09:00:00+00:00,1.17387,1.1743000000000001,1.1729,1.17323,2005
2025-07-10 10:00:00+00:00,1.17323,1.17374,1.17256,1.17327,2954
2025-07-10 11:00:00+00:00,1.17328,1.17338,1.17255,1.17273,2163
2025-07-10 12:00:00+00:00,1.17272,1.17338,1.17272,1.17305,1643
2025-07-10 13:00:00+00:00,1.17307,1.17337,1.17271,1.17279,1334
2025-07-10 14:00:00+00:00,1.17278,1.1729,1.17076,1.17112,2384
2025-07-10 15:00:00+00:00,1.17116,1.17136,1.17012,1.1706,3921
2025-07-10 16:00:00+00:00,1.17061,1.17141,1.16861,1.16922,3450
2025-07-10 17:00:00+00:00,1.16921,1.16933,1.16621,1.16794,5992
2025-07-10 18:00:00+00:00,1.16793,1.16881,1.1673499999999999,1.16869,3513
2025-07-10 19:00:00+00:00,1.1687,1.16898,1.16818,1.16851,2479
2025-07-10 20:00:00+00:00,1.1685,1.16909,1.16811,1.16887,1710
2025-07-10 21:00:00+00:00,1.16887,1.16944,1.1687400000000001,1.1691799999999999,1673
2025-07-10 22:00:00+00:00,1.16917,1.16986,1.16894,1.16952,1318
2025-07-10 23:00:00+00:00,1.16951,1.17002,1.1694,1.17002,946
2025-07-11 00:00:00+00:00,1.17,1.17022,1.16949,1.17019,260
2025-07-11 01:00:00+00:00,1.17024,1.17069,1.17018,1.17052,631
2025-07-11 02:00:00+00:00,1.17054,1.17056,1.16993,1.17013,628
2025-07-11 03:00:00+00:00,1.17012,1.17042,1.16642,1.16744,4338
2025-07-11 04:00:00+00:00,1.16742,1.1685699999999999,1.1668,1.16747,3350
2025-07-11 05:00:00+00:00,1.16748,1.16775,1.16703,1.16706,2779
2025-07-11 06:00:00+00:00,1.16705,1.1684,1.16699,1.16812,2356
2025-07-11 07:00:00+00:00,1.16812,1.1682299999999999,1.16687,1.16759,2019
2025-07-11 08:00:00+00:00,1.16759,1.16836,1.16744,1.16776,1949
2025-07-11 09:00:00+00:00,1.16777,1.16843,1.16699,1.16743,3009
2025-07-11 10:00:00+00:00,1.16747,1.16954,1.16747,1.1688399999999999,3881
2025-07-11 11:00:00+00:00,1.16885,1.16919,1.16793,1.16818,3162
2025-07-11 12:00:00+00:00,1.16817,1.16949,1.16808,1.1694499999999999,2529
2025-07-11 13:00:00+00:00,1.1694499999999999,1.16963,1.16871,1.16921,2762
2025-07-11 14:00:00+00:00,1.16924,1.1700599999999999,1.16859,1.16873,3129
2025-07-11 15:00:00+00:00,1.1687400000000001,1.16997,1.1682,1.1688,4009
2025-07-11 16:00:00+00:00,1.16881,1.17135,1.1686,1.16882,5037
2025-07-11 17:00:00+00:00,1.16881,1.16937,1.16736,1.16917,5422
2025-07-11 18:00:00+00:00,1.16914,1.17037,1.16887,1.16957,3511
2025-07-11 19:00:00+00:00,1.16957,1.16975,1.1688399999999999,1.1691,2971
2025-07-11 20:00:00+00:00,1.1691,1.16943,1.1686,1.16928,1640
2025-07-11 21:00:00+00:00,1.16929,1.16954,1.16879,1.1688,2041
2025-07-11 22:00:00+00:00,1.16885,1.16916,1.16854,1.16876,2367
2025-07-11 23:00:00+00:00,1.16875,1.16936,1.16784,1.16871,1473
2025-07-14 00:00:00+00:00,1.16638,1.16726,1.16608,1.16662,462
2025-07-14 01:00:00+00:00,1.16681,1.16842,1.16626,1.16642,2024
2025-07-14 02:00:00+00:00,1.16643,1.1682299999999999,1.16629,1.16821,1324
2025-07-14 03:00:00+00:00,1.16821,1.1693500000000001,1.16814,1.16929,2407
2025-07-14 04:00:00+00:00,1.1693,1.16972,1.16836,1.16841,2135
2025-07-14 05:00:00+00:00,1.1684,1.16897,1.16722,1.1674,1644
2025-07-14 06:00:00+00:00,1.16742,1.16845,1.16729,1.16807,2057
2025-07-14 07:00:00+00:00,1.16806,1.16815,1.16743,1.16744,1125
2025-07-14 08:00:00+00:00,1.16743,1.16781,1.16644,1.1669100000000001,1752
2025-07-14 09:00:00+00:00,1.16692,1.16697,1.16537,1.16631,2470
2025-07-14 10:00:00+00:00,1.16632,1.1687,1.16625,1.16853,3192
2025-07-14 11:00:00+00:00,1.16852,1.16883,1.1679599999999999,1.16821,3153
2025-07-14 12:00:00+00:00,1.16821,1.16916,1.1679,1.16907,3165
2025-07-14 13:00:00+00:00,1.16907,1.16949,1.16875,1.1694499999999999,2285
2025-07-14 14:00:00+00:00,1.16946,1.16967,1.16859,1.16882,2774
2025-07-14 15:00:00+00:00,1.1688,1.16913,1.16795,1.16852,2898
2025-07-14 16:00:00+00:00,1.16851,1.16861,1.16741,1.16816,3594
2025-07-14 17:00:00+00:00,1.16815,1.16937,1.1678,1.16829,3732
2025-07-14 18:00:00+00:00,1.16828,1.16953,1.16666,1.16707,3455
2025-07-14 19:00:00+00:00,1.16707,1.16757,1.16597,1.1662,3062
2025-07-14 20:00:00+00:00,1.16619,1.1666400000000001,1.16587,1.16623,1814
2025-07-14 21:00:00+00:00,1.16624,1.16724,1.16624,1.16697,1700
2025-07-14 22:00:00+00:00,1.16694,1.16713,1.16641,1.16676,1244
2025-07-14 23:00:00+00:00,1.16677,1.16686,1.16628,1.16637,992
2025-07-15 00:00:00+00:00,1.1660300000000001,1.16641,1.16588,1.16631,278
2025-07-15 01:00:00+00:00,1.16631,1.16672,1.16631,1.1666,583
2025-07-15 02:00:00+00:00,1.16659,1.1666400000000001,1.166,1.16648,576
2025-07-15 03:00:00+00:00,1.16649,1.16768,1.16642,1.16717,1544
2025-07-15 04:00:00+00:00,1.16719,1.16741,1.16654,1.16686,1768
2025-07-15 05:00:00+00:00,1.16685,1.16744,1.16648,1.1674,2281
2025-07-15 06:00:00+00:00,1.16741,1.16772,1.16727,1.16754,1006
2025-07-15 07:00:00+00:00,1.16753,1.1679599999999999,1.16734,1.16754,903
2025-07-15 08:00:00+00:00,1.16756,1.1685699999999999,1.16754,1.16852,1276
2025-07-15 09:00:00+00:00,1.16848,1.16875,1.16739,1.16774,1717
2025-07-15 10:00:00+00:00,1.16775,1.16921,1.16713,1.169,2729
2025-07-15 11:00:00+00:00,1.16897,1.16909,1.1681300000000001,1.16865,2539
2025-07-15 12:00:00+00:00,1.16865,1.16907,1.1681,1.16845,2249
2025-07-15 13:00:00+00:00,1.16846,1.1687,1.16758,1.16833,1959
2025-07-15 14:00:00+00:00,1.16832,1.16837,1.1667,1.16692,2159
2025-07-15 15:00:00+00:00,1.1669100000000001,1.16905,1.16619,1.16776,5610
2025-07-15 16:00:00+00:00,1.16775,1.16787,1.16385,1.16426,6587
2025-07-15 17:00:00+00:00,1.16427,1.16437,1.16149,1.16181,7217
2025-07-15 18:00:00+00:00,1.16182,1.16182,1.16004,1.16175,4533
2025-07-15 19:00:00+00:00,1.16176,1.162,1.15933,1.15957,3196
2025-07-15 20:00:00+00:00,1.15962,1.16007,1.15924,1.15962,2118
2025-07-15 21:00:00+00:00,1.1596,1.16049,1.15949,1.16026,1602
2025-07-15 22:00:00+00:00,1.16025,1.1602999999999999,1.15987,1.16006,1387
2025-07-15 23:00:00+00:00,1.16004,1.16033,1.15989,1.16009,1047
2025-07-16 00:00:00+00:00,1.15977,1.15991,1.15964,1.15989,100
2025-07-16 01:00:00+00:00,1.15988,1.1604,1.15977,1.16038,466
2025-07-16 02:00:00+00:00,1.16039,1.16075,1.16025,1.16068,620
2025-07-16 03:00:00+00:00,1.16068,1.16129,1.16019,1.16075,2044
2025-07-16 04:00:00+00:00,1.16075,1.16148,1.1606,1.16132,1902
2025-07-16 05:00:00+00:00,1.16133,1.16133,1.16066,1.16098,1446
2025-07-16 06:00:00+00:00,1.16099,1.1615,1.16056,1.16105,1234
2025-07-16 07:00:00+00:00,1.16109,1.16193,1.16098,1.16193,939
2025-07-16 08:00:00+00:00,1.16193,1.1620300000000001,1.16141,1.16201,1401
2025-07-16 09:00:00+00:00,1.16199,1.1627399999999999,1.16181,1.16273,2368
2025-07-16 10:00:00+00:00,1.16272,1.16279,1.16122,1.16182,2723
2025-07-16 11:00:00+00:00,1.16181,1.16253,1.16174,1.16249,2604
2025-07-16 12:00:00+00:00,1.16249,1.1626,1.16127,1.16151,2446
2025-07-16 13:00:00+00:00,1.1615199999999999,1.16185,1.16087,1.16168,2138
2025-07-16 14:00:00+00:00,1.16167,1.16207,1.16004,1.16031,3012
2025-07-16 15:00:00+00:00,1.16032,1.16127,1.15926,1.15982,5053
2025-07-16 16:00:00+00:00,1.15981,1.16025,1.15626,1.1572,6349
2025-07-16 17:00:00+00:00,1.15721,1.16054,1.15617,1.15922,6464
2025-07-16 18:00:00+00:00,1.15917,1.17211,1.15917,1.16278,16944
2025-07-16 19:00:00+00:00,1.16278,1.16557,1.16151,1.16385,8953
2025-07-16 20:00:00+00:00,1.16385,1.1658,1.1635900000000001,1.16409,4208
2025-07-16 21:00:00+00:00,1.16411,1.16439,1.16269,1.16276,2263
2025-07-16 22:00:00+00:00,1.16279,1.16367,1.16199,1.16354,1880
2025-07-16 23:00:00+00:00,1.16353,1.1642299999999999,1.1633,1.16337,1320
2025-07-17 00:00:00+00:00,1.16323,1.16398,1.1630099999999999,1.16314,238
2025-07-17 01:00:00+00:00,1.16338,1.1642000000000001,1.1632500000000001,1.16357,638
2025-07-17 02:00:00+00:00,1.1636,1.16395,1.16327,1.16352,851
2025-07-17 03:00:00+00:00,1.16351,1.16358,1.16168,1.16235,1806
2025-07-17 04:00:00+00:00,1.16236,1.16285,1.16132,1.16273,2306
2025-07-17 05:00:00+00:00,1.1627399999999999,1.1627399999999999,1.16163,1.16176,1985
2025-07-17 06:00:00+00:00,1.16177,1.16189,1.16136,1.16186,1236
2025-07-17 07:00:00+00:00,1.16186,1.1623999999999999,1.16155,1.16239,1305
2025-07-17 08:00:00+00:00,1.16237,1.16269,1.16163,1.16164,1517
2025-07-17 09:00:00+00:00,1.16164,1.16172,1.15727,1.15826,4396
2025-07-17 10:00:00+00:00,1.15827,1.15962,1.15735,1.15902,3449
2025-07-17 11:00:00+00:00,1.15902,1.16048,1.15891,1.1601,2391
2025-07-17 12:00:00+00:00,1.16012,1.16042,1.15883,1.15903,1970
2025-07-17 13:00:00+00:00,1.15903,1.15909,1.1583,1.15856,1377
2025-07-17 14:00:00+00:00,1.15855,1.15895,1.15699,1.15741,1704
2025-07-17 15:00:00+00:00,1.15739,1.15921,1.15565,1.15867,5429
2025-07-17 16:00:00+00:00,1.15866,1.15981,1.15797,1.15858,4716
2025-07-17 17:00:00+00:00,1.15857,1.15922,1.15774,1.15875,3922
2025-07-17 18:00:00+00:00,1.15873,1.16022,1.1585,1.1596,3098
2025-07-17 19:00:00+00:00,1.15963,1.16014,1.1583,1.15858,2426
2025-07-17 20:00:00+00:00,1.15856,1.15902,1.15819,1.1584699999999999,1936
2025-07-17 21:00:00+00:00,1.15846,1.15875,1.15795,1.1584,1457
2025-07-17 22:00:00+00:00,1.15839,1.15993,1.15839,1.15971,1744
2025-07-17 23:00:00+00:00,1.1597,1.15998,1.15937,1.15947,1125
2025-07-18 00:00:00+00:00,1.15911,1.15964,1.15866,1.15958,285
2025-07-18 01:00:00+00:00,1.15962,1.16188,1.15954,1.16163,990
2025-07-18 02:00:00+00:00,1.16165,1.16192,1.1614200000000001,1.16145,1193
2025-07-18 03:00:00+00:00,1.16146,1.16272,1.16141,1.16241,2875
2025-07-18 04:00:00+00:00,1.16242,1.16338,1.16196,1.16285,2348
2025-07-18 05:00:00+00:00,1.16285,1.16307,1.16238,1.16287,1618
2025-07-18 06:00:00+00:00,1.16288,1.16314,1.16216,1.16233,1798
2025-07-18 07:00:00+00:00,1.16234,1.16235,1.16178,1.16188,1018
2025-07-18 08:00:00+00:00,1.16188,1.162,1.1611799999999999,1.16166,1266
2025-07-18 09:00:00+00:00,1.16166,1.16221,1.16115,1.16199,1951
2025-07-18 10:00:00+00:00,1.16201,1.16307,1.16196,1.16285,2322
2025-07-18 11:00:00+00:00,1.16285,1.16453,1.16278,1.16351,3627
2025-07-18 12:00:00+00:00,1.1635,1.16426,1.16328,1.1633,3048
2025-07-18 13:00:00+00:00,1.1633,1.16417,1.16316,1.16395,2439
2025-07-18 14:00:00+00:00,1.16395,1.16477,1.16393,1.1644,3193
2025-07-18 15:00:00+00:00,1.16439,1.1658,1.16427,1.16558,4685
2025-07-18 16:00:00+00:00,1.16559,1.16672,1.16474,1.16655,4578
2025-07-18 17:00:00+00:00,1.16665,1.16715,1.1644,1.16474,6284
2025-07-18 18:00:00+00:00,1.16476,1.16573,1.16422,1.16442,3650
2025-07-18 19:00:00+00:00,1.16442,1.16483,1.1626,1.16281,3096
2025-07-18 20:00:00+00:00,1.16281,1.16294,1.16174,1.16265,1644
2025-07-18 21:00:00+00:00,1.16265,1.16275,1.16189,1.16212,1596
2025-07-18 22:00:00+00:00,1.16211,1.16227,1.16167,1.16219,1346
2025-07-18 23:00:00+00:00,1.16217,1.1627,1.16176,1.16243,1222
2025-07-21 00:00:00+00:00,1.1632500000000001,1.16332,1.16223,1.16324,452
2025-07-21 01:00:00+00:00,1.16324,1.16334,1.16219,1.16258,2514
2025-07-21 02:00:00+00:00,1.16259,1.16313,1.16242,1.16292,698
2025-07-21 03:00:00+00:00,1.16291,1.1635900000000001,1.16183,1.16187,2333
2025-07-21 04:00:00+00:00,1.16183,1.16248,1.16154,1.16168,2588
2025-07-21 05:00:00+00:00,1.16164,1.16238,1.16141,1.16214,1220
2025-07-21 06:00:00+00:00,1.16214,1.16252,1.16197,1.16249,1080
2025-07-21 07:00:00+00:00,1.1625,1.16296,1.16227,1.16288,1114
2025-07-21 08:00:00+00:00,1.16287,1.16348,1.16273,1.16331,1595
2025-07-21 09:00:00+00:00,1.16331,1.16424,1.16288,1.16409,2483
2025-07-21 10:00:00+00:00,1.16412,1.16469,1.16351,1.1643,3207
2025-07-21 11:00:00+00:00,1.16431,1.16517,1.1636,1.16418,3125
2025-07-21 12:00:00+00:00,1.16418,1.16482,1.16381,1.16445,3119
2025-07-21 13:00:00+00:00,1.16444,1.1645699999999999,1.16332,1.16452,2768
2025-07-21 14:00:00+00:00,1.16451,1.16694,1.16442,1.16672,3883
2025-07-21 15:00:00+00:00,1.16671,1.1673,1.16622,1.16646,3684
2025-07-21 16:00:00+00:00,1.16646,1.16652,1.16573,1.16643,2714
2025-07-21 17:00:00+00:00,1.16642,1.1698,1.16635,1.16961,5365
2025-07-21 18:00:00+00:00,1.1696,1.17163,1.16952,1.17043,4008
2025-07-21 19:00:00+00:00,1.17042,1.17052,1.1695,1.16997,2990
2025-07-21 20:00:00+00:00,1.16996,1.17011,1.16856,1.16903,2152
2025-07-21 21:00:00+00:00,1.16902,1.16948,1.16864,1.16934,1935
2025-07-21 22:00:00+00:00,1.1693500000000001,1.16956,1.16887,1.16891,1633
2025-07-21 23:00:00+00:00,1.1689,1.16964,1.16878,1.1692,1445
2025-07-22 00:00:00+00:00,1.16892,1.16922,1.16864,1.16888,214
2025-07-22 01:00:00+00:00,1.16888,1.16944,1.16888,1.16942,378
2025-07-22 02:00:00+00:00,1.16941,1.16954,1.169,1.16944,397
2025-07-22 03:00:00+00:00,1.16948,1.16949,1.1683,1.16879,1741
2025-07-22 04:00:00+00:00,1.16879,1.16898,1.1682,1.16876,1426
2025-07-22 05:00:00+00:00,1.16877,1.16951,1.16877,1.16901,1197
2025-07-22 06:00:00+00:00,1.16902,1.16905,1.16846,1.16868,914
2025-07-22 07:00:00+00:00,1.16868,1.1694,1.1685699999999999,1.16879,762
2025-07-22 08:00:00+00:00,1.16879,1.1691799999999999,1.16826,1.16868,1647
2025-07-22 09:00:00+00:00,1.16867,1.16917,1.16837,1.16904,2055
2025-07-22 10:00:00+00:00,1.16903,1.1691799999999999,1.1681300000000001,1.16855,2814
2025-07-22 11:00:00+00:00,1.16856,1.17029,1.16836,1.1697899999999999,2942
2025-07-22 12:00:00+00:00,1.1697899999999999,1.17065,1.16929,1.17049,2404
2025-07-22 13:00:00+00:00,1.1705,1.1709,1.16992,1.17014,2101
2025-07-22 14:00:00+00:00,1.17014,1.17033,1.16939,1.1701,2792
2025-07-22 15:00:00+00:00,1.17009,1.17044,1.16825,1.16902,3208
2025-07-22 16:00:00+00:00,1.16901,1.1703999999999999,1.16784,1.17037,4102
2025-07-22 17:00:00+00:00,1.17038,1.17262,1.16905,1.17217,6347
2025-07-22 18:00:00+00:00,1.17216,1.17485,1.17141,1.17475,4748
2025-07-22 19:00:00+00:00,1.17479,1.176,1.17443,1.17546,2945
2025-07-22 20:00:00+00:00,1.17547,1.17549,1.17428,1.17454,1825
2025-07-22 21:00:00+00:00,1.17453,1.17479,1.17415,1.17475,1120
2025-07-22 22:00:00+00:00,1.17471,1.17522,1.17445,1.1751,1074
2025-07-22 23:00:00+00:00,1.1751,1.17543,1.17446,1.17538,1076
2025-07-23 00:00:00+00:00,1.17534,1.17535,1.17437,1.1748,116
2025-07-23 01:00:00+00:00,1.17477,1.17505,1.17429,1.17477,530
2025-07-23 02:00:00+00:00,1.17478,1.17556,1.17358,1.17376,1530
2025-07-23 03:00:00+00:00,1.17375,1.17474,1.17331,1.1746699999999999,2607
2025-07-23 04:00:00+00:00,1.1747,1.17483,1.17301,1.17365,2534
2025-07-23 05:00:00+00:00,1.17365,1.17415,1.17323,1.17343,2587
2025-07-23 06:00:00+00:00,1.17344,1.17456,1.1733500000000001,1.17385,1954
2025-07-23 07:00:00+00:00,1.17386,1.17392,1.17317,1.17344,1166
2025-07-23 08:00:00+00:00,1.17344,1.17373,1.17267,1.17299,1500
2025-07-23 09:00:00+00:00,1.17299,1.17421,1.17297,1.17419,2872
2025-07-23 10:00:00+00:00,1.17417,1.17524,1.17334,1.17414,3453
2025-07-23 11:00:00+00:00,1.17415,1.17476,1.17304,1.17324,3479
2025-07-23 12:00:00+00:00,1.17323,1.1739,1.17298,1.17354,2859
2025-07-23 13:00:00+00:00,1.17353,1.17361,1.17227,1.17255,2750
2025-07-23 14:00:00+00:00,1.17254,1.17309,1.17231,1.17252,3537
2025-07-23 15:00:00+00:00,1.17253,1.17329,1.17196,1.17246,3524
2025-07-23 16:00:00+00:00,1.17245,1.17299,1.17106,1.17257,4063
2025-07-23 17:00:00+00:00,1.17257,1.17373,1.17229,1.17332,3947
2025-07-23 18:00:00+00:00,1.17333,1.17576,1.17212,1.17462,4851
2025-07-23 19:00:00+00:00,1.17463,1.17603,1.17426,1.17507,5288
2025-07-23 20:00:00+00:00,1.17508,1.17646,1.17451,1.17593,3309
2025-07-23 21:00:00+00:00,1.17596,1.17734,1.17592,1.17708,2242
2025-07-23 22:00:00+00:00,1.17709,1.17746,1.17675,1.17728,1920
2025-07-23 23:00:00+00:00,1.17729,1.17748,1.1766,1.17688,1985
2025-07-24 00:00:00+00:00,1.17668,1.17738,1.1764000000000001,1.17676,232
2025-07-24 01:00:00+00:00,1.1767400000000001,1.17744,1.17673,1.1773,669
2025-07-24 02:00:00+00:00,1.17731,1.17784,1.17725,1.17728,764
2025-07-24 03:00:00+00:00,1.17727,1.1773,1.17616,1.17666,2145
2025-07-24 04:00:00+00:00,1.17665,1.17791,1.17665,1.1774499999999999,2709
2025-07-24 05:00:00+00:00,1.1774499999999999,1.17781,1.17706,1.17763,2066
2025-07-24 06:00:00+00:00,1.1776200000000001,1.1779600000000001,1.17734,1.17746,1748
2025-07-24 07:00:00+00:00,1.17744,1.17773,1.17725,1.17736,1317
2025-07-24 08:00:00+00:00,1.17736,1.17777,1.177,1.17705,1689
2025-07-24 09:00:00+00:00,1.17705,1.17725,1.17567,1.17567,3292
2025-07-24 10:00:00+00:00,1.17566,1.17691,1.17547,1.17611,3618
2025-07-24 11:00:00+00:00,1.17617,1.17677,1.1755,1.17576,3248
2025-07-24 12:00:00+00:00,1.17574,1.1758899999999999,1.17462,1.17519,2946
2025-07-24 13:00:00+00:00,1.1752,1.17542,1.17429,1.17486,2390
2025-07-24 14:00:00+00:00,1.17487,1.1756,1.17453,1.17554,2962
2025-07-24 15:00:00+00:00,1.17555,1.17582,1.17316,1.17356,4617
2025-07-24 16:00:00+00:00,1.17356,1.17764,1.17301,1.17709,6941
2025-07-24 17:00:00+00:00,1.1771,1.17884,1.1761,1.17657,5701
2025-07-24 18:00:00+00:00,1.17658,1.1778,1.17549,1.17643,4888
2025-07-24 19:00:00+00:00,1.17645,1.17721,1.17565,1.1762,3002
2025-07-24 20:00:00+00:00,1.17622,1.17778,1.17599,1.17694,1964
2025-07-24 21:00:00+00:00,1.17694,1.17705,1.17619,1.17654,1372
2025-07-24 22:00:00+00:00,1.17655,1.17696,1.17577,1.1757900000000001,1292
2025-07-24 23:00:00+00:00,1.17577,1.17595,1.17447,1.17466,2423
2025-07-25 00:00:00+00:00,1.17483,1.17487,1.17347,1.17454,349
2025-07-25 01:00:00+00:00,1.1745,1.17526,1.1743999999999999,1.17514,799
2025-07-25 02:00:00+00:00,1.17515,1.17569,1.17492,1.17542,736
2025-07-25 03:00:00+00:00,1.17542,1.17582,1.17482,1.17539,1835
2025-07-25 04:00:00+00:00,1.17539,1.1758,1.17388,1.17425,2259
2025-07-25 05:00:00+00:00,1.17424,1.17433,1.17334,1.17388,2089
2025-07-25 06:00:00+00:00,1.17388,1.17448,1.17363,1.17419,980
2025-07-25 07:00:00+00:00,1.1742,1.17458,1.17339,1.1739600000000001,1520
2025-07-25 08:00:00+00:00,1.1739600000000001,1.17487,1.17368,1.17463,2285
2025-07-25 09:00:00+00:00,1.17459,1.17604,1.17414,1.17474,3294
2025-07-25 10:00:00+00:00,1.17473,1.1758899999999999,1.17473,1.17525,3667
2025-07-25 11:00:00+00:00,1.17523,1.17576,1.1741,1.17428,4469
2025-07-25 12:00:00+00:00,1.17427,1.17432,1.17326,1.17346,2819
2025-07-25 13:00:00+00:00,1.17346,1.1736900000000001,1.17242,1.17278,2676
2025-07-25 14:00:00+00:00,1.17277,1.17306,1.17107,1.17206,4027
2025-07-25 15:00:00+00:00,1.17205,1.17268,1.17111,1.17178,3575
2025-07-25 16:00:00+00:00,1.17181,1.17301,1.17026,1.17211,8664
2025-07-25 17:00:00+00:00,1.17212,1.17352,1.17211,1.1729,5016
2025-07-25 18:00:00+00:00,1.1729,1.17382,1.17215,1.1728399999999999,4041
2025-07-25 19:00:00+00:00,1.1728399999999999,1.17303,1.17198,1.1728399999999999,3001
2025-07-25 20:00:00+00:00,1.1728399999999999,1.17391,1.17283,1.17359,2081
2025-07-25 21:00:00+00:00,1.1736,1.17462,1.17352,1.1745,2046
2025-07-25 22:00:00+00:00,1.17449,1.17466,1.17408,1.17433,1551
2025-07-25 23:00:00+00:00,1.17434,1.17434,1.17371,1.17394,1818
2025-07-28 00:00:00+00:00,1.17547,1.17634,1.17512,1.17604,326
2025-07-28 01:00:00+00:00,1.17604,1.17685,1.17507,1.17547,1768
2025-07-28 02:00:00+00:00,1.17548,1.17602,1.17534,1.17551,1268
2025-07-28 03:00:00+00:00,1.17551,1.17699,1.17543,1.17634,2662
2025-07-28 04:00:00+00:00,1.17634,1.17693,1.17472,1.17519,2734
2025-07-28 05:00:00+00:00,1.17519,1.17567,1.1746,1.17544,1538
2025-07-28 06:00:00+00:00,1.17544,1.17567,1.17507,1.1756,1311
2025-07-28 07:00:00+00:00,1.17561,1.17577,1.17452,1.17469,881
2025-07-28 08:00:00+00:00,1.17469,1.17473,1.17393,1.17403,1265
2025-07-28 09:00:00+00:00,1.17399,1.17441,1.17107,1.17208,4366
2025-07-28 10:00:00+00:00,1.17208,1.17234,1.16699,1.16744,5598
2025-07-28 11:00:00+00:00,1.16743,1.16897,1.16706,1.1678600000000001,5032
2025-07-28 12:00:00+00:00,1.16785,1.1684,1.16576,1.1666400000000001,4382
2025-07-28 13:00:00+00:00,1.16663,1.16716,1.16546,1.16576,4020
2025-07-28 14:00:00+00:00,1.16577,1.1658,1.16431,1.16503,4752
2025-07-28 15:00:00+00:00,1.16506,1.16646,1.16477,1.16575,5953
2025-07-28 16:00:00+00:00,1.16576,1.16616,1.16252,1.1633,5750
2025-07-28 17:00:00+00:00,1.16328,1.16469,1.16302,1.16367,5032
2025-07-28 18:00:00+00:00,1.16368,1.16387,1.16076,1.16084,4759
2025-07-28 19:00:00+00:00,1.16085,1.16103,1.1598,1.15988,2747
2025-07-28 20:00:00+00:00,1.1598600000000001,1.16011,1.1589,1.15918,2404
2025-07-28 21:00:00+00:00,1.15917,1.15943,1.15848,1.15943,2034
2025-07-28 22:00:00+00:00,1.15942,1.15957,1.15887,1.15911,1338
2025-07-28 23:00:00+00:00,1.15922,1.15937,1.15848,1.15862,1080
2025-07-29 00:00:00+00:00,1.15878,1.15897,1.15863,1.15881,188
2025-07-29 01:00:00+00:00,1.1588,1.15937,1.15856,1.15932,648
2025-07-29 02:00:00+00:00,1.15931,1.15964,1.15887,1.1595900000000001,680
2025-07-29 03:00:00+00:00,1.1595900000000001,1.15971,1.1584,1.15846,1994
2025-07-29 04:00:00+00:00,1.15845,1.15979,1.15845,1.15905,2325
2025-07-29 05:00:00+00:00,1.15905,1.1598600000000001,1.15904,1.15966,1262
2025-07-29 06:00:00+00:00,1.15965,1.1598,1.1581,1.15824,1732
2025-07-29 07:00:00+00:00,1.15824,1.15885,1.15743,1.15883,1695
2025-07-29 08:00:00+00:00,1.15876,1.159,1.15766,1.15782,1787
2025-07-29 09:00:00+00:00,1.15789,1.15855,1.1531500000000001,1.15334,5481
2025-07-29 10:00:00+00:00,1.15334,1.15543,1.1526399999999999,1.15543,5834
2025-07-29 11:00:00+00:00,1.15539,1.1569,1.1552,1.15687,4353
2025-07-29 12:00:00+00:00,1.15688,1.15843,1.15626,1.15762,3750
2025-07-29 13:00:00+00:00,1.15762,1.15881,1.15723,1.15736,3389
2025-07-29 14:00:00+00:00,1.15736,1.15744,1.15369,1.15396,4400
2025-07-29 15:00:00+00:00,1.15396,1.15416,1.15242,1.15242,4543
2025-07-29 16:00:00+00:00,1.15243,1.15465,1.15185,1.15451,5479
2025-07-29 17:00:00+00:00,1.15449,1.1551,1.15211,1.15223,8242
2025-07-29 18:00:00+00:00,1.15225,1.15405,1.15215,1.1533,4978
2025-07-29 19:00:00+00:00,1.15331,1.15491,1.15331,1.1541,3345
2025-07-29 20:00:00+00:00,1.15409,1.15601,1.15395,1.15411,3310
2025-07-29 21:00:00+00:00,1.15412,1.155,1.15371,1.15499,3042
2025-07-29 22:00:00+00:00,1.1549800000000001,1.1557,1.15485,1.15495,1888
2025-07-29 23:00:00+00:00,1.15494,1.15521,1.1543700000000001,1.15449,1419
2025-07-30 00:00:00+00:00,1.15457,1.15469,1.15444,1.15462,149
2025-07-30 01:00:00+00:00,1.15465,1.15503,1.15458,1.15492,495
2025-07-30 02:00:00+00:00,1.15493,1.15506,1.15461,1.15505,486
2025-07-30 03:00:00+00:00,1.15502,1.15673,1.15502,1.15668,1865
2025-07-30 04:00:00+00:00,1.15668,1.15722,1.15599,1.15638,2064
2025-07-30 05:00:00+00:00,1.15638,1.15678,1.15601,1.15633,1375
2025-07-30 06:00:00+00:00,1.15637,1.15702,1.15576,1.15613,1584
2025-07-30 07:00:00+00:00,1.15612,1.15615,1.155,1.15507,1011
2025-07-30 08:00:00+00:00,1.1550799999999999,1.15592,1.15479,1.15496,1653
2025-07-30 09:00:00+00:00,1.15496,1.15602,1.15397,1.15562,3133
2025-07-30 10:00:00+00:00,1.15561,1.15682,1.15507,1.1553,3595
2025-07-30 11:00:00+00:00,1.1553,1.1559,1.15481,1.15562,3310
2025-07-30 12:00:00+00:00,1.15561,1.15601,1.15444,1.15512,3133
2025-07-30 13:00:00+00:00,1.15512,1.15545,1.15318,1.1539,2922
2025-07-30 14:00:00+00:00,1.15389,1.15404,1.15214,1.15306,3054
2025-07-30 15:00:00+00:00,1.1531,1.1534200000000001,1.14686,1.14726,7238
2025-07-30 16:00:00+00:00,1.14724,1.14805,1.14575,1.1469,6770
2025-07-30 17:00:00+00:00,1.14691,1.14815,1.14646,1.14801,5549
2025-07-30 18:00:00+00:00,1.148,1.14846,1.14632,1.14683,4265
2025-07-30 19:00:00+00:00,1.14684,1.14739,1.14643,1.14734,2766
2025-07-30 20:00:00+00:00,1.14737,1.14817,1.14737,1.14794,2201
2025-07-30 21:00:00+00:00,1.14794,1.15029,1.14238,1.14238,12012
2025-07-30 22:00:00+00:00,1.14238,1.14356,1.14136,1.14234,6533
2025-07-30 23:00:00+00:00,1.14235,1.14291,1.14005,1.1403,2593
2025-07-31 00:00:00+00:00,1.1402,1.14092,1.1402,1.14074,396
2025-07-31 01:00:00+00:00,1.14075,1.14241,1.14035,1.14224,976
2025-07-31 02:00:00+00:00,1.14224,1.143,1.1419,1.14276,1056
2025-07-31 03:00:00+00:00,1.14276,1.14369,1.14276,1.14337,2070
2025-07-31 04:00:00+00:00,1.14338,1.1437599999999999,1.14232,1.14302,2520
2025-07-31 05:00:00+00:00,1.14302,1.14312,1.14206,1.14286,2341
2025-07-31 06:00:00+00:00,1.14286,1.14338,1.14072,1.14229,2679
2025-07-31 07:00:00+00:00,1.14229,1.1436,1.1419,1.14352,2050
2025-07-31 08:00:00+00:00,1.14351,1.14424,1.14303,1.14361,1983
2025-07-31 09:00:00+00:00,1.14358,1.14603,1.14348,1.14581,3637
2025-07-31 10:00:00+00:00,1.1458,1.1458,1.14326,1.14483,4781
2025-07-31 11:00:00+00:00,1.14482,1.14544,1.1437599999999999,1.14496,5058
2025-07-31 12:00:00+00:00,1.1449799999999999,1.14506,1.14321,1.14327,3387
2025-07-31 13:00:00+00:00,1.14327,1.14411,1.14203,1.1439300000000001,3878
2025-07-31 14:00:00+00:00,1.14394,1.14504,1.14356,1.1448800000000001,3987
2025-07-31 15:00:00+00:00,1.14487,1.14504,1.14245,1.14283,5587
2025-07-31 16:00:00+00:00,1.14284,1.14293,1.14055,1.14108,5173
2025-07-31 17:00:00+00:00,1.14105,1.14493,1.1407,1.14444,6484
2025-07-31 18:00:00+00:00,1.14443,1.14495,1.14277,1.14297,5705
2025-07-31 19:00:00+00:00,1.14296,1.14323,1.14211,1.14221,3921
2025-07-31 20:00:00+00:00,1.14222,1.14242,1.14148,1.1419,2433
2025-07-31 21:00:00+00:00,1.14191,1.14326,1.14152,1.14262,1895
2025-07-31 22:00:00+00:00,1.14259,1.14313,1.14117,1.14119,2430
2025-07-31 23:00:00+00:00,1.1412,1.14177,1.14092,1.14144,1758
2025-08-01 00:00:00+00:00,1.1415,1.14177,1.14135,1.14155,231
2025-08-01 01:00:00+00:00,1.14162,1.14223,1.14146,1.14174,970
2025-08-01 02:00:00+00:00,1.14167,1.14255,1.14111,1.14215,1740
2025-08-01 03:00:00+00:00,1.14214,1.14284,1.14151,1.14239,2911
2025-08-01 04:00:00+00:00,1.14239,1.14282,1.14045,1.14066,3150
2025-08-01 05:00:00+00:00,1.14066,1.14146,1.14054,1.14107,3086
2025-08-01 06:00:00+00:00,1.14108,1.14218,1.1409799999999999,1.14179,2127
2025-08-01 07:00:00+00:00,1.1418,1.14212,1.14153,1.14187,1732
2025-08-01 08:00:00+00:00,1.14185,1.1434199999999999,1.14156,1.14303,1761
2025-08-01 09:00:00+00:00,1.14301,1.1437599999999999,1.14256,1.14288,3372
2025-08-01 10:00:00+00:00,1.14292,1.14336,1.1412200000000001,1.14184,3563
2025-08-01 11:00:00+00:00,1.1418300000000001,1.14202,1.14051,1.1406,3156
2025-08-01 12:00:00+00:00,1.14059,1.1412200000000001,1.13928,1.14005,3328
2025-08-01 13:00:00+00:00,1.14007,1.14172,1.14006,1.14117,3305
2025-08-01 14:00:00+00:00,1.14116,1.14221,1.14038,1.14043,3050
2025-08-01 15:00:00+00:00,1.14042,1.15581,1.13911,1.15448,13381
2025-08-01 16:00:00+00:00,1.15452,1.15827,1.15364,1.156,14589
2025-08-01 17:00:00+00:00,1.15621,1.15876,1.15505,1.15556,13860
2025-08-01 18:00:00+00:00,1.15553,1.15646,1.15357,1.15539,5171
2025-08-01 19:00:00+00:00,1.15538,1.15643,1.15375,1.15388,3384
2025-08-01 20:00:00+00:00,1.15387,1.15387,1.1516,1.15263,4238
2025-08-01 21:00:00+00:00,1.15263,1.1547399999999999,1.15213,1.1525400000000001,2918
2025-08-01 22:00:00+00:00,1.15256,1.15816,1.15232,1.15686,5623
2025-08-01 23:00:00+00:00,1.15685,1.15965,1.15683,1.1585,3199
2025-08-04 00:00:00+00:00,1.15911,1.15952,1.15881,1.15893,252
2025-08-04 01:00:00+00:00,1.15893,1.15958,1.15778,1.15834,1966
2025-08-04 02:00:00+00:00,1.15836,1.15897,1.15777,1.15872,1323
2025-08-04 03:00:00+00:00,1.15872,1.15884,1.15554,1.15575,3743
2025-08-04 04:00:00+00:00,1.15574,1.1571799999999999,1.15499,1.15708,3165
2025-08-04 05:00:00+00:00,1.15708,1.15777,1.15672,1.1575199999999999,1942
2025-08-04 06:00:00+00:00,1.15754,1.15855,1.15754,1.15786,1698
2025-08-04 07:00:00+00:00,1.15786,1.1585,1.1574,1.15741,1324
2025-08-04 08:00:00+00:00,1.15741,1.15816,1.15667,1.15698,2226
2025-08-04 09:00:00+00:00,1.15702,1.15827,1.15629,1.15714,4148
2025-08-04 10:00:00+00:00,1.15714,1.15782,1.15501,1.15633,4498
2025-08-04 11:00:00+00:00,1.15634,1.15647,1.15492,1.15576,3697
2025-08-04 12:00:00+00:00,1.15576,1.15769,1.15551,1.1564,3712
2025-08-04 13:00:00+00:00,1.15639,1.15768,1.15546,1.15734,3184
2025-08-04 14:00:00+00:00,1.15734,1.15859,1.15642,1.15663,4155
2025-08-04 15:00:00+00:00,1.15664,1.15878,1.156,1.15748,4827
2025-08-04 16:00:00+00:00,1.15749,1.15879,1.15724,1.15753,5185
2025-08-04 17:00:00+00:00,1.15756,1.15869,1.15565,1.15636,6544
2025-08-04 18:00:00+00:00,1.15634,1.15761,1.15606,1.15665,4861
2025-08-04 19:00:00+00:00,1.15666,1.15748,1.15564,1.15716,2518
2025-08-04 20:00:00+00:00,1.15716,1.15736,1.15639,1.15726,2463
2025-08-04 21:00:00+00:00,1.15728,1.15773,1.15635,1.15648,2064
2025-08-04 22:00:00+00:00,1.15648,1.15722,1.15626,1.15676,1676
2025-08-04 23:00:00+00:00,1.15678,1.15756,1.1565,1.15717,1372
2025-08-05 00:00:00+00:00,1.15678,1.15701,1.15602,1.15668,320
2025-08-05 01:00:00+00:00,1.15667,1.15809,1.15648,1.15787,926
2025-08-05 02:00:00+00:00,1.15788,1.15851,1.15773,1.15834,939
2025-08-05 03:00:00+00:00,1.15836,1.1587399999999999,1.15703,1.1571500000000001,2429
2025-08-05 04:00:00+00:00,1.15714,1.15736,1.15591,1.15633,2305
2025-08-05 05:00:00+00:00,1.15633,1.15639,1.15553,1.15598,1575
2025-08-05 06:00:00+00:00,1.15597,1.15609,1.15538,1.15549,1456
2025-08-05 07:00:00+00:00,1.15549,1.15598,1.15537,1.15578,1471
2025-08-05 08:00:00+00:00,1.15578,1.15578,1.1543700000000001,1.15476,2225
2025-08-05 09:00:00+00:00,1.15475,1.15608,1.15423,1.15503,2367
2025-08-05 10:00:00+00:00,1.15504,1.15618,1.15326,1.15458,3395
2025-08-05 11:00:00+00:00,1.15456,1.15487,1.15309,1.15364,3701
2025-08-05 12:00:00+00:00,1.15365,1.1546,1.15295,1.15417,2980
2025-08-05 13:00:00+00:00,1.15417,1.15453,1.15338,1.15439,2902
2025-08-05 14:00:00+00:00,1.15436,1.15476,1.15272,1.1539,2879
2025-08-05 15:00:00+00:00,1.15393,1.15479,1.15298,1.15367,5225
2025-08-05 16:00:00+00:00,1.15368,1.15539,1.15318,1.1535199999999999,4741
2025-08-05 17:00:00+00:00,1.15414,1.15658,1.15334,1.15646,8238
2025-08-05 18:00:00+00:00,1.15647,1.15842,1.15624,1.15791,4838
2025-08-05 19:00:00+00:00,1.1579,1.15857,1.15767,1.15823,2471
2025-08-05 20:00:00+00:00,1.15824,1.15827,1.15751,1.15778,2104
2025-08-05 21:00:00+00:00,1.15777,1.15792,1.157,1.15731,2119
2025-08-05 22:00:00+00:00,1.15732,1.15747,1.15659,1.15723,1756
2025-08-05 23:00:00+00:00,1.15722,1.15771,1.15709,1.15747,1278
2025-08-06 00:00:00+00:00,1.1571500000000001,1.15745,1.15695,1.1573,102
2025-08-06 01:00:00+00:00,1.1573,1.15771,1.15705,1.15756,643
2025-08-06 02:00:00+00:00,1.15756,1.15808,1.15727,1.1578,650
2025-08-06 03:00:00+00:00,1.15779,1.1584699999999999,1.15723,1.15733,1824
2025-08-06 04:00:00+00:00,1.15732,1.15733,1.15642,1.15665,1853
2025-08-06 05:00:00+00:00,1.15666,1.15714,1.15639,1.15687,2001
2025-08-06 06:00:00+00:00,1.15688,1.15814,1.15688,1.15796,1560
2025-08-06 07:00:00+00:00,1.15795,1.15858,1.15774,1.15824,1277
2025-08-06 08:00:00+00:00,1.15821,1.1583,1.15737,1.15782,1760
2025-08-06 09:00:00+00:00,1.15781,1.15879,1.15761,1.15781,2581
2025-08-06 10:00:00+00:00,1.15779,1.15816,1.15708,1.15805,2370
2025-08-06 11:00:00+00:00,1.15808,1.1583,1.15699,1.15745,2710
2025-08-06 12:00:00+00:00,1.15745,1.15875,1.15738,1.15846,2234
2025-08-06 13:00:00+00:00,1.15845,1.16105,1.15838,1.16067,3303
2025-08-06 14:00:00+00:00,1.16068,1.16145,1.15973,1.16037,2247
2025-08-06 15:00:00+00:00,1.16036,1.16281,1.16,1.16232,3062
2025-08-06 16:00:00+00:00,1.16231,1.16355,1.1616900000000001,1.16353,4793
2025-08-06 17:00:00+00:00,1.16357,1.16371,1.16219,1.16269,4494
2025-08-06 18:00:00+00:00,1.16269,1.16465,1.16223,1.1645699999999999,5277
2025-08-06 19:00:00+00:00,1.1645699999999999,1.16479,1.16303,1.16341,3815
2025-08-06 20:00:00+00:00,1.16341,1.16547,1.1632500000000001,1.16485,3054
2025-08-06 21:00:00+00:00,1.16488,1.16681,1.16476,1.16619,2043
2025-08-06 22:00:00+00:00,1.16618,1.16635,1.16522,1.16561,1347
2025-08-06 23:00:00+00:00,1.16562,1.16598,1.16497,1.16593,1905
2025-08-07 00:00:00+00:00,1.16537,1.16568,1.16516,1.16555,258
2025-08-07 01:00:00+00:00,1.16562,1.16654,1.16562,1.16632,896
2025-08-07 02:00:00+00:00,1.16633,1.16633,1.16588,1.16626,611
2025-08-07 03:00:00+00:00,1.16626,1.16634,1.16505,1.1652,1717
2025-08-07 04:00:00+00:00,1.16521,1.16624,1.1649,1.16572,1911
2025-08-07 05:00:00+00:00,1.1656900000000001,1.16647,1.16556,1.1657,1229
2025-08-07 06:00:00+00:00,1.1657,1.16649,1.16528,1.16641,1211
2025-08-07 07:00:00+00:00,1.1663999999999999,1.16759,1.16625,1.16707,1369
2025-08-07 08:00:00+00:00,1.16707,1.16759,1.16679,1.16745,1602
2025-08-07 09:00:00+00:00,1.16747,1.16792,1.16676,1.16755,2547
2025-08-07 10:00:00+00:00,1.16757,1.1690800000000001,1.1673,1.16892,2793
2025-08-07 11:00:00+00:00,1.16892,1.16983,1.1675200000000001,1.1682299999999999,4442
2025-08-07 12:00:00+00:00,1.16827,1.16843,1.16699,1.16702,2605
2025-08-07 13:00:00+00:00,1.16702,1.16713,1.16611,1.16699,3049
2025-08-07 14:00:00+00:00,1.16698,1.16763,1.16336,1.16441,5646
2025-08-07 15:00:00+00:00,1.16436,1.16622,1.1637,1.16506,6398
2025-08-07 16:00:00+00:00,1.16506,1.16581,1.16374,1.16422,5545
2025-08-07 17:00:00+00:00,1.16422,1.16493,1.16136,1.16239,7644
2025-08-07 18:00:00+00:00,1.16239,1.16415,1.16106,1.16393,4796
2025-08-07 19:00:00+00:00,1.16394,1.16441,1.16347,1.16378,1918
2025-08-07 20:00:00+00:00,1.16379,1.16393,1.16317,1.16326,2185
2025-08-07 21:00:00+00:00,1.16328,1.16367,1.1621,1.16215,1920
2025-08-07 22:00:00+00:00,1.16219,1.16562,1.16188,1.1654,3707
2025-08-07 23:00:00+00:00,1.1654200000000001,1.16709,1.16541,1.16652,2315
2025-08-08 00:00:00+00:00,1.16545,1.16694,1.16545,1.16649,396
2025-08-08 01:00:00+00:00,1.16652,1.1674,1.16641,1.16721,1046
2025-08-08 02:00:00+00:00,1.1672500000000001,1.16777,1.16699,1.16763,1099
2025-08-08 03:00:00+00:00,1.16767,1.16789,1.16668,1.16722,2630
2025-08-08 04:00:00+00:00,1.16723,1.16733,1.16547,1.16568,3677
2025-08-08 05:00:00+00:00,1.1656900000000001,1.16645,1.16568,1.1660300000000001,2863
2025-08-08 06:00:00+00:00,1.16602,1.16607,1.16546,1.16593,2055
2025-08-08 07:00:00+00:00,1.16592,1.16629,1.16572,1.16578,1924
2025-08-08 08:00:00+00:00,1.16576,1.16595,1.16385,1.16405,2630
2025-08-08 09:00:00+00:00,1.16407,1.16524,1.16404,1.16496,2598
2025-08-08 10:00:00+00:00,1.16498,1.16641,1.16482,1.16586,3221
2025-08-08 11:00:00+00:00,1.16587,1.16623,1.16341,1.16366,3590
2025-08-08 12:00:00+00:00,1.16368,1.16434,1.16293,1.16412,3308
2025-08-08 13:00:00+00:00,1.1641,1.1647,1.16283,1.16353,2679
2025-08-08 14:00:00+00:00,1.16352,1.16488,1.16346,1.16433,3262
2025-08-08 15:00:00+00:00,1.1643,1.16534,1.16372,1.16413,4197
2025-08-08 16:00:00+00:00,1.16413,1.16547,1.16409,1.16482,3635
2025-08-08 17:00:00+00:00,1.16479,1.16624,1.16454,1.16557,5248
2025-08-08 18:00:00+00:00,1.16554,1.16673,1.16539,1.16593,3464
2025-08-08 19:00:00+00:00,1.16594,1.16626,1.16491,1.16558,2129
2025-08-08 20:00:00+00:00,1.16557,1.16663,1.16531,1.16585,1831
2025-08-08 21:00:00+00:00,1.16586,1.16623,1.16474,1.16555,2783
2025-08-08 22:00:00+00:00,1.16554,1.16557,1.1636,1.1642000000000001,2317
2025-08-08 23:00:00+00:00,1.16419,1.16431,1.1638,1.164,1576
2025-08-11 00:00:00+00:00,1.16412,1.16482,1.16407,1.16441,220
2025-08-11 01:00:00+00:00,1.16441,1.1650800000000001,1.16421,1.16463,719
2025-08-11 02:00:00+00:00,1.16465,1.16502,1.16441,1.1647,958
2025-08-11 03:00:00+00:00,1.16471,1.1648100000000001,1.16415,1.1647,1699
2025-08-11 04:00:00+00:00,1.16469,1.16584,1.16448,1.16584,2587
2025-08-11 05:00:00+00:00,1.16585,1.1668,1.16585,1.16655,1924
2025-08-11 06:00:00+00:00,1.16655,1.1675,1.16643,1.16708,2555
2025-08-11 07:00:00+00:00,1.16706,1.1675,1.16705,1.16716,1406
2025-08-11 08:00:00+00:00,1.16715,1.16722,1.16668,1.16688,2303
2025-08-11 09:00:00+00:00,1.16687,1.16734,1.16626,1.16637,2091
2025-08-11 10:00:00+00:00,1.16636,1.16654,1.16455,1.16466,3206
2025-08-11 11:00:00+00:00,1.16467,1.16599,1.16437,1.16548,2907
2025-08-11 12:00:00+00:00,1.16543,1.16576,1.16379,1.16409,2744
2025-08-11 13:00:00+00:00,1.1641,1.16473,1.16402,1.16466,2423
2025-08-11 14:00:00+00:00,1.16464,1.16465,1.16226,1.16282,3414
2025-08-11 15:00:00+00:00,1.16283,1.16307,1.16137,1.16197,4518
2025-08-11 16:00:00+00:00,1.16197,1.16271,1.16156,1.16191,3794
2025-08-11 17:00:00+00:00,1.16192,1.16199,1.15899,1.15953,4166
2025-08-11 18:00:00+00:00,1.15954,1.16066,1.15896,1.1606,3248
2025-08-11 19:00:00+00:00,1.16061,1.16114,1.16014,1.16071,2251
2025-08-11 20:00:00+00:00,1.16071,1.1611799999999999,1.15981,1.16105,1815
2025-08-11 21:00:00+00:00,1.16106,1.16139,1.16067,1.1611799999999999,1589
2025-08-11 22:00:00+00:00,1.1611799999999999,1.16123,1.16017,1.16045,1408
2025-08-11 23:00:00+00:00,1.16042,1.16191,1.16039,1.16147,813
2025-08-12 00:00:00+00:00,1.16063,1.16153,1.16059,1.16144,338
2025-08-12 01:00:00+00:00,1.16153,1.16181,1.161,1.16125,557
2025-08-12 02:00:00+00:00,1.16125,1.16171,1.16123,1.16158,556
2025-08-12 03:00:00+00:00,1.16159,1.16194,1.16113,1.16147,3537
2025-08-12 04:00:00+00:00,1.16147,1.16251,1.1614,1.16187,2953
2025-08-12 05:00:00+00:00,1.16187,1.16252,1.16171,1.16223,3402
2025-08-12 06:00:00+00:00,1.16223,1.16238,1.1617899999999999,1.16202,1675
2025-08-12 07:00:00+00:00,1.16199,1.1627399999999999,1.16153,1.16271,1901
2025-08-12 08:00:00+00:00,1.16271,1.16286,1.16128,1.16134,3001
2025-08-12 09:00:00+00:00,1.16133,1.1618,1.16077,1.16087,3607
2025-08-12 10:00:00+00:00,1.16088,1.16233,1.16076,1.16198,3094
2025-08-12 11:00:00+00:00,1.16199,1.16219,1.16113,1.16143,2778
2025-08-12 12:00:00+00:00,1.16144,1.1617899999999999,1.15999,1.16063,2753
2025-08-12 13:00:00+00:00,1.16059,1.16127,1.16053,1.16098,2711
2025-08-12 14:00:00+00:00,1.16098,1.16107,1.15983,1.16048,2768
2025-08-12 15:00:00+00:00,1.16048,1.16553,1.16008,1.16419,9620
2025-08-12 16:00:00+00:00,1.16418,1.16677,1.16171,1.16517,11524
2025-08-12 17:00:00+00:00,1.1651799999999999,1.16623,1.16412,1.16575,7952
2025-08-12 18:00:00+00:00,1.16574,1.16967,1.16557,1.16716,6291
2025-08-12 19:00:00+00:00,1.16718,1.16854,1.1665,1.16793,3555
2025-08-12 20:00:00+00:00,1.16794,1.16801,1.16707,1.16727,2987
2025-08-12 21:00:00+00:00,1.1673,1.16782,1.16641,1.16683,1873
2025-08-12 22:00:00+00:00,1.16683,1.16751,1.16641,1.16742,1512
2025-08-12 23:00:00+00:00,1.16741,1.16767,1.16712,1.16738,1105
2025-08-13 00:00:00+00:00,1.16686,1.16733,1.16679,1.16728,288
2025-08-13 01:00:00+00:00,1.16728,1.16771,1.16727,1.16761,553
2025-08-13 02:00:00+00:00,1.16756,1.16788,1.16748,1.1677,656
2025-08-13 03:00:00+00:00,1.1677,1.16803,1.16703,1.16795,2387
2025-08-13 04:00:00+00:00,1.16795,1.16859,1.16756,1.16767,2407
2025-08-13 05:00:00+00:00,1.16765,1.16854,1.1670099999999999,1.16814,2057
2025-08-13 06:00:00+00:00,1.16812,1.16873,1.16791,1.16834,2736
2025-08-13 07:00:00+00:00,1.16833,1.16856,1.16811,1.16836,1545
2025-08-13 08:00:00+00:00,1.16837,1.16846,1.1676,1.16787,1321
2025-08-13 09:00:00+00:00,1.16787,1.16966,1.16784,1.16917,4036
2025-08-13 10:00:00+00:00,1.16916,1.17123,1.16914,1.17076,3874
2025-08-13 11:00:00+00:00,1.17076,1.17202,1.17066,1.17136,3428
2025-08-13 12:00:00+00:00,1.17139,1.17298,1.17136,1.1729,2787
2025-08-13 13:00:00+00:00,1.17289,1.17297,1.17158,1.1716,2313
2025-08-13 14:00:00+00:00,1.1716,1.17187,1.17074,1.17185,2291
2025-08-13 15:00:00+00:00,1.1718600000000001,1.17212,1.16968,1.16985,3538
2025-08-13 16:00:00+00:00,1.16984,1.1706699999999999,1.16925,1.17041,4173
2025-08-13 17:00:00+00:00,1.1703999999999999,1.17231,1.17023,1.17196,5626
2025-08-13 18:00:00+00:00,1.17195,1.17222,1.17078,1.17131,4844
2025-08-13 19:00:00+00:00,1.17132,1.17147,1.1706,1.17064,2114
2025-08-13 20:00:00+00:00,1.17063,1.17103,1.17023,1.17036,1502
2025-08-13 21:00:00+00:00,1.17038,1.1703999999999999,1.16954,1.16999,1306
2025-08-13 22:00:00+00:00,1.16999,1.17036,1.1697,1.16991,1286
2025-08-13 23:00:00+00:00,1.1699,1.17065,1.16988,1.17039,904
2025-08-14 00:00:00+00:00,1.17036,1.17062,1.16982,1.1703999999999999,309
2025-08-14 01:00:00+00:00,1.17041,1.17076,1.17039,1.17075,483
2025-08-14 02:00:00+00:00,1.17076,1.17121,1.1707,1.17119,445
2025-08-14 03:00:00+00:00,1.17119,1.17146,1.17087,1.17107,2892
2025-08-14 04:00:00+00:00,1.17107,1.17147,1.17087,1.17123,3046
2025-08-14 05:00:00+00:00,1.17122,1.17123,1.16985,1.17045,2068
2025-08-14 06:00:00+00:00,1.17044,1.17047,1.16991,1.17031,1593
2025-08-14 07:00:00+00:00,1.1703000000000001,1.17061,1.17012,1.17034,876
2025-08-14 08:00:00+00:00,1.17033,1.17033,1.16966,1.1701,1512
2025-08-14 09:00:00+00:00,1.17011,1.17061,1.16844,1.16845,3218
2025-08-14 10:00:00+00:00,1.1684700000000001,1.16923,1.16774,1.16794,3966
2025-08-14 11:00:00+00:00,1.16794,1.16848,1.16673,1.16678,3378
2025-08-14 12:00:00+00:00,1.16679,1.16864,1.16679,1.16814,2994
2025-08-14 13:00:00+00:00,1.1681300000000001,1.1696900000000001,1.16808,1.16949,3627
2025-08-14 14:00:00+00:00,1.16949,1.1696,1.16824,1.16876,3746
2025-08-14 15:00:00+00:00,1.1688,1.16919,1.16487,1.16632,8438
2025-08-14 16:00:00+00:00,1.16631,1.16708,1.16486,1.16496,6427
2025-08-14 17:00:00+00:00,1.16497,1.16659,1.16373,1.16604,5039
2025-08-14 18:00:00+00:00,1.16604,1.16617,1.1637,1.16425,4599
2025-08-14 19:00:00+00:00,1.16425,1.16448,1.16306,1.16338,3204
2025-08-14 20:00:00+00:00,1.16338,1.16433,1.16309,1.16363,2100
2025-08-14 21:00:00+00:00,1.16364,1.16419,1.1632500000000001,1.1641,1719
2025-08-14 22:00:00+00:00,1.16411,1.16499,1.1641,1.16477,1397
2025-08-14 23:00:00+00:00,1.16477,1.16498,1.16444,1.16466,791
2025-08-15 00:00:00+00:00,1.16473,1.165,1.16469,1.16496,220
2025-08-15 01:00:00+00:00,1.16503,1.16526,1.16477,1.16495,488
2025-08-15 02:00:00+00:00,1.16496,1.16525,1.1645699999999999,1.16501,523
2025-08-15 03:00:00+00:00,1.16502,1.16528,1.16463,1.16517,2037
2025-08-15 04:00:00+00:00,1.16521,1.16575,1.16478,1.16524,2400
2025-08-15 05:00:00+00:00,1.16525,1.16572,1.16491,1.16563,1501
2025-08-15 06:00:00+00:00,1.16567,1.16641,1.16563,1.16595,1602
2025-08-15 07:00:00+00:00,1.16596,1.16631,1.16586,1.16624,724
2025-08-15 08:00:00+00:00,1.16624,1.16709,1.16609,1.16705,1640
2025-08-15 09:00:00+00:00,1.16706,1.16742,1.16647,1.16714,2968
2025-08-15 10:00:00+00:00,1.16714,1.16837,1.16714,1.1682299999999999,3093
2025-08-15 11:00:00+00:00,1.1682299999999999,1.16848,1.16761,1.16818,3854
2025-08-15 12:00:00+00:00,1.16816,1.16893,1.16797,1.16872,3979
2025-08-15 13:00:00+00:00,1.16873,1.1691,1.16801,1.16854,2802
2025-08-15 14:00:00+00:00,1.16853,1.16913,1.1681,1.16872,2941
2025-08-15 15:00:00+00:00,1.16869,1.16995,1.1673,1.1693500000000001,6353
2025-08-15 16:00:00+00:00,1.16936,1.17075,1.1681300000000001,1.17015,6619
2025-08-15 17:00:00+00:00,1.17012,1.1715,1.17004,1.17113,6341
2025-08-15 18:00:00+00:00,1.17111,1.17146,1.17029,1.17064,4151
2025-08-15 19:00:00+00:00,1.17064,1.17077,1.16991,1.17033,1836
2025-08-15 20:00:00+00:00,1.17034,1.17055,1.16989,1.17039,1511
2025-08-15 21:00:00+00:00,1.17037,1.17061,1.16981,1.1702,1206
2025-08-15 22:00:00+00:00,1.17021,1.17031,1.16995,1.17004,1134
2025-08-15 23:00:00+00:00,1.17003,1.17076,1.17,1.17003,1231
2025-08-18 00:00:00+00:00,1.17099,1.17141,1.17077,1.17129,233
2025-08-18 01:00:00+00:00,1.17129,1.17158,1.17095,1.1713,897
2025-08-18 02:00:00+00:00,1.17133,1.17139,1.17032,1.17058,955
2025-08-18 03:00:00+00:00,1.17059,1.1710099999999999,1.16996,1.17011,2039
2025-08-18 04:00:00+00:00,1.17011,1.17041,1.16931,1.17027,1496
2025-08-18 05:00:00+00:00,1.17028,1.1705,1.1696900000000001,1.17008,1632
2025-08-18 06:00:00+00:00,1.17005,1.17042,1.16994,1.17032,1418
2025-08-18 07:00:00+00:00,1.17032,1.171,1.17023,1.1708,1396
2025-08-18 08:00:00+00:00,1.17078,1.17085,1.17008,1.17056,1389
2025-08-18 09:00:00+00:00,1.17049,1.17074,1.16931,1.1696,2904
2025-08-18 10:00:00+00:00,1.16962,1.17029,1.16797,1.16809,3175
2025-08-18 11:00:00+00:00,1.16806,1.16871,1.16706,1.16814,4368
2025-08-18 12:00:00+00:00,1.16814,1.16855,1.16726,1.16797,2390
2025-08-18 13:00:00+00:00,1.16792,1.16825,1.16769,1.16804,1892
2025-08-18 14:00:00+00:00,1.16804,1.16879,1.16712,1.16745,2193
2025-08-18 15:00:00+00:00,1.16755,1.16787,1.16657,1.1676,2529
2025-08-18 16:00:00+00:00,1.16761,1.16774,1.1669100000000001,1.16774,2844
2025-08-18 17:00:00+00:00,1.16773,1.1684,1.16599,1.16637,4044
2025-08-18 18:00:00+00:00,1.16635,1.16741,1.1660300000000001,1.16668,2872
2025-08-18 19:00:00+00:00,1.16667,1.16669,1.16556,1.16574,2220
2025-08-18 20:00:00+00:00,1.16573,1.16661,1.16564,1.16624,1811
2025-08-18 21:00:00+00:00,1.16622,1.16675,1.16581,1.16596,1241
2025-08-18 22:00:00+00:00,1.16597,1.1670099999999999,1.16595,1.16668,1123
2025-08-18 23:00:00+00:00,1.16666,1.1669,1.16597,1.1660300000000001,991
2025-08-19 00:00:00+00:00,1.1654200000000001,1.1660300000000001,1.1654200000000001,1.16602,194
2025-08-19 01:00:00+00:00,1.1661,1.16746,1.166,1.1669,797
2025-08-19 02:00:00+00:00,1.16692,1.16692,1.16616,1.16675,584
2025-08-19 03:00:00+00:00,1.16676,1.16697,1.16554,1.1658,1585
2025-08-19 04:00:00+00:00,1.1658,1.16618,1.16387,1.16489,2209
2025-08-19 05:00:00+00:00,1.16489,1.16555,1.16466,1.16523,1251
2025-08-19 06:00:00+00:00,1.16526,1.16584,1.16499,1.16546,1254
2025-08-19 07:00:00+00:00,1.16544,1.1661299999999999,1.1653,1.16602,1015
2025-08-19 08:00:00+00:00,1.16602,1.16651,1.16536,1.16549,1475
2025-08-19 09:00:00+00:00,1.1655,1.16743,1.16506,1.16739,2426
2025-08-19 10:00:00+00:00,1.16741,1.16838,1.16731,1.16832,2864
2025-08-19 11:00:00+00:00,1.16833,1.16839,1.16712,1.16746,2234
2025-08-19 12:00:00+00:00,1.16747,1.16817,1.16722,1.16797,1666
2025-08-19 13:00:00+00:00,1.16797,1.16916,1.1678600000000001,1.16882,1584
2025-08-19 14:00:00+00:00,1.16881,1.16924,1.1679599999999999,1.16851,1876
2025-08-19 15:00:00+00:00,1.16853,1.16876,1.16727,1.16751,3136
2025-08-19 16:00:00+00:00,1.16751,1.16778,1.16676,1.16758,3162
2025-08-19 17:00:00+00:00,1.16757,1.16771,1.16636,1.16717,3816
2025-08-19 18:00:00+00:00,1.16716,1.16748,1.16572,1.16582,2901
2025-08-19 19:00:00+00:00,1.16587,1.16627,1.16539,1.16559,2189
2025-08-19 20:00:00+00:00,1.1656,1.16602,1.16525,1.1654200000000001,1276
2025-08-19 21:00:00+00:00,1.16541,1.1654200000000001,1.16419,1.16469,1248
2025-08-19 22:00:00+00:00,1.1647,1.16477,1.16421,1.1646,1193
2025-08-19 23:00:00+00:00,1.16461,1.16476,1.16443,1.16452,854
2025-08-20 00:00:00+00:00,1.16436,1.16485,1.1642000000000001,1.1645,831
2025-08-20 01:00:00+00:00,1.16443,1.16486,1.16442,1.16478,652
2025-08-20 02:00:00+00:00,1.1648100000000001,1.1648100000000001,1.16404,1.16409,442
2025-08-20 03:00:00+00:00,1.16409,1.1642000000000001,1.1631,1.16384,1499
2025-08-20 04:00:00+00:00,1.16383,1.16418,1.16266,1.16269,2032
2025-08-20 05:00:00+00:00,1.16269,1.16292,1.16217,1.16259,1962
2025-08-20 06:00:00+00:00,1.16259,1.1636,1.16259,1.16326,1605
2025-08-20 07:00:00+00:00,1.1632500000000001,1.16378,1.1632,1.1634,1091
2025-08-20 08:00:00+00:00,1.1634,1.16398,1.1632,1.16389,1109
2025-08-20 09:00:00+00:00,1.16388,1.16419,1.16227,1.16331,3178
2025-08-20 10:00:00+00:00,1.1633,1.16464,1.16329,1.16443,3326
2025-08-20 11:00:00+00:00,1.16443,1.16461,1.16312,1.16375,2417
2025-08-20 12:00:00+00:00,1.16374,1.1645699999999999,1.16345,1.16446,2313
2025-08-20 13:00:00+00:00,1.16446,1.16571,1.16431,1.16465,2025
2025-08-20 14:00:00+00:00,1.16465,1.16495,1.16398,1.16415,1969
2025-08-20 15:00:00+00:00,1.16418,1.16731,1.16418,1.16706,3863
2025-08-20 16:00:00+00:00,1.16707,1.16715,1.16554,1.16583,3613
2025-08-20 17:00:00+00:00,1.16583,1.16687,1.1648100000000001,1.16625,4099
2025-08-20 18:00:00+00:00,1.16626,1.16628,1.16459,1.16476,3080
2025-08-20 19:00:00+00:00,1.16476,1.1661299999999999,1.16475,1.16593,1911
2025-08-20 20:00:00+00:00,1.16591,1.1672,1.16588,1.16712,1478
2025-08-20 21:00:00+00:00,1.16711,1.16711,1.16544,1.16546,2250
2025-08-20 22:00:00+00:00,1.16545,1.16582,1.16519,1.16524,1391
2025-08-20 23:00:00+00:00,1.16524,1.16526,1.16466,1.16491,1058
2025-08-21 00:00:00+00:00,1.16485,1.16512,1.16464,1.16495,500
2025-08-21 01:00:00+00:00,1.16493,1.16555,1.16488,1.16522,543
2025-08-21 02:00:00+00:00,1.16523,1.16531,1.16477,1.16505,528
2025-08-21 03:00:00+00:00,1.16504,1.16511,1.16407,1.16463,1656
2025-08-21 04:00:00+00:00,1.16464,1.16501,1.16408,1.16455,1865
2025-08-21 05:00:00+00:00,1.16454,1.1649,1.16429,1.16461,1573
2025-08-21 06:00:00+00:00,1.16462,1.16482,1.16413,1.16456,1122
2025-08-21 07:00:00+00:00,1.1645699999999999,1.16477,1.1642299999999999,1.16451,656
2025-08-21 08:00:00+00:00,1.16452,1.16491,1.16413,1.16489,1303
2025-08-21 09:00:00+00:00,1.1649,1.16492,1.16254,1.16294,2452
2025-08-21 10:00:00+00:00,1.16295,1.16608,1.16245,1.1658,3664
2025-08-21 11:00:00+00:00,1.16573,1.1659,1.16496,1.16543,2752
2025-08-21 12:00:00+00:00,1.16543,1.16622,1.16533,1.16543,1949
2025-08-21 13:00:00+00:00,1.1654200000000001,1.16561,1.16478,1.16488,1562
2025-08-21 14:00:00+00:00,1.16488,1.1656900000000001,1.16391,1.16399,2330
2025-08-21 15:00:00+00:00,1.16401,1.16559,1.16363,1.16463,3911
2025-08-21 16:00:00+00:00,1.16462,1.16495,1.16151,1.16206,5558
2025-08-21 17:00:00+00:00,1.16204,1.1629,1.16056,1.1615199999999999,6428
2025-08-21 18:00:00+00:00,1.16151,1.16253,1.16007,1.16039,5042
2025-08-21 19:00:00+00:00,1.16039,1.16113,1.16009,1.16106,2482
2025-08-21 20:00:00+00:00,1.16107,1.16182,1.16107,1.16144,1905
2025-08-21 21:00:00+00:00,1.16144,1.16165,1.16064,1.16092,1325
2025-08-21 22:00:00+00:00,1.16093,1.16097,1.16033,1.16046,810
2025-08-21 23:00:00+00:00,1.16045,1.1608,1.16031,1.1605,754
2025-08-22 00:00:00+00:00,1.15982,1.16087,1.15982,1.16041,1238
2025-08-22 01:00:00+00:00,1.16041,1.16131,1.16028,1.16127,480
2025-08-22 02:00:00+00:00,1.16128,1.1614200000000001,1.16088,1.16121,474
2025-08-22 03:00:00+00:00,1.1612,1.16161,1.16101,1.16143,999
2025-08-22 04:00:00+00:00,1.16144,1.16153,1.16035,1.16077,1360
2025-08-22 05:00:00+00:00,1.16076,1.16137,1.16045,1.16083,1103
2025-08-22 06:00:00+00:00,1.16084,1.16085,1.15884,1.15892,1260
2025-08-22 07:00:00+00:00,1.15894,1.1593499999999999,1.15824,1.1584,1048
2025-08-22 08:00:00+00:00,1.1584,1.15885,1.15829,1.15862,945
2025-08-22 09:00:00+00:00,1.1586,1.15948,1.15829,1.15881,2125
2025-08-22 10:00:00+00:00,1.1588,1.15985,1.15879,1.15943,2013
2025-08-22 11:00:00+00:00,1.15942,1.15992,1.1590799999999999,1.15991,1796
2025-08-22 12:00:00+00:00,1.1599,1.16021,1.1595,1.1596,1883
2025-08-22 13:00:00+00:00,1.1596,1.15995,1.1593,1.15955,1439
2025-08-22 14:00:00+00:00,1.15956,1.16059,1.15945,1.1604,2374
2025-08-22 15:00:00+00:00,1.1604,1.16133,1.1604,1.16082,2629
2025-08-22 16:00:00+00:00,1.16083,1.16187,1.15971,1.15995,3332
2025-08-22 17:00:00+00:00,1.15999,1.17196,1.15999,1.17177,14167
2025-08-22 18:00:00+00:00,1.17177,1.17317,1.17118,1.17118,6010
2025-08-22 19:00:00+00:00,1.17116,1.17261,1.17115,1.17214,4822
2025-08-22 20:00:00+00:00,1.17215,1.17423,1.17215,1.17364,2993
2025-08-22 21:00:00+00:00,1.17362,1.1739,1.17207,1.17207,2031
2025-08-22 22:00:00+00:00,1.17209,1.17221,1.17146,1.17195,1238
2025-08-22 23:00:00+00:00,1.17193,1.17264,1.17176,1.17218,1520
2025-08-25 00:00:00+00:00,1.17219,1.17258,1.17209,1.17218,235
2025-08-25 01:00:00+00:00,1.1722,1.17228,1.17104,1.17123,943
2025-08-25 02:00:00+00:00,1.17123,1.17139,1.17069,1.17078,985
2025-08-25 03:00:00+00:00,1.17077,1.17077,1.1695,1.16975,1558
2025-08-25 04:00:00+00:00,1.16975,1.17031,1.16932,1.1696,1231
2025-08-25 05:00:00+00:00,1.1696,1.16996,1.1693500000000001,1.16966,943
2025-08-25 06:00:00+00:00,1.1697,1.17072,1.1697,1.17062,805
2025-08-25 07:00:00+00:00,1.17063,1.17073,1.17031,1.17054,670
2025-08-25 08:00:00+00:00,1.17053,1.17053,1.16978,1.17001,777
2025-08-25 09:00:00+00:00,1.17004,1.172,1.17004,1.17143,2171
2025-08-25 10:00:00+00:00,1.17142,1.17177,1.16939,1.16973,2662
2025-08-25 11:00:00+00:00,1.16973,1.17103,1.16971,1.17036,1813
2025-08-25 12:00:00+00:00,1.17033,1.17041,1.16895,1.16927,1784
2025-08-25 13:00:00+00:00,1.16928,1.16967,1.16848,1.16872,1653
2025-08-25 14:00:00+00:00,1.16872,1.17026,1.1687,1.17022,1343
2025-08-25 15:00:00+00:00,1.17023,1.17031,1.16932,1.16993,1939
2025-08-25 16:00:00+00:00,1.16992,1.17086,1.16943,1.17025,2344
2025-08-25 17:00:00+00:00,1.17026,1.17053,1.16887,1.16896,3658
2025-08-25 18:00:00+00:00,1.16897,1.16912,1.16649,1.16687,3479
2025-08-25 19:00:00+00:00,1.16687,1.1669,1.16509,1.16543,2436
2025-08-25 20:00:00+00:00,1.16543,1.16555,1.16404,1.16462,1831
2025-08-25 21:00:00+00:00,1.16462,1.16479,1.16186,1.162,2003
2025-08-25 22:00:00+00:00,1.162,1.16209,1.16023,1.1609099999999999,2036
2025-08-25 23:00:00+00:00,1.1609099999999999,1.16251,1.16089,1.16161,1286
2025-08-26 00:00:00+00:00,1.16161,1.16187,1.1614,1.16187,365
2025-08-26 01:00:00+00:00,1.16187,1.16221,1.1618,1.16199,660
2025-08-26 02:00:00+00:00,1.16199,1.16207,1.1612,1.16141,687
2025-08-26 03:00:00+00:00,1.16141,1.16596,1.16098,1.16474,6404
2025-08-26 04:00:00+00:00,1.16473,1.16496,1.16344,1.16414,2917
2025-08-26 05:00:00+00:00,1.16413,1.16468,1.16319,1.1636,1787
2025-08-26 06:00:00+00:00,1.16361,1.16361,1.16235,1.16252,1381
2025-08-26 07:00:00+00:00,1.16249,1.16318,1.16232,1.16315,1134
2025-08-26 08:00:00+00:00,1.16316,1.16439,1.16291,1.16408,1196
2025-08-26 09:00:00+00:00,1.16408,1.16408,1.16129,1.16217,4011
2025-08-26 10:00:00+00:00,1.16217,1.16281,1.16016,1.16212,5055
2025-08-26 11:00:00+00:00,1.16212,1.16245,1.16054,1.16175,3203
2025-08-26 12:00:00+00:00,1.16174,1.16432,1.16171,1.16421,2668
2025-08-26 13:00:00+00:00,1.1642299999999999,1.16471,1.16367,1.16445,1900
2025-08-26 14:00:00+00:00,1.16445,1.1660300000000001,1.16409,1.16534,2755
2025-08-26 15:00:00+00:00,1.16534,1.16594,1.16444,1.16456,3983
2025-08-26 16:00:00+00:00,1.16458,1.16561,1.16367,1.16503,4089
2025-08-26 17:00:00+00:00,1.16502,1.16648,1.1643,1.16541,4704
2025-08-26 18:00:00+00:00,1.1654200000000001,1.16633,1.16483,1.16551,3187
2025-08-26 19:00:00+00:00,1.16552,1.1661,1.1648100000000001,1.16483,1976
2025-08-26 20:00:00+00:00,1.16483,1.16523,1.16371,1.16374,1871
2025-08-26 21:00:00+00:00,1.16373,1.1647,1.16331,1.16432,1695
2025-08-26 22:00:00+00:00,1.16431,1.16482,1.16393,1.16401,1390
2025-08-26 23:00:00+00:00,1.164,1.16427,1.16331,1.1641,1152
2025-08-27 00:00:00+00:00,1.16412,1.16461,1.1636,1.16416,899
2025-08-27 01:00:00+00:00,1.16415,1.16472,1.16404,1.16425,571
2025-08-27 02:00:00+00:00,1.1642299999999999,1.16434,1.16363,1.16366,625
2025-08-27 03:00:00+00:00,1.16366,1.16413,1.16331,1.16363,1286
2025-08-27 04:00:00+00:00,1.1636199999999999,1.16403,1.16303,1.16333,1421
2025-08-27 05:00:00+00:00,1.16332,1.16337,1.16243,1.16308,1024
2025-08-27 06:00:00+00:00,1.16309,1.1632500000000001,1.1621299999999999,1.16248,846
2025-08-27 07:00:00+00:00,1.16247,1.16249,1.16116,1.16136,894
2025-08-27 08:00:00+00:00,1.16135,1.16201,1.16131,1.16198,809
2025-08-27 09:00:00+00:00,1.16196,1.16235,1.1614,1.16204,1986
2025-08-27 10:00:00+00:00,1.16205,1.16215,1.15958,1.1602999999999999,2765
2025-08-27 11:00:00+00:00,1.16027,1.16031,1.15766,1.15883,2881
2025-08-27 12:00:00+00:00,1.15884,1.15946,1.15859,1.15897,2046
2025-08-27 13:00:00+00:00,1.15897,1.15921,1.15784,1.1579,1861
2025-08-27 14:00:00+00:00,1.15788,1.15893,1.15736,1.15856,2080
2025-08-27 15:00:00+00:00,1.15855,1.15978,1.1584,1.15859,3118
2025-08-27 16:00:00+00:00,1.15859,1.16033,1.15839,1.15975,3870
2025-08-27 17:00:00+00:00,1.15975,1.16024,1.15816,1.15919,3764
2025-08-27 18:00:00+00:00,1.15918,1.1611799999999999,1.15917,1.16103,3903
2025-08-27 19:00:00+00:00,1.16104,1.16403,1.16103,1.16378,3109
2025-08-27 20:00:00+00:00,1.16379,1.16424,1.16321,1.16373,2287
2025-08-27 21:00:00+00:00,1.16374,1.16377,1.1627399999999999,1.1630099999999999,1752
2025-08-27 22:00:00+00:00,1.163,1.16346,1.16286,1.16333,1148
2025-08-27 23:00:00+00:00,1.1633499999999999,1.16388,1.16311,1.16382,994
2025-08-28 00:00:00+00:00,1.16303,1.16375,1.163,1.1635,243
2025-08-28 01:00:00+00:00,1.16361,1.16435,1.16353,1.16429,742
2025-08-28 02:00:00+00:00,1.1643,1.16472,1.16421,1.16471,669
2025-08-28 03:00:00+00:00,1.16471,1.1649,1.16421,1.16451,1156
2025-08-28 04:00:00+00:00,1.16452,1.165,1.16409,1.1644700000000001,1434
2025-08-28 05:00:00+00:00,1.16448,1.16543,1.16442,1.16522,1360
2025-08-28 06:00:00+00:00,1.16523,1.16539,1.16418,1.16425,908
2025-08-28 07:00:00+00:00,1.16421,1.16436,1.16384,1.16393,788
2025-08-28 08:00:00+00:00,1.16392,1.16403,1.16354,1.1637,876
2025-08-28 09:00:00+00:00,1.16371,1.16446,1.16334,1.16424,1864
2025-08-28 10:00:00+00:00,1.16425,1.16491,1.16333,1.16431,2324
2025-08-28 11:00:00+00:00,1.16433,1.1645,1.16287,1.16418,2648
2025-08-28 12:00:00+00:00,1.16419,1.16541,1.16419,1.16483,1941
2025-08-28 13:00:00+00:00,1.16482,1.16744,1.16477,1.1671,2167
2025-08-28 14:00:00+00:00,1.16709,1.16732,1.16589,1.16661,2612
2025-08-28 15:00:00+00:00,1.16662,1.16867,1.16619,1.1669100000000001,5411
2025-08-28 16:00:00+00:00,1.16692,1.16768,1.16581,1.16717,4938
2025-08-28 17:00:00+00:00,1.16718,1.16856,1.16656,1.16698,4593
2025-08-28 18:00:00+00:00,1.167,1.16749,1.16607,1.16716,3359
2025-08-28 19:00:00+00:00,1.16717,1.16897,1.16714,1.16889,1878
2025-08-28 20:00:00+00:00,1.16889,1.1696900000000001,1.16864,1.16875,1812
2025-08-28 21:00:00+00:00,1.1687400000000001,1.16898,1.16842,1.16885,1412
2025-08-28 22:00:00+00:00,1.16886,1.16897,1.16817,1.16822,1147
2025-08-28 23:00:00+00:00,1.16822,1.16829,1.16774,1.16822,1137
2025-08-29 00:00:00+00:00,1.16799,1.16801,1.16739,1.16781,411
2025-08-29 01:00:00+00:00,1.16777,1.16802,1.1673,1.16736,866
2025-08-29 02:00:00+00:00,1.16737,1.16814,1.16734,1.16781,682
2025-08-29 03:00:00+00:00,1.16781,1.16816,1.16723,1.16742,1570
2025-08-29 04:00:00+00:00,1.16743,1.1676,1.16556,1.16583,2006
2025-08-29 05:00:00+00:00,1.16583,1.16646,1.16583,1.16614,946
2025-08-29 06:00:00+00:00,1.16617,1.16644,1.16594,1.16621,735
2025-08-29 07:00:00+00:00,1.16621,1.16644,1.16581,1.16642,618
2025-08-29 08:00:00+00:00,1.16643,1.16697,1.16609,1.16696,749
2025-08-29 09:00:00+00:00,1.16694,1.167,1.16608,1.16668,1993
2025-08-29 10:00:00+00:00,1.16666,1.16765,1.16623,1.16755,2669
2025-08-29 11:00:00+00:00,1.16754,1.16898,1.16688,1.1675200000000001,3629
2025-08-29 12:00:00+00:00,1.16754,1.16821,1.16686,1.1672500000000001,2240
2025-08-29 13:00:00+00:00,1.16724,1.1674,1.16645,1.16672,2061
2025-08-29 14:00:00+00:00,1.16672,1.16676,1.16606,1.16626,1721
2025-08-29 15:00:00+00:00,1.16625,1.16636,1.16502,1.16582,4077
2025-08-29 16:00:00+00:00,1.16583,1.16723,1.16531,1.1667399999999999,4418
2025-08-29 17:00:00+00:00,1.1667399999999999,1.17046,1.16673,1.17037,8342
2025-08-29 18:00:00+00:00,1.17035,1.17084,1.16937,1.16939,5261
2025-08-29 19:00:00+00:00,1.16937,1.17066,1.16928,1.17012,2922
2025-08-29 20:00:00+00:00,1.17009,1.17023,1.16954,1.16957,1953
2025-08-29 21:00:00+00:00,1.16959,1.1699,1.16926,1.16975,2268
2025-08-29 22:00:00+00:00,1.16976,1.16991,1.16924,1.16974,2639
2025-08-29 23:00:00+00:00,1.16981,1.16999,1.16794,1.16866,1900
2025-09-01 00:00:00+00:00,1.16938,1.16953,1.16845,1.16865,448
2025-09-01 01:00:00+00:00,1.16865,1.169,1.16837,1.16876,844
2025-09-01 02:00:00+00:00,1.16877,1.16899,1.16859,1.16893,762
2025-09-01 03:00:00+00:00,1.16893,1.16975,1.16892,1.16966,1251
2025-09-01 04:00:00+00:00,1.16967,1.16968,1.16875,1.16943,1765
2025-09-01 05:00:00+00:00,1.16944,1.17132,1.16943,1.17114,1906
2025-09-01 06:00:00+00:00,1.17113,1.17139,1.17042,1.17077,1244
2025-09-01 07:00:00+00:00,1.17078,1.17096,1.17039,1.17078,882
2025-09-01 08:00:00+00:00,1.17077,1.1715,1.17073,1.17139,1338
2025-09-01 09:00:00+00:00,1.17138,1.17328,1.1712799999999999,1.17244,3353
2025-09-01 10:00:00+00:00,1.17245,1.17272,1.17144,1.17245,3674
2025-09-01 11:00:00+00:00,1.17246,1.17358,1.17154,1.17344,3480
2025-09-01 12:00:00+00:00,1.17344,1.17354,1.17179,1.17188,2903
2025-09-01 13:00:00+00:00,1.17187,1.17256,1.17173,1.17188,2082
2025-09-01 14:00:00+00:00,1.1719,1.17285,1.17123,1.17138,2892
2025-09-01 15:00:00+00:00,1.17137,1.17171,1.17057,1.1707,2783
2025-09-01 16:00:00+00:00,1.17069,1.17157,1.17045,1.17073,3310
2025-09-01 17:00:00+00:00,1.17074,1.17137,1.1705,1.17105,3406
2025-09-01 18:00:00+00:00,1.17102,1.1711,1.16991,1.16991,2310
2025-09-01 19:00:00+00:00,1.16992,1.17043,1.16961,1.17042,1673
2025-09-01 20:00:00+00:00,1.17043,1.17047,1.17007,1.17038,871
2025-09-01 21:00:00+00:00,1.17039,1.1707,1.17034,1.17069,826
2025-09-01 22:00:00+00:00,1.17069,1.17133,1.17069,1.17124,1095
2025-09-01 23:00:00+00:00,1.17123,1.1713,1.17102,1.17103,915
2025-09-02 00:00:00+00:00,1.17102,1.17102,1.1700599999999999,1.17059,410
2025-09-02 01:00:00+00:00,1.17059,1.17129,1.17058,1.17104,635
2025-09-02 02:00:00+00:00,1.17104,1.17179,1.17102,1.17143,727
2025-09-02 03:00:00+00:00,1.17144,1.17153,1.17028,1.1703999999999999,1868
2025-09-02 04:00:00+00:00,1.17041,1.17065,1.16989,1.17032,2847
2025-09-02 05:00:00+00:00,1.17033,1.17037,1.1691799999999999,1.1698,2158
2025-09-02 06:00:00+00:00,1.1697899999999999,1.16988,1.16926,1.16948,1337
2025-09-02 07:00:00+00:00,1.16947,1.16957,1.16895,1.16929,1139
2025-09-02 08:00:00+00:00,1.1693,1.16966,1.16868,1.16939,1454
2025-09-02 09:00:00+00:00,1.1694,1.17058,1.1694,1.17026,2545
2025-09-02 10:00:00+00:00,1.17025,1.1706,1.16421,1.16452,7682
2025-09-02 11:00:00+00:00,1.16453,1.16552,1.16332,1.16441,7085
2025-09-02 12:00:00+00:00,1.16437,1.16478,1.16234,1.16371,4991
2025-09-02 13:00:00+00:00,1.16374,1.16414,1.16262,1.16313,3852
2025-09-02 14:00:00+00:00,1.16312,1.16491,1.16276,1.16462,3977
2025-09-02 15:00:00+00:00,1.16461,1.16526,1.16124,1.16168,6383
2025-09-02 16:00:00+00:00,1.16167,1.16509,1.16145,1.16486,6413
2025-09-02 17:00:00+00:00,1.16488,1.16821,1.16487,1.16619,9222
2025-09-02 18:00:00+00:00,1.16618,1.16679,1.16489,1.1652,5684
2025-09-02 19:00:00+00:00,1.1652,1.1654200000000001,1.16425,1.16435,3051
2025-09-02 20:00:00+00:00,1.16436,1.16478,1.16409,1.16419,2233
2025-09-02 21:00:00+00:00,1.16418,1.16429,1.16291,1.1633,3069
2025-09-02 22:00:00+00:00,1.16331,1.16408,1.16315,1.16408,1954
2025-09-02 23:00:00+00:00,1.16409,1.16428,1.16356,1.16356,1304
2025-09-03 00:00:00+00:00,1.16356,1.16411,1.16342,1.16388,419
2025-09-03 01:00:00+00:00,1.16387,1.16437,1.1636,1.1636199999999999,835
2025-09-03 02:00:00+00:00,1.16366,1.16374,1.16321,1.16323,925
2025-09-03 03:00:00+00:00,1.16324,1.1636,1.16285,1.16327,1522
2025-09-03 04:00:00+00:00,1.16326,1.1635,1.16259,1.163,1844
2025-09-03 05:00:00+00:00,1.16299,1.1635,1.16243,1.16269,1534
2025-09-03 06:00:00+00:00,1.1627,1.1629800000000001,1.16226,1.16231,1259
2025-09-03 07:00:00+00:00,1.1623,1.16313,1.16215,1.16313,991
2025-09-03 08:00:00+00:00,1.16312,1.1634,1.16258,1.16295,1456
2025-09-03 09:00:00+00:00,1.16295,1.16424,1.1628,1.16324,3364
2025-09-03 10:00:00+00:00,1.16324,1.16355,1.16077,1.16354,5811
2025-09-03 11:00:00+00:00,1.16354,1.1657,1.16351,1.16559,4603
2025-09-03 12:00:00+00:00,1.1656,1.16642,1.16514,1.16559,3775
2025-09-03 13:00:00+00:00,1.16558,1.16573,1.16392,1.16429,3092
2025-09-03 14:00:00+00:00,1.16429,1.1654,1.16394,1.16513,3092
2025-09-03 15:00:00+00:00,1.16513,1.16584,1.16441,1.16479,4171
2025-09-03 16:00:00+00:00,1.16478,1.16535,1.1638,1.1648,5881
2025-09-03 17:00:00+00:00,1.1648,1.16801,1.1648,1.16634,8564
2025-09-03 18:00:00+00:00,1.16633,1.16816,1.16628,1.16747,5097
2025-09-03 19:00:00+00:00,1.16746,1.16771,1.16662,1.16748,2822
2025-09-03 20:00:00+00:00,1.16749,1.16767,1.16585,1.16607,2496
2025-09-03 21:00:00+00:00,1.16606,1.1667399999999999,1.16577,1.16615,2739
2025-09-03 22:00:00+00:00,1.16614,1.16624,1.16555,1.1657899999999999,1908
2025-09-03 23:00:00+00:00,1.1657899999999999,1.16641,1.16552,1.1661299999999999,1216
2025-09-04 00:00:00+00:00,1.16616,1.16624,1.16543,1.16602,879
2025-09-04 01:00:00+00:00,1.16602,1.16628,1.16591,1.16598,662
2025-09-04 02:00:00+00:00,1.16598,1.16618,1.16562,1.16606,621
2025-09-04 03:00:00+00:00,1.16608,1.1662,1.16543,1.16582,2485
2025-09-04 04:00:00+00:00,1.16583,1.1669,1.16519,1.16578,2685
2025-09-04 05:00:00+00:00,1.16578,1.16585,1.16506,1.16524,2005
2025-09-04 06:00:00+00:00,1.16525,1.16555,1.16501,1.16527,1517
2025-09-04 07:00:00+00:00,1.16526,1.16543,1.16499,1.1651,1203
2025-09-04 08:00:00+00:00,1.16511,1.16549,1.16479,1.16547,1518
2025-09-04 09:00:00+00:00,1.16548,1.16608,1.16495,1.16514,2797
2025-09-04 10:00:00+00:00,1.16515,1.16581,1.16436,1.16502,3727
2025-09-04 11:00:00+00:00,1.16502,1.16588,1.16478,1.1657,3302
2025-09-04 12:00:00+00:00,1.1657,1.16592,1.16392,1.16425,2922
2025-09-04 13:00:00+00:00,1.16425,1.16592,1.1642299999999999,1.16523,3064
2025-09-04 14:00:00+00:00,1.16522,1.16525,1.16389,1.16424,3005
2025-09-04 15:00:00+00:00,1.16424,1.16574,1.16294,1.16455,6739
2025-09-04 16:00:00+00:00,1.16454,1.16552,1.16371,1.16485,7032
2025-09-04 17:00:00+00:00,1.1648,1.1651,1.16312,1.16341,7467
2025-09-04 18:00:00+00:00,1.16341,1.16495,1.16309,1.16473,3610
2025-09-04 19:00:00+00:00,1.16472,1.16478,1.16333,1.16391,2046
2025-09-04 20:00:00+00:00,1.16391,1.1639599999999999,1.1634,1.16369,1464
2025-09-04 21:00:00+00:00,1.1637,1.16474,1.1636199999999999,1.16435,1576
2025-09-04 22:00:00+00:00,1.16435,1.16516,1.16435,1.16504,1678
2025-09-04 23:00:00+00:00,1.16505,1.16521,1.1648,1.16487,788
2025-09-05 00:00:00+00:00,1.16487,1.16494,1.16434,1.16489,531
2025-09-05 01:00:00+00:00,1.16489,1.16528,1.16482,1.16483,735
2025-09-05 02:00:00+00:00,1.1648399999999999,1.16573,1.1648100000000001,1.16562,883
2025-09-05 03:00:00+00:00,1.16563,1.1660300000000001,1.1651799999999999,1.16591,2747
2025-09-05 04:00:00+00:00,1.16592,1.16717,1.16591,1.16702,2178
2025-09-05 05:00:00+00:00,1.16702,1.16741,1.16677,1.16681,1656
2025-09-05 06:00:00+00:00,1.16677,1.16728,1.16656,1.16709,1254
2025-09-05 07:00:00+00:00,1.16708,1.16714,1.16646,1.1666400000000001,992
2025-09-05 08:00:00+00:00,1.16665,1.16772,1.16662,1.16763,1474
2025-09-05 09:00:00+00:00,1.16764,1.1677,1.16647,1.16689,2852
2025-09-05 10:00:00+00:00,1.16688,1.16784,1.16659,1.16774,2945
2025-09-05 11:00:00+00:00,1.16773,1.16841,1.16749,1.16828,2200
2025-09-05 12:00:00+00:00,1.16828,1.16919,1.1681,1.16876,2228
2025-09-05 13:00:00+00:00,1.16875,1.16959,1.16863,1.1690800000000001,2060
2025-09-05 14:00:00+00:00,1.1690800000000001,1.1691,1.16772,1.16865,3000
2025-09-05 15:00:00+00:00,1.16866,1.1749,1.16856,1.17337,13091
2025-09-05 16:00:00+00:00,1.1734,1.17496,1.17133,1.17483,11434
2025-09-05 17:00:00+00:00,1.17483,1.1758899999999999,1.1722299999999999,1.17361,9994
2025-09-05 18:00:00+00:00,1.17361,1.1758899999999999,1.17342,1.17578,5430
2025-09-05 19:00:00+00:00,1.1757900000000001,1.1759,1.1736,1.17384,3761
2025-09-05 20:00:00+00:00,1.17384,1.17387,1.17241,1.17254,3392
2025-09-05 21:00:00+00:00,1.17253,1.17258,1.1714,1.17165,2235
2025-09-05 22:00:00+00:00,1.17165,1.17225,1.17124,1.17174,1951
2025-09-05 23:00:00+00:00,1.17175,1.1721,1.17141,1.17188,1245
2025-09-08 00:00:00+00:00,1.17104,1.17166,1.17059,1.17135,300
2025-09-08 01:00:00+00:00,1.17179,1.17191,1.17029,1.17052,2467
2025-09-08 02:00:00+00:00,1.17052,1.1715200000000001,1.17052,1.17115,2098
2025-09-08 03:00:00+00:00,1.17118,1.17126,1.17043,1.17123,2492
2025-09-08 04:00:00+00:00,1.17124,1.17169,1.17069,1.17123,2750
2025-09-08 05:00:00+00:00,1.17122,1.17158,1.17099,1.17144,2688
2025-09-08 06:00:00+00:00,1.17144,1.17153,1.17076,1.17088,1732
2025-09-08 07:00:00+00:00,1.17088,1.17136,1.17056,1.1712500000000001,1182
2025-09-08 08:00:00+00:00,1.17124,1.17203,1.17116,1.17146,1454
2025-09-08 09:00:00+00:00,1.17148,1.17273,1.17113,1.17263,3268
2025-09-08 10:00:00+00:00,1.17262,1.17333,1.17199,1.17322,3596
2025-09-08 11:00:00+00:00,1.17322,1.17423,1.17253,1.17307,3442
2025-09-08 12:00:00+00:00,1.17307,1.17309,1.17202,1.17232,2415
2025-09-08 13:00:00+00:00,1.17231,1.1728399999999999,1.17196,1.17253,2384
2025-09-08 14:00:00+00:00,1.17253,1.17313,1.17241,1.17286,2451
2025-09-08 15:00:00+00:00,1.17285,1.17409,1.17222,1.17371,3769
2025-09-08 16:00:00+00:00,1.17372,1.17558,1.17357,1.17506,4458
2025-09-08 17:00:00+00:00,1.17506,1.1754,1.17393,1.17448,4853
2025-09-08 18:00:00+00:00,1.17449,1.17517,1.17426,1.17497,3240
2025-09-08 19:00:00+00:00,1.17496,1.17512,1.1734499999999999,1.17401,2362
2025-09-08 20:00:00+00:00,1.17401,1.17464,1.17344,1.17391,2036
2025-09-08 21:00:00+00:00,1.17391,1.17621,1.1739,1.17606,2184
2025-09-08 22:00:00+00:00,1.17606,1.17649,1.17588,1.17621,2177
2025-09-08 23:00:00+00:00,1.1762,1.17632,1.1758899999999999,1.17624,1548
2025-09-09 00:00:00+00:00,1.1762299999999999,1.17624,1.17539,1.17602,556
2025-09-09 01:00:00+00:00,1.17607,1.17643,1.17602,1.17616,961
2025-09-09 02:00:00+00:00,1.17617,1.17723,1.17617,1.17677,1396
2025-09-09 03:00:00+00:00,1.1768,1.17739,1.17651,1.1771,1625
2025-09-09 04:00:00+00:00,1.17709,1.17773,1.17654,1.17746,1651
2025-09-09 05:00:00+00:00,1.17746,1.17763,1.1767400000000001,1.17683,1298
2025-09-09 06:00:00+00:00,1.1768399999999999,1.17695,1.17629,1.17634,941
2025-09-09 07:00:00+00:00,1.17634,1.17752,1.17632,1.17723,994
2025-09-09 08:00:00+00:00,1.17722,1.17794,1.17708,1.17782,1451
2025-09-09 09:00:00+00:00,1.17783,1.17793,1.17559,1.17641,3281
2025-09-09 10:00:00+00:00,1.17642,1.17678,1.17472,1.17522,4203
2025-09-09 11:00:00+00:00,1.17521,1.17617,1.17438,1.1758899999999999,5835
2025-09-09 12:00:00+00:00,1.1758899999999999,1.17718,1.17588,1.1767,3459
2025-09-09 13:00:00+00:00,1.17669,1.17709,1.1752,1.17535,2792
2025-09-09 14:00:00+00:00,1.17535,1.1754,1.1740599999999999,1.17415,2638
2025-09-09 15:00:00+00:00,1.17416,1.17445,1.17269,1.17367,3950
2025-09-09 16:00:00+00:00,1.17368,1.17483,1.17334,1.17415,4767
2025-09-09 17:00:00+00:00,1.17415,1.17624,1.17221,1.17301,12248
2025-09-09 18:00:00+00:00,1.17302,1.17311,1.17151,1.17215,6045
2025-09-09 19:00:00+00:00,1.17216,1.17293,1.17181,1.17182,3691
2025-09-09 20:00:00+00:00,1.17184,1.1723,1.17079,1.17088,3937
2025-09-09 21:00:00+00:00,1.17089,1.17141,1.17037,1.1706,2928
2025-09-09 22:00:00+00:00,1.17059,1.17085,1.17031,1.1706,1805
2025-09-09 23:00:00+00:00,1.17059,1.17108,1.1703999999999999,1.17068,1386
2025-09-10 00:00:00+00:00,1.17069,1.17108,1.17013,1.17107,1138
2025-09-10 01:00:00+00:00,1.17107,1.1713,1.1708,1.17111,932
2025-09-10 02:00:00+00:00,1.17111,1.17113,1.16967,1.17018,1381
2025-09-10 03:00:00+00:00,1.17018,1.1702,1.16955,1.16964,1919
2025-09-10 04:00:00+00:00,1.16965,1.17021,1.16889,1.1699,2786
2025-09-10 05:00:00+00:00,1.16991,1.17078,1.16988,1.17068,2023
2025-09-10 06:00:00+00:00,1.17068,1.17096,1.17062,1.17076,1277
2025-09-10 07:00:00+00:00,1.17076,1.17149,1.17068,1.17144,1096
2025-09-10 08:00:00+00:00,1.17143,1.17153,1.17046,1.1708,1409
2025-09-10 09:00:00+00:00,1.17079,1.17179,1.16913,1.16975,3323
2025-09-10 10:00:00+00:00,1.16974,1.17072,1.16821,1.17023,4453
2025-09-10 11:00:00+00:00,1.17024,1.17031,1.16906,1.16992,3118
2025-09-10 12:00:00+00:00,1.16992,1.17164,1.16978,1.17126,2770
2025-09-10 13:00:00+00:00,1.17127,1.17141,1.16956,1.16997,2368
2025-09-10 14:00:00+00:00,1.16995,1.17063,1.16948,1.17041,2466
2025-09-10 15:00:00+00:00,1.17041,1.17266,1.16895,1.16997,9132
2025-09-10 16:00:00+00:00,1.16997,1.17242,1.16952,1.17195,6591
2025-09-10 17:00:00+00:00,1.17194,1.17297,1.17145,1.17272,5403
2025-09-10 18:00:00+00:00,1.17271,1.17295,1.17126,1.17141,3394
2025-09-10 19:00:00+00:00,1.17141,1.17155,1.1702,1.1705,2586
2025-09-10 20:00:00+00:00,1.1705,1.17107,1.17011,1.17053,1940
2025-09-10 21:00:00+00:00,1.17052,1.17116,1.1702,1.1703999999999999,1874
2025-09-10 22:00:00+00:00,1.1703999999999999,1.17041,1.16928,1.16997,1833
2025-09-10 23:00:00+00:00,1.16996,1.17008,1.16926,1.16942,1316
2025-09-11 00:00:00+00:00,1.16943,1.16975,1.1692,1.1697,330
2025-09-11 01:00:00+00:00,1.16978,1.17028,1.16972,1.17022,448
2025-09-11 02:00:00+00:00,1.17023,1.1706,1.17004,1.17016,763
2025-09-11 03:00:00+00:00,1.1702,1.1702,1.16932,1.1693500000000001,1227
2025-09-11 04:00:00+00:00,1.16934,1.17021,1.16924,1.16968,1255
2025-09-11 05:00:00+00:00,1.16968,1.16982,1.16932,1.1696,901
2025-09-11 06:00:00+00:00,1.16959,1.16997,1.16941,1.16952,872
2025-09-11 07:00:00+00:00,1.16951,1.16989,1.1693500000000001,1.16988,721
2025-09-11 08:00:00+00:00,1.16988,1.16989,1.16888,1.16895,1195
2025-09-11 09:00:00+00:00,1.16894,1.16961,1.16833,1.169,3444
2025-09-11 10:00:00+00:00,1.16901,1.16958,1.16861,1.1692,3838
2025-09-11 11:00:00+00:00,1.16921,1.16947,1.1688,1.16914,2620
2025-09-11 12:00:00+00:00,1.16913,1.16925,1.16766,1.16851,2871
2025-09-11 13:00:00+00:00,1.16852,1.16878,1.16794,1.16825,2593
2025-09-11 14:00:00+00:00,1.16824,1.16905,1.16775,1.16831,3204
2025-09-11 15:00:00+00:00,1.16832,1.17204,1.16568,1.17145,13540
2025-09-11 16:00:00+00:00,1.17144,1.17404,1.17133,1.17387,11545
2025-09-11 17:00:00+00:00,1.17387,1.17438,1.1724999999999999,1.17273,6572
2025-09-11 18:00:00+00:00,1.1727400000000001,1.17454,1.17256,1.17309,4196
2025-09-11 19:00:00+00:00,1.17311,1.17392,1.173,1.17359,2824
2025-09-11 20:00:00+00:00,1.1736,1.17386,1.17272,1.17311,2724
2025-09-11 21:00:00+00:00,1.17311,1.17377,1.173,1.1735,2040
2025-09-11 22:00:00+00:00,1.17351,1.17383,1.17331,1.17363,1858
2025-09-11 23:00:00+00:00,1.17362,1.1739,1.17316,1.1733,1933
2025-09-12 00:00:00+00:00,1.17331,1.17354,1.17265,1.17329,882
2025-09-12 01:00:00+00:00,1.17333,1.17399,1.17328,1.17379,889
2025-09-12 02:00:00+00:00,1.17379,1.1739600000000001,1.17322,1.17323,1908
2025-09-12 03:00:00+00:00,1.17326,1.17338,1.17267,1.17325,1803
2025-09-12 04:00:00+00:00,1.17326,1.1734,1.17248,1.17251,1377
2025-09-12 05:00:00+00:00,1.17253,1.17286,1.17232,1.17262,1095
2025-09-12 06:00:00+00:00,1.17259,1.17265,1.17222,1.17245,929
2025-09-12 07:00:00+00:00,1.17245,1.17265,1.17202,1.17251,904
2025-09-12 08:00:00+00:00,1.17252,1.17329,1.17237,1.17299,1068
2025-09-12 09:00:00+00:00,1.17303,1.17399,1.17214,1.17391,2758
2025-09-12 10:00:00+00:00,1.17392,1.17472,1.17365,1.17401,3171
2025-09-12 11:00:00+00:00,1.17402,1.17404,1.1715200000000001,1.17167,3428
2025-09-12 12:00:00+00:00,1.17167,1.17248,1.17121,1.17216,2856
2025-09-12 13:00:00+00:00,1.17217,1.17343,1.17214,1.17334,2042
2025-09-12 14:00:00+00:00,1.17333,1.17349,1.17201,1.17206,2316
2025-09-12 15:00:00+00:00,1.17207,1.1722299999999999,1.17007,1.17117,4634
2025-09-12 16:00:00+00:00,1.17114,1.17159,1.17029,1.17111,4220
2025-09-12 17:00:00+00:00,1.17108,1.17276,1.17104,1.17244,5520
2025-09-12 18:00:00+00:00,1.17245,1.17272,1.1712799999999999,1.17134,3257
2025-09-12 19:00:00+00:00,1.17134,1.17312,1.17095,1.17263,2124
2025-09-12 20:00:00+00:00,1.17265,1.17373,1.17263,1.17316,1582
2025-09-12 21:00:00+00:00,1.17316,1.17412,1.17315,1.17405,1767
2025-09-12 22:00:00+00:00,1.17405,1.17409,1.17334,1.1736,1795
2025-09-12 23:00:00+00:00,1.17357,1.1736,1.17279,1.17315,2062
2025-09-15 00:00:00+00:00,1.17277,1.17332,1.17263,1.17275,196
2025-09-15 01:00:00+00:00,1.1728399999999999,1.1734,1.1727,1.17278,804
2025-09-15 02:00:00+00:00,1.17276,1.17305,1.17243,1.17248,890
2025-09-15 03:00:00+00:00,1.17251,1.17273,1.1721300000000001,1.17263,981
2025-09-15 04:00:00+00:00,1.17262,1.17289,1.1722299999999999,1.17272,1206
2025-09-15 05:00:00+00:00,1.17271,1.17287,1.17242,1.1727,795
2025-09-15 06:00:00+00:00,1.1727,1.17337,1.17267,1.17306,719
2025-09-15 07:00:00+00:00,1.17307,1.17349,1.17304,1.1733500000000001,682
2025-09-15 08:00:00+00:00,1.17336,1.17338,1.17272,1.17278,726
2025-09-15 09:00:00+00:00,1.17279,1.17293,1.17157,1.17245,2371
2025-09-15 10:00:00+00:00,1.17244,1.17437,1.17236,1.17331,3240
2025-09-15 11:00:00+00:00,1.1733,1.1743000000000001,1.17294,1.17365,2944
2025-09-15 12:00:00+00:00,1.17364,1.17511,1.17356,1.17458,2369
2025-09-15 13:00:00+00:00,1.1745700000000001,1.17622,1.17456,1.17523,2355
2025-09-15 14:00:00+00:00,1.17523,1.17626,1.17522,1.17604,2371
2025-09-15 15:00:00+00:00,1.17604,1.17703,1.17604,1.1769,3208
2025-09-15 16:00:00+00:00,1.17691,1.17727,1.1757,1.17583,3858
2025-09-15 17:00:00+00:00,1.17582,1.17599,1.17503,1.17572,3825
2025-09-15 18:00:00+00:00,1.17572,1.17717,1.17558,1.17708,2597
2025-09-15 19:00:00+00:00,1.17707,1.17739,1.17556,1.17577,2378
2025-09-15 20:00:00+00:00,1.17576,1.17723,1.17575,1.17704,1596
2025-09-15 21:00:00+00:00,1.17704,1.17717,1.17657,1.17689,2089
2025-09-15 22:00:00+00:00,1.17689,1.17715,1.17638,1.17652,1743
2025-09-15 23:00:00+00:00,1.17651,1.17681,1.17586,1.17603,1371
2025-09-16 00:00:00+00:00,1.17602,1.17627,1.17593,1.17626,222
2025-09-16 01:00:00+00:00,1.17626,1.17652,1.17609,1.1762,616
2025-09-16 02:00:00+00:00,1.17621,1.17654,1.1762,1.17624,793
2025-09-16 03:00:00+00:00,1.17624,1.17657,1.17568,1.17614,1680
2025-09-16 04:00:00+00:00,1.17615,1.17687,1.17574,1.1767,1982
2025-09-16 05:00:00+00:00,1.17669,1.1777,1.17669,1.1776,1708
2025-09-16 06:00:00+00:00,1.17761,1.17863,1.17738,1.17797,1637
2025-09-16 07:00:00+00:00,1.1779600000000001,1.17798,1.17736,1.1776200000000001,1253
2025-09-16 08:00:00+00:00,1.1776200000000001,1.17797,1.17732,1.17776,1453
2025-09-16 09:00:00+00:00,1.17778,1.17906,1.17773,1.17868,3430
2025-09-16 10:00:00+00:00,1.17869,1.18012,1.17858,1.17939,4060
2025-09-16 11:00:00+00:00,1.17938,1.18032,1.17897,1.1794,3270
2025-09-16 12:00:00+00:00,1.17941,1.18175,1.17941,1.18136,3816
2025-09-16 13:00:00+00:00,1.18136,1.18149,1.18036,1.18076,3175
2025-09-16 14:00:00+00:00,1.1807699999999999,1.18209,1.18007,1.1813500000000001,3656
2025-09-16 15:00:00+00:00,1.1813500000000001,1.18149,1.17879,1.18042,6803
2025-09-16 16:00:00+00:00,1.18043,1.18266,1.18035,1.18234,5792
2025-09-16 17:00:00+00:00,1.1823299999999999,1.18526,1.18207,1.1851099999999999,7916
2025-09-16 18:00:00+00:00,1.18512,1.18527,1.1834500000000001,1.18466,5340
2025-09-16 19:00:00+00:00,1.1846700000000001,1.18712,1.18458,1.1864,3957
2025-09-16 20:00:00+00:00,1.18639,1.18713,1.18629,1.18712,845
