time,open,high,low,close,volume
2025-01-02 13:00:00+00:00,1.24459,1.24535,1.24343,1.2453,4584
2025-01-02 14:00:00+00:00,1.2453,1.24566,1.24149,1.24195,4494
2025-01-02 15:00:00+00:00,1.24195,1.24206,1.23973,1.24035,7172
2025-01-02 16:00:00+00:00,1.24036,1.24106,1.23881,1.2399499999999999,6146
2025-01-02 17:00:00+00:00,1.2398,1.23986,1.23694,1.2374100000000001,7424
2025-01-02 18:00:00+00:00,1.23742,1.23786,1.23518,1.23737,8526
2025-01-02 19:00:00+00:00,1.23737,1.23798,1.23607,1.23715,5545
2025-01-02 20:00:00+00:00,1.2371699999999999,1.23754,1.2365599999999999,1.23684,4689
2025-01-02 21:00:00+00:00,1.23689,1.23776,1.23632,1.23681,3659
2025-01-02 22:00:00+00:00,1.23681,1.23845,1.23681,1.23776,3242
2025-01-02 23:00:00+00:00,1.23776,1.23815,1.23742,1.23742,1300
2025-01-03 00:00:00+00:00,1.2371,1.23823,1.23647,1.23793,984
2025-01-03 01:00:00+00:00,1.23795,1.238,1.2375099999999999,1.23789,886
2025-01-03 02:00:00+00:00,1.23786,1.23869,1.23774,1.2386,1930
2025-01-03 03:00:00+00:00,1.23861,1.23896,1.23815,1.23843,2938
2025-01-03 04:00:00+00:00,1.23843,1.23912,1.23833,1.23905,2535
2025-01-03 05:00:00+00:00,1.23906,1.23953,1.23904,1.23931,1502
2025-01-03 06:00:00+00:00,1.23931,1.23936,1.23898,1.23931,1189
2025-01-03 07:00:00+00:00,1.23932,1.2397,1.23853,1.23946,1887
2025-01-03 08:00:00+00:00,1.23946,1.24035,1.2394,1.24034,1831
2025-01-03 09:00:00+00:00,1.24034,1.24061,1.23867,1.23988,4341
2025-01-03 10:00:00+00:00,1.23988,1.24066,1.23899,1.2393,4522
2025-01-03 11:00:00+00:00,1.23929,1.2416,1.23925,1.24054,3668
2025-01-03 12:00:00+00:00,1.24054,1.24075,1.23857,1.23915,3352
2025-01-03 13:00:00+00:00,1.23915,1.24157,1.23915,1.24062,3241
2025-01-03 14:00:00+00:00,1.24061,1.24121,1.24024,1.24057,3086
2025-01-03 15:00:00+00:00,1.24058,1.24113,1.23983,1.24007,3667
2025-01-03 16:00:00+00:00,1.24007,1.24126,1.23929,1.24076,4558
2025-01-03 17:00:00+00:00,1.24042,1.24166,1.23874,1.24041,7939
2025-01-03 18:00:00+00:00,1.24039,1.24172,1.24018,1.2416800000000001,4598
2025-01-03 19:00:00+00:00,1.2416800000000001,1.24285,1.24152,1.24177,3639
2025-01-03 20:00:00+00:00,1.24177,1.24254,1.24149,1.24193,2987
2025-01-03 21:00:00+00:00,1.24192,1.24332,1.24175,1.24267,2758
2025-01-03 22:00:00+00:00,1.24267,1.24334,1.24235,1.24259,2797
2025-01-03 23:00:00+00:00,1.24257,1.24287,1.24192,1.24208,1106
2025-01-06 00:00:00+00:00,1.24142,1.24226,1.24094,1.24153,1549
2025-01-06 01:00:00+00:00,1.24158,1.24328,1.24156,1.24235,1248
2025-01-06 02:00:00+00:00,1.24236,1.24315,1.2417,1.24293,2643
2025-01-06 03:00:00+00:00,1.24294,1.2438,1.24256,1.24343,3735
2025-01-06 04:00:00+00:00,1.24342,1.24417,1.24319,1.2438500000000001,2968
2025-01-06 05:00:00+00:00,1.24384,1.24402,1.2431,1.24347,2424
2025-01-06 06:00:00+00:00,1.24346,1.24382,1.24315,1.24366,1635
2025-01-06 07:00:00+00:00,1.24366,1.24436,1.24349,1.24356,1755
2025-01-06 08:00:00+00:00,1.24355,1.24468,1.24348,1.2442199999999999,2569
2025-01-06 09:00:00+00:00,1.2442,1.24561,1.24374,1.2452,3368
2025-01-06 10:00:00+00:00,1.2452,1.24816,1.24515,1.24794,4931
2025-01-06 11:00:00+00:00,1.24794,1.2490700000000001,1.2469999999999999,1.24748,5304
2025-01-06 12:00:00+00:00,1.24749,1.2477800000000001,1.24626,1.24628,3729
2025-01-06 13:00:00+00:00,1.24624,1.25471,1.24546,1.25428,10180
2025-01-06 14:00:00+00:00,1.25428,1.25504,1.25252,1.25346,6502
2025-01-06 15:00:00+00:00,1.25346,1.25476,1.25197,1.2533400000000001,7425
2025-01-06 16:00:00+00:00,1.2533400000000001,1.2536399999999999,1.24677,1.25105,10247
2025-01-06 17:00:00+00:00,1.25105,1.25175,1.24929,1.25073,9318
2025-01-06 18:00:00+00:00,1.25078,1.25345,1.25039,1.25256,5637
2025-01-06 19:00:00+00:00,1.25256,1.25263,1.25011,1.25175,4013
2025-01-06 20:00:00+00:00,1.25176,1.25194,1.25047,1.25071,3556
2025-01-06 21:00:00+00:00,1.25072,1.25143,1.25018,1.25119,3148
2025-01-06 22:00:00+00:00,1.25119,1.25214,1.25105,1.25189,2110
2025-01-06 23:00:00+00:00,1.2518799999999999,1.25228,1.25119,1.25119,1471
2025-01-07 00:00:00+00:00,1.25119,1.25199,1.25086,1.25157,818
2025-01-07 01:00:00+00:00,1.25165,1.25182,1.25083,1.25086,853
2025-01-07 02:00:00+00:00,1.2509299999999999,1.25135,1.2503199999999999,1.2511700000000001,3029
2025-01-07 03:00:00+00:00,1.25116,1.25228,1.25053,1.25184,3551
2025-01-07 04:00:00+00:00,1.25183,1.25238,1.2515800000000001,1.25191,2157
2025-01-07 05:00:00+00:00,1.25192,1.25321,1.25162,1.2532,2049
2025-01-07 06:00:00+00:00,1.25322,1.25346,1.2528299999999999,1.25304,1878
2025-01-07 07:00:00+00:00,1.2530299999999999,1.2542,1.25288,1.2537,2393
2025-01-07 08:00:00+00:00,1.2537,1.25452,1.25346,1.2537099999999999,2525
2025-01-07 09:00:00+00:00,1.25373,1.25623,1.25367,1.2551700000000001,4967
2025-01-07 10:00:00+00:00,1.25518,1.25607,1.2530999999999999,1.25604,4902
2025-01-07 11:00:00+00:00,1.25604,1.25753,1.25594,1.25628,4185
2025-01-07 12:00:00+00:00,1.25621,1.25682,1.25542,1.2558,4049
2025-01-07 13:00:00+00:00,1.2558,1.2558799999999999,1.25336,1.25391,3465
2025-01-07 14:00:00+00:00,1.25392,1.25436,1.25232,1.25261,4360
2025-01-07 15:00:00+00:00,1.25262,1.25478,1.25234,1.25416,4525
2025-01-07 16:00:00+00:00,1.25417,1.25433,1.25266,1.25279,4764
2025-01-07 17:00:00+00:00,1.25314,1.25326,1.24794,1.24966,10204
2025-01-07 18:00:00+00:00,1.24967,1.25041,1.24829,1.24956,7744
2025-01-07 19:00:00+00:00,1.24956,1.25064,1.2488,1.24997,5705
2025-01-07 20:00:00+00:00,1.24996,1.25031,1.24835,1.24876,3888
2025-01-07 21:00:00+00:00,1.24876,1.24946,1.24852,1.24898,3065
2025-01-07 22:00:00+00:00,1.24898,1.249,1.24783,1.24794,2414
2025-01-07 23:00:00+00:00,1.24794,1.24798,1.2475,1.2475,1342
2025-01-08 00:00:00+00:00,1.24741,1.2476099999999999,1.24741,1.24752,294
2025-01-08 01:00:00+00:00,1.2475100000000001,1.24771,1.2472,1.2475,972
2025-01-08 02:00:00+00:00,1.2475100000000001,1.24828,1.2475100000000001,1.24774,2743
2025-01-08 03:00:00+00:00,1.24775,1.24848,1.24753,1.24845,3108
2025-01-08 04:00:00+00:00,1.24846,1.24877,1.24832,1.24857,2239
2025-01-08 05:00:00+00:00,1.24856,1.24869,1.24775,1.24775,2032
2025-01-08 06:00:00+00:00,1.24776,1.24835,1.24772,1.24813,1600
2025-01-08 07:00:00+00:00,1.2481200000000001,1.24885,1.24781,1.2487300000000001,2140
2025-01-08 08:00:00+00:00,1.24874,1.24935,1.24838,1.24896,2363
2025-01-08 09:00:00+00:00,1.24895,1.24895,1.24627,1.24677,4486
2025-01-08 10:00:00+00:00,1.24673,1.24709,1.24406,1.24407,5352
2025-01-08 11:00:00+00:00,1.24406,1.24531,1.24398,1.24497,4573
2025-01-08 12:00:00+00:00,1.24497,1.24513,1.24406,1.24466,3758
2025-01-08 13:00:00+00:00,1.24463,1.24463,1.23236,1.23719,8919
2025-01-08 14:00:00+00:00,1.23711,1.2373,1.23202,1.2336,7274
2025-01-08 15:00:00+00:00,1.23359,1.23582,1.23223,1.23554,8564
2025-01-08 16:00:00+00:00,1.23555,1.23657,1.23233,1.23262,7289
2025-01-08 17:00:00+00:00,1.2326,1.23522,1.2325599999999999,1.23423,6988
2025-01-08 18:00:00+00:00,1.23424,1.23677,1.23333,1.23647,5564
2025-01-08 19:00:00+00:00,1.2365,1.23677,1.23373,1.23452,4100
2025-01-08 20:00:00+00:00,1.23451,1.2366,1.23449,1.2357,4125
2025-01-08 21:00:00+00:00,1.23555,1.23767,1.23536,1.23568,4618
2025-01-08 22:00:00+00:00,1.23567,1.23636,1.23506,1.23617,2692
2025-01-08 23:00:00+00:00,1.23616,1.23659,1.236,1.2361900000000001,1062
2025-01-09 00:00:00+00:00,1.2359499999999999,1.23654,1.23539,1.23624,628
2025-01-09 01:00:00+00:00,1.23624,1.23625,1.23572,1.23574,943
2025-01-09 02:00:00+00:00,1.23574,1.23608,1.23472,1.23557,2229
2025-01-09 03:00:00+00:00,1.23557,1.23626,1.23543,1.23584,3367
2025-01-09 04:00:00+00:00,1.2358500000000001,1.23645,1.23573,1.2359499999999999,2428
2025-01-09 05:00:00+00:00,1.23594,1.23622,1.23423,1.23435,2664
2025-01-09 06:00:00+00:00,1.23433,1.2343899999999999,1.23312,1.23339,2337
2025-01-09 07:00:00+00:00,1.23338,1.23401,1.23281,1.23309,2628
2025-01-09 08:00:00+00:00,1.2331,1.23313,1.22918,1.22939,4637
2025-01-09 09:00:00+00:00,1.22937,1.2308,1.22512,1.22583,7190
2025-01-09 10:00:00+00:00,1.22582,1.22935,1.22376,1.22869,7251
2025-01-09 11:00:00+00:00,1.2287,1.23043,1.22766,1.22809,5185
2025-01-09 12:00:00+00:00,1.22808,1.22907,1.22508,1.22842,5586
2025-01-09 13:00:00+00:00,1.22842,1.2300200000000001,1.22714,1.22881,5242
2025-01-09 14:00:00+00:00,1.2288000000000001,1.22936,1.2269700000000001,1.22926,4166
2025-01-09 15:00:00+00:00,1.22926,1.23224,1.2287,1.22998,5424
2025-01-09 16:00:00+00:00,1.22997,1.2314,1.22944,1.23132,4348
2025-01-09 17:00:00+00:00,1.23133,1.23161,1.22942,1.23022,4719
2025-01-09 18:00:00+00:00,1.23022,1.23031,1.22867,1.23001,3732
2025-01-09 19:00:00+00:00,1.23001,1.2312,1.2297500000000001,1.23006,3164
2025-01-09 20:00:00+00:00,1.23006,1.23089,1.22959,1.23055,2458
2025-01-09 21:00:00+00:00,1.23056,1.23126,1.23021,1.23081,1361
2025-01-09 22:00:00+00:00,1.23081,1.23145,1.23068,1.23098,1304
2025-01-09 23:00:00+00:00,1.23098,1.23102,1.23019,1.23019,1193
2025-01-10 00:00:00+00:00,1.23019,1.23095,1.23005,1.23091,752
2025-01-10 01:00:00+00:00,1.23093,1.231,1.22972,1.2297500000000001,642
2025-01-10 02:00:00+00:00,1.22976,1.2304599999999999,1.22935,1.22963,2127
2025-01-10 03:00:00+00:00,1.22962,1.23078,1.22943,1.23029,3010
2025-01-10 04:00:00+00:00,1.2303,1.23071,1.22999,1.2304599999999999,1924
2025-01-10 05:00:00+00:00,1.23044,1.23049,1.22994,1.23,1839
2025-01-10 06:00:00+00:00,1.23,1.23031,1.22909,1.22926,2267
2025-01-10 07:00:00+00:00,1.22927,1.22958,1.22735,1.22751,2452
2025-01-10 08:00:00+00:00,1.22752,1.22813,1.2266,1.22674,2555
2025-01-10 09:00:00+00:00,1.22675,1.22933,1.22674,1.229,3407
2025-01-10 10:00:00+00:00,1.22901,1.2304,1.2283,1.22877,5130
2025-01-10 11:00:00+00:00,1.22875,1.23076,1.22835,1.23014,4398
2025-01-10 12:00:00+00:00,1.23015,1.23025,1.22887,1.22947,3624
2025-01-10 13:00:00+00:00,1.22947,1.23061,1.22856,1.23018,3524
2025-01-10 14:00:00+00:00,1.23018,1.23192,1.22988,1.23154,3672
2025-01-10 15:00:00+00:00,1.23153,1.23211,1.21911,1.22308,10018
2025-01-10 16:00:00+00:00,1.2230699999999999,1.22534,1.2219,1.22427,11323
2025-01-10 17:00:00+00:00,1.22425,1.22618,1.22221,1.22291,10946
2025-01-10 18:00:00+00:00,1.2229,1.22301,1.21946,1.22115,8484
2025-01-10 19:00:00+00:00,1.2211400000000001,1.22308,1.22035,1.22212,5974
2025-01-10 20:00:00+00:00,1.22212,1.22223,1.22054,1.22127,4905
2025-01-10 21:00:00+00:00,1.22128,1.2215799999999999,1.22031,1.22094,4464
2025-01-10 22:00:00+00:00,1.22094,1.22098,1.22014,1.2208,2912
2025-01-10 23:00:00+00:00,1.2208,1.22135,1.22045,1.22064,1656
2025-01-13 00:00:00+00:00,1.21947,1.22079,1.21947,1.2206299999999999,871
2025-01-13 01:00:00+00:00,1.2206,1.22098,1.2199200000000001,1.2203,1340
2025-01-13 02:00:00+00:00,1.22027,1.2206,1.21922,1.22004,2748
2025-01-13 03:00:00+00:00,1.22003,1.22066,1.21879,1.21903,4388
2025-01-13 04:00:00+00:00,1.2190400000000001,1.21924,1.21798,1.21804,3294
2025-01-13 05:00:00+00:00,1.21802,1.21811,1.2137,1.21418,3087
2025-01-13 06:00:00+00:00,1.21432,1.21559,1.21251,1.21385,2652
2025-01-13 07:00:00+00:00,1.21386,1.21495,1.21294,1.21465,2456
2025-01-13 08:00:00+00:00,1.21465,1.21598,1.21407,1.21427,2858
2025-01-13 09:00:00+00:00,1.21425,1.21542,1.21224,1.21375,5633
2025-01-13 10:00:00+00:00,1.21372,1.21707,1.21353,1.21353,6499
2025-01-13 11:00:00+00:00,1.21353,1.2145,1.21007,1.21057,7212
2025-01-13 12:00:00+00:00,1.21056,1.21332,1.2105299999999999,1.21309,5203
2025-01-13 13:00:00+00:00,1.2131,1.21356,1.21086,1.21091,4594
2025-01-13 14:00:00+00:00,1.2109,1.21317,1.2099,1.21223,5920
2025-01-13 15:00:00+00:00,1.21221,1.2153,1.21107,1.2140900000000001,5466
2025-01-13 16:00:00+00:00,1.21408,1.2152,1.21317,1.21497,6739
2025-01-13 17:00:00+00:00,1.21501,1.2159200000000001,1.21375,1.21506,6859
2025-01-13 18:00:00+00:00,1.21505,1.21689,1.2142,1.21547,5881
2025-01-13 19:00:00+00:00,1.21548,1.21738,1.21548,1.21729,5037
2025-01-13 20:00:00+00:00,1.21731,1.21827,1.21627,1.21786,4052
2025-01-13 21:00:00+00:00,1.2178,1.21792,1.21633,1.21664,2870
2025-01-13 22:00:00+00:00,1.21664,1.21784,1.2165,1.21753,2135
2025-01-13 23:00:00+00:00,1.21756,1.22039,1.21753,1.21955,2372
2025-01-14 00:00:00+00:00,1.21922,1.22431,1.21922,1.22344,1281
2025-01-14 01:00:00+00:00,1.22348,1.22495,1.22162,1.22308,3560
2025-01-14 02:00:00+00:00,1.22306,1.22308,1.22064,1.22098,3326
2025-01-14 03:00:00+00:00,1.2209699999999999,1.22135,1.22036,1.22106,4671
2025-01-14 04:00:00+00:00,1.22105,1.22112,1.21913,1.22013,3833
2025-01-14 05:00:00+00:00,1.22013,1.22172,1.21993,1.22083,2822
2025-01-14 06:00:00+00:00,1.22082,1.22149,1.22003,1.22088,1999
2025-01-14 07:00:00+00:00,1.22089,1.22115,1.2196500000000001,1.2202,3078
2025-01-14 08:00:00+00:00,1.22021,1.22128,1.22013,1.22128,3464
2025-01-14 09:00:00+00:00,1.22129,1.22281,1.22036,1.2209699999999999,6712
2025-01-14 10:00:00+00:00,1.22095,1.22452,1.2206299999999999,1.22123,6776
2025-01-14 11:00:00+00:00,1.22121,1.22122,1.21753,1.21773,5537
2025-01-14 12:00:00+00:00,1.21772,1.2189,1.21733,1.21867,4259
2025-01-14 13:00:00+00:00,1.21867,1.21924,1.21696,1.2175799999999999,3426
2025-01-14 14:00:00+00:00,1.21756,1.21783,1.21543,1.21628,4339
2025-01-14 15:00:00+00:00,1.2162600000000001,1.21814,1.21369,1.21524,8525
2025-01-14 16:00:00+00:00,1.21525,1.21765,1.21402,1.21555,7456
2025-01-14 17:00:00+00:00,1.21553,1.22016,1.21552,1.21996,7476
2025-01-14 18:00:00+00:00,1.21993,1.22118,1.2176,1.21844,6962
2025-01-14 19:00:00+00:00,1.21844,1.2186,1.21673,1.21847,5217
2025-01-14 20:00:00+00:00,1.21847,1.22082,1.21828,1.22056,3260
2025-01-14 21:00:00+00:00,1.22056,1.221,1.21951,1.21989,2798
2025-01-14 22:00:00+00:00,1.21989,1.22079,1.21942,1.22041,3035
2025-01-14 23:00:00+00:00,1.2204,1.22161,1.22036,1.22105,2027
2025-01-15 00:00:00+00:00,1.22062,1.22139,1.22038,1.22126,862
2025-01-15 01:00:00+00:00,1.22131,1.22141,1.22045,1.221,1064
2025-01-15 02:00:00+00:00,1.22101,1.22101,1.2199,1.22021,2082
2025-01-15 03:00:00+00:00,1.2202,1.2208700000000001,1.21984,1.21991,2650
2025-01-15 04:00:00+00:00,1.21993,1.21995,1.2192,1.21955,2070
2025-01-15 05:00:00+00:00,1.21955,1.22034,1.21946,1.22027,2198
2025-01-15 06:00:00+00:00,1.2202600000000001,1.22037,1.21983,1.22029,1578
2025-01-15 07:00:00+00:00,1.22029,1.22071,1.21973,1.21989,2690
2025-01-15 08:00:00+00:00,1.21989,1.22045,1.21928,1.21952,2142
2025-01-15 09:00:00+00:00,1.21956,1.22403,1.21585,1.22329,8177
2025-01-15 10:00:00+00:00,1.22335,1.22394,1.2202600000000001,1.22058,6057
2025-01-15 11:00:00+00:00,1.22059,1.22251,1.21998,1.22174,4371
2025-01-15 12:00:00+00:00,1.22173,1.223,1.22154,1.22263,3725
2025-01-15 13:00:00+00:00,1.22264,1.22299,1.22193,1.22237,3256
2025-01-15 14:00:00+00:00,1.22237,1.22241,1.22007,1.22129,3740
2025-01-15 15:00:00+00:00,1.22129,1.23055,1.22106,1.22967,8278
2025-01-15 16:00:00+00:00,1.22971,1.23052,1.22622,1.22667,8442
2025-01-15 17:00:00+00:00,1.22666,1.22752,1.22443,1.22574,7219
2025-01-15 18:00:00+00:00,1.22573,1.22587,1.21927,1.22113,7216
2025-01-15 19:00:00+00:00,1.22112,1.22272,1.22095,1.22139,4971
2025-01-15 20:00:00+00:00,1.22144,1.22289,1.22122,1.22278,3085
2025-01-15 21:00:00+00:00,1.22279,1.22311,1.22228,1.223,2590
2025-01-15 22:00:00+00:00,1.223,1.22444,1.22284,1.22427,2154
2025-01-15 23:00:00+00:00,1.22423,1.22441,1.22301,1.22301,1357
2025-01-16 00:00:00+00:00,1.2232,1.22421,1.2231,1.22378,1610
2025-01-16 01:00:00+00:00,1.22378,1.22425,1.22327,1.22415,1058
2025-01-16 02:00:00+00:00,1.22415,1.22473,1.22313,1.22447,2995
2025-01-16 03:00:00+00:00,1.22447,1.22452,1.22262,1.22279,4241
2025-01-16 04:00:00+00:00,1.22283,1.2233,1.2219,1.22226,3381
2025-01-16 05:00:00+00:00,1.22226,1.2226,1.2221,1.22252,1924
2025-01-16 06:00:00+00:00,1.22251,1.22305,1.22154,1.22172,1854
2025-01-16 07:00:00+00:00,1.22173,1.22181,1.2206,1.22081,2257
2025-01-16 08:00:00+00:00,1.22082,1.22201,1.22081,1.22195,2644
2025-01-16 09:00:00+00:00,1.22174,1.2226,1.2199,1.22181,4979
2025-01-16 10:00:00+00:00,1.22184,1.22228,1.21952,1.22049,5076
2025-01-16 11:00:00+00:00,1.22049,1.22118,1.21889,1.2197,4210
2025-01-16 12:00:00+00:00,1.2197,1.22091,1.21917,1.22018,3448
2025-01-16 13:00:00+00:00,1.22019,1.2212,1.22006,1.2209,3422
2025-01-16 14:00:00+00:00,1.2209,1.22112,1.2190400000000001,1.2196500000000001,4256
2025-01-16 15:00:00+00:00,1.2196500000000001,1.21997,1.21742,1.21967,7281
2025-01-16 16:00:00+00:00,1.2196799999999999,1.22019,1.21759,1.21967,7019
2025-01-16 17:00:00+00:00,1.2196799999999999,1.22382,1.21885,1.22337,9872
2025-01-16 18:00:00+00:00,1.22338,1.22476,1.22165,1.22423,7903
2025-01-16 19:00:00+00:00,1.22426,1.22597,1.2234099999999999,1.22359,5397
2025-01-16 20:00:00+00:00,1.2236,1.22458,1.22266,1.22317,3404
2025-01-16 21:00:00+00:00,1.22317,1.22404,1.2227999999999999,1.22348,3395
2025-01-16 22:00:00+00:00,1.22348,1.22356,1.22272,1.223,2340
2025-01-16 23:00:00+00:00,1.22302,1.2238,1.22269,1.22342,1432
2025-01-17 00:00:00+00:00,1.22329,1.224,1.22327,1.22354,688
2025-01-17 01:00:00+00:00,1.2236,1.2236799999999999,1.22324,1.2234099999999999,757
2025-01-17 02:00:00+00:00,1.2234099999999999,1.22394,1.22304,1.2235,1807
2025-01-17 03:00:00+00:00,1.22351,1.2236799999999999,1.22287,1.22318,2468
2025-01-17 04:00:00+00:00,1.22326,1.22437,1.22315,1.22328,2691
2025-01-17 05:00:00+00:00,1.22328,1.22372,1.22285,1.22323,1997
2025-01-17 06:00:00+00:00,1.22324,1.22336,1.22178,1.22196,1663
2025-01-17 07:00:00+00:00,1.22195,1.22223,1.22116,1.22165,1871
2025-01-17 08:00:00+00:00,1.22165,1.22171,1.2205300000000001,1.22139,1980
2025-01-17 09:00:00+00:00,1.22117,1.22117,1.21599,1.21738,6305
2025-01-17 10:00:00+00:00,1.21739,1.2197,1.21739,1.21892,4387
2025-01-17 11:00:00+00:00,1.21891,1.22,1.21832,1.21951,4219
2025-01-17 12:00:00+00:00,1.21951,1.22068,1.21951,1.21986,3160
2025-01-17 13:00:00+00:00,1.21986,1.22162,1.21923,1.21957,3740
2025-01-17 14:00:00+00:00,1.21956,1.21979,1.21803,1.21864,4901
2025-01-17 15:00:00+00:00,1.21867,1.2194,1.2174800000000001,1.21811,5513
2025-01-17 16:00:00+00:00,1.21812,1.21979,1.21604,1.2193,8492
2025-01-17 17:00:00+00:00,1.21933,1.22273,1.21895,1.21972,9447
2025-01-17 18:00:00+00:00,1.2196799999999999,1.21982,1.21751,1.21776,5887
2025-01-17 19:00:00+00:00,1.21775,1.21807,1.21673,1.2172399999999999,4023
2025-01-17 20:00:00+00:00,1.2172399999999999,1.21862,1.2165300000000001,1.21736,3247
2025-01-17 21:00:00+00:00,1.21736,1.21787,1.21639,1.21674,3420
2025-01-17 22:00:00+00:00,1.21674,1.21739,1.21647,1.21696,2640
2025-01-17 23:00:00+00:00,1.21694,1.21695,1.2162600000000001,1.2162600000000001,1849
2025-01-20 00:00:00+00:00,1.217,1.21767,1.21675,1.21719,1173
2025-01-20 01:00:00+00:00,1.21719,1.2174800000000001,1.21598,1.21745,1759
2025-01-20 02:00:00+00:00,1.21744,1.21851,1.21742,1.2184599999999999,2747
2025-01-20 03:00:00+00:00,1.21844,1.21939,1.21754,1.21914,3737
2025-01-20 04:00:00+00:00,1.21913,1.21939,1.21851,1.21924,3249
2025-01-20 05:00:00+00:00,1.21924,1.22049,1.2192,1.22041,2616
2025-01-20 06:00:00+00:00,1.22042,1.22065,1.21999,1.22065,1524
2025-01-20 07:00:00+00:00,1.22065,1.22143,1.22044,1.22098,1999
2025-01-20 08:00:00+00:00,1.22098,1.22211,1.22024,1.22155,2865
2025-01-20 09:00:00+00:00,1.22155,1.22179,1.2207,1.22146,3897
2025-01-20 10:00:00+00:00,1.2214800000000001,1.22189,1.21881,1.21928,6120
2025-01-20 11:00:00+00:00,1.21928,1.21959,1.21647,1.21771,5712
2025-01-20 12:00:00+00:00,1.21771,1.21938,1.21771,1.21894,3578
2025-01-20 13:00:00+00:00,1.21896,1.22065,1.21889,1.2205,2732
2025-01-20 14:00:00+00:00,1.22051,1.22062,1.21872,1.21975,3034
2025-01-20 15:00:00+00:00,1.21974,1.22984,1.21848,1.22979,8918
2025-01-20 16:00:00+00:00,1.22979,1.23258,1.22744,1.23058,10220
2025-01-20 17:00:00+00:00,1.23058,1.23171,1.22732,1.22918,7856
2025-01-20 18:00:00+00:00,1.22918,1.23031,1.22856,1.22942,4759
2025-01-20 19:00:00+00:00,1.2294100000000001,1.23028,1.22552,1.22815,6107
2025-01-20 20:00:00+00:00,1.22815,1.23047,1.22781,1.23041,2814
2025-01-20 21:00:00+00:00,1.23042,1.2337500000000001,1.22993,1.23349,3276
2025-01-20 22:00:00+00:00,1.23347,1.2343899999999999,1.23232,1.23275,3868
2025-01-20 23:00:00+00:00,1.23276,1.23295,1.23171,1.23171,2613
2025-01-21 00:00:00+00:00,1.2318500000000001,1.23249,1.23148,1.23225,604
2025-01-21 01:00:00+00:00,1.23234,1.23381,1.23203,1.23306,4082
2025-01-21 02:00:00+00:00,1.23307,1.23443,1.22472,1.2258499999999999,7928
2025-01-21 03:00:00+00:00,1.22586,1.23044,1.22513,1.22745,10149
2025-01-21 04:00:00+00:00,1.22742,1.2294100000000001,1.2273100000000001,1.22893,6090
2025-01-21 05:00:00+00:00,1.22891,1.23111,1.22884,1.2294100000000001,3921
2025-01-21 06:00:00+00:00,1.2294100000000001,1.23083,1.22911,1.22976,2657
2025-01-21 07:00:00+00:00,1.22977,1.23007,1.22719,1.22754,2623
2025-01-21 08:00:00+00:00,1.22753,1.22788,1.22595,1.2261,3766
2025-01-21 09:00:00+00:00,1.22607,1.22859,1.22527,1.22663,5502
2025-01-21 10:00:00+00:00,1.22662,1.2269,1.22457,1.22564,5999
2025-01-21 11:00:00+00:00,1.22565,1.22594,1.2234099999999999,1.22478,5719
2025-01-21 12:00:00+00:00,1.22477,1.22564,1.22418,1.22478,6034
2025-01-21 13:00:00+00:00,1.22478,1.22494,1.22284,1.22356,5322
2025-01-21 14:00:00+00:00,1.22357,1.22506,1.22326,1.22441,5576
2025-01-21 15:00:00+00:00,1.2244,1.22806,1.22415,1.2278,6625
2025-01-21 16:00:00+00:00,1.22799,1.22948,1.22701,1.22804,8380
2025-01-21 17:00:00+00:00,1.22796,1.23123,1.22692,1.22989,8933
2025-01-21 18:00:00+00:00,1.22988,1.23312,1.22961,1.23294,5827
2025-01-21 19:00:00+00:00,1.23295,1.23348,1.23251,1.23254,4841
2025-01-21 20:00:00+00:00,1.23253,1.23391,1.23234,1.2335099999999999,3750
2025-01-21 21:00:00+00:00,1.2335099999999999,1.23365,1.23226,1.2327,3355
2025-01-21 22:00:00+00:00,1.2327,1.2339,1.23245,1.23389,3126
2025-01-21 23:00:00+00:00,1.23387,1.23593,1.2338,1.23453,1787
2025-01-22 00:00:00+00:00,1.23415,1.23515,1.23391,1.23452,1383
2025-01-22 01:00:00+00:00,1.2347,1.23505,1.23217,1.23372,3843
2025-01-22 02:00:00+00:00,1.23374,1.23531,1.23346,1.23501,4119
2025-01-22 03:00:00+00:00,1.2349999999999999,1.23504,1.2328999999999999,1.23318,4082
2025-01-22 04:00:00+00:00,1.2331699999999999,1.23387,1.23277,1.23362,3401
2025-01-22 05:00:00+00:00,1.23363,1.23371,1.23294,1.23314,2068
2025-01-22 06:00:00+00:00,1.23315,1.23458,1.23308,1.23434,1659
2025-01-22 07:00:00+00:00,1.23434,1.23475,1.23311,1.23428,2378
2025-01-22 08:00:00+00:00,1.23428,1.2343,1.23149,1.23207,3253
2025-01-22 09:00:00+00:00,1.23207,1.23272,1.23108,1.23179,5461
2025-01-22 10:00:00+00:00,1.2318,1.23385,1.2315800000000001,1.23384,6452
2025-01-22 11:00:00+00:00,1.23385,1.2364600000000001,1.23374,1.23637,6150
2025-01-22 12:00:00+00:00,1.23638,1.23754,1.23575,1.23673,4939
2025-01-22 13:00:00+00:00,1.23674,1.23724,1.23516,1.23553,3943
2025-01-22 14:00:00+00:00,1.23552,1.23592,1.23443,1.23555,4496
2025-01-22 15:00:00+00:00,1.23556,1.23682,1.23353,1.23447,6176
2025-01-22 16:00:00+00:00,1.23447,1.23479,1.23278,1.23352,7222
2025-01-22 17:00:00+00:00,1.2335099999999999,1.23357,1.23113,1.2318,7184
2025-01-22 18:00:00+00:00,1.23179,1.23252,1.2307,1.23211,5381
2025-01-22 19:00:00+00:00,1.23212,1.23216,1.23129,1.23211,4104
2025-01-22 20:00:00+00:00,1.23212,1.23292,1.23144,1.23236,3431
2025-01-22 21:00:00+00:00,1.23235,1.23307,1.23213,1.23249,3240
2025-01-22 22:00:00+00:00,1.23248,1.23287,1.23149,1.23159,2793
2025-01-22 23:00:00+00:00,1.2315800000000001,1.23178,1.23088,1.23088,1473
2025-01-23 00:00:00+00:00,1.23079,1.23177,1.2307299999999999,1.2309,624
2025-01-23 01:00:00+00:00,1.2310699999999999,1.23152,1.23064,1.23128,1495
2025-01-23 02:00:00+00:00,1.23127,1.23189,1.23114,1.23149,3022
2025-01-23 03:00:00+00:00,1.2315,1.23228,1.2308,1.23099,3502
2025-01-23 04:00:00+00:00,1.23099,1.23108,1.23013,1.23089,2694
2025-01-23 05:00:00+00:00,1.23088,1.23151,1.23072,1.23145,2271
2025-01-23 06:00:00+00:00,1.23144,1.23206,1.23142,1.23196,1478
2025-01-23 07:00:00+00:00,1.23196,1.23208,1.2310699999999999,1.23111,2326
2025-01-23 08:00:00+00:00,1.23111,1.23201,1.23076,1.23086,2149
2025-01-23 09:00:00+00:00,1.2308,1.23106,1.22945,1.23044,4843
2025-01-23 10:00:00+00:00,1.23044,1.23058,1.22927,1.22958,4545
2025-01-23 11:00:00+00:00,1.22957,1.23205,1.2295,1.23162,4525
2025-01-23 12:00:00+00:00,1.23163,1.23303,1.23137,1.23198,3442
2025-01-23 13:00:00+00:00,1.232,1.23284,1.23054,1.23074,3763
2025-01-23 14:00:00+00:00,1.23074,1.23163,1.22993,1.2315,4569
2025-01-23 15:00:00+00:00,1.23155,1.23298,1.23079,1.23224,6324
2025-01-23 16:00:00+00:00,1.23223,1.23352,1.23165,1.23286,6664
2025-01-23 17:00:00+00:00,1.23285,1.23298,1.23103,1.23227,6687
2025-01-23 18:00:00+00:00,1.2322899999999999,1.23597,1.22996,1.23457,10806
2025-01-23 19:00:00+00:00,1.23457,1.23749,1.23417,1.23716,5521
2025-01-23 20:00:00+00:00,1.23719,1.2372,1.23554,1.2358,3763
2025-01-23 21:00:00+00:00,1.23581,1.23641,1.23543,1.23587,3734
2025-01-23 22:00:00+00:00,1.23587,1.23652,1.23521,1.23538,3611
2025-01-23 23:00:00+00:00,1.23542,1.2355800000000001,1.23462,1.23504,1572
2025-01-24 00:00:00+00:00,1.23504,1.23528,1.23462,1.23502,630
2025-01-24 01:00:00+00:00,1.23503,1.23542,1.23476,1.23531,1062
2025-01-24 02:00:00+00:00,1.2353,1.23578,1.23476,1.23552,2284
2025-01-24 03:00:00+00:00,1.23553,1.23572,1.23493,1.2354,3293
2025-01-24 04:00:00+00:00,1.2354,1.2398500000000001,1.23538,1.23975,6446
2025-01-24 05:00:00+00:00,1.23972,1.24034,1.23807,1.23926,5084
2025-01-24 06:00:00+00:00,1.23926,1.23992,1.23875,1.23923,3934
2025-01-24 07:00:00+00:00,1.2392400000000001,1.23997,1.23858,1.23989,3500
2025-01-24 08:00:00+00:00,1.2399,1.24181,1.23971,1.23983,5721
2025-01-24 09:00:00+00:00,1.23983,1.23991,1.23758,1.23862,6047
2025-01-24 10:00:00+00:00,1.23861,1.24108,1.2383,1.24035,6556
2025-01-24 11:00:00+00:00,1.24034,1.24468,1.24009,1.24269,6562
2025-01-24 12:00:00+00:00,1.24269,1.24353,1.24209,1.24295,4219
2025-01-24 13:00:00+00:00,1.24296,1.24314,1.24103,1.2414399999999999,3993
2025-01-24 14:00:00+00:00,1.2414,1.24219,1.23999,1.24085,3620
2025-01-24 15:00:00+00:00,1.24088,1.2420200000000001,1.24009,1.24139,5134
2025-01-24 16:00:00+00:00,1.24138,1.24474,1.24085,1.24375,6527
2025-01-24 17:00:00+00:00,1.2435100000000001,1.24851,1.24343,1.24829,8194
2025-01-24 18:00:00+00:00,1.24823,1.24967,1.24803,1.24936,6170
2025-01-24 19:00:00+00:00,1.24935,1.25013,1.24867,1.24872,4641
2025-01-24 20:00:00+00:00,1.24872,1.24951,1.24784,1.24802,3659
2025-01-24 21:00:00+00:00,1.24802,1.2484899999999999,1.24783,1.2482199999999999,3808
2025-01-24 22:00:00+00:00,1.24821,1.24863,1.2477,1.24847,3819
2025-01-24 23:00:00+00:00,1.24846,1.24888,1.24779,1.24792,1956
2025-01-27 00:00:00+00:00,1.24661,1.24726,1.24661,1.24675,955
2025-01-27 01:00:00+00:00,1.24686,1.24697,1.24554,1.24573,2576
2025-01-27 02:00:00+00:00,1.24572,1.24644,1.2452,1.24552,3111
2025-01-27 03:00:00+00:00,1.24551,1.24636,1.2447,1.24481,5384
2025-01-27 04:00:00+00:00,1.24482,1.2451,1.24415,1.24501,3689
2025-01-27 05:00:00+00:00,1.245,1.24624,1.24461,1.24547,3355
2025-01-27 06:00:00+00:00,1.24548,1.24565,1.2447,1.24503,2722
2025-01-27 07:00:00+00:00,1.24503,1.24503,1.24418,1.24461,3173
2025-01-27 08:00:00+00:00,1.24463,1.24602,1.2446,1.24516,3626
2025-01-27 09:00:00+00:00,1.24515,1.24552,1.24284,1.24284,5814
2025-01-27 10:00:00+00:00,1.24283,1.24638,1.24253,1.24571,6713
2025-01-27 11:00:00+00:00,1.24571,1.24859,1.24499,1.24855,7527
2025-01-27 12:00:00+00:00,1.24855,1.2507,1.24851,1.24947,6733
2025-01-27 13:00:00+00:00,1.24945,1.25141,1.2490700000000001,1.24958,5572
2025-01-27 14:00:00+00:00,1.2496,1.25197,1.24942,1.25128,5547
2025-01-27 15:00:00+00:00,1.25126,1.25224,1.2499500000000001,1.25022,6789
2025-01-27 16:00:00+00:00,1.25021,1.25109,1.24955,1.24994,7098
2025-01-27 17:00:00+00:00,1.24994,1.2501,1.24687,1.2472699999999999,7932
2025-01-27 18:00:00+00:00,1.24726,1.24847,1.2468,1.24754,7129
2025-01-27 19:00:00+00:00,1.24755,1.24836,1.24664,1.24739,5867
2025-01-27 20:00:00+00:00,1.24738,1.24842,1.24692,1.24771,5079
2025-01-27 21:00:00+00:00,1.24772,1.24899,1.24733,1.24892,5432
2025-01-27 22:00:00+00:00,1.24891,1.24945,1.24842,1.24902,4435
2025-01-27 23:00:00+00:00,1.24902,1.24998,1.24878,1.2494399999999999,1936
2025-01-28 00:00:00+00:00,1.24928,1.24973,1.2485,1.24917,951
2025-01-28 01:00:00+00:00,1.24925,1.2493400000000001,1.24356,1.24502,5835
2025-01-28 02:00:00+00:00,1.24501,1.24623,1.24453,1.24559,5198
2025-01-28 03:00:00+00:00,1.2456,1.24647,1.244,1.24499,4288
2025-01-28 04:00:00+00:00,1.245,1.24541,1.24384,1.24445,5293
2025-01-28 05:00:00+00:00,1.24444,1.24493,1.24391,1.24399,3297
2025-01-28 06:00:00+00:00,1.244,1.2444600000000001,1.24338,1.2444,2906
2025-01-28 07:00:00+00:00,1.24441,1.24492,1.24436,1.24443,2440
2025-01-28 08:00:00+00:00,1.2444600000000001,1.24527,1.24365,1.24402,3323
2025-01-28 09:00:00+00:00,1.24401,1.24477,1.24253,1.2437,5308
2025-01-28 10:00:00+00:00,1.2437,1.24424,1.24288,1.2432,6767
2025-01-28 11:00:00+00:00,1.24321,1.24553,1.24281,1.24475,5738
2025-01-28 12:00:00+00:00,1.24474,1.24515,1.24347,1.2435100000000001,4151
2025-01-28 13:00:00+00:00,1.24349,1.24398,1.24245,1.24252,4139
2025-01-28 14:00:00+00:00,1.24253,1.24341,1.24175,1.24261,5026
2025-01-28 15:00:00+00:00,1.24258,1.24334,1.24138,1.24234,5523
2025-01-28 16:00:00+00:00,1.24233,1.24426,1.24232,1.24279,5824
2025-01-28 17:00:00+00:00,1.24273,1.24467,1.24272,1.24315,6744
2025-01-28 18:00:00+00:00,1.24314,1.24447,1.24212,1.24293,5922
2025-01-28 19:00:00+00:00,1.24293,1.2436,1.24272,1.24279,4436
2025-01-28 20:00:00+00:00,1.24279,1.24392,1.2425,1.24297,4433
2025-01-28 21:00:00+00:00,1.24297,1.24441,1.24216,1.2443,3580
2025-01-28 22:00:00+00:00,1.2443,1.24447,1.2436,1.24405,3747
2025-01-28 23:00:00+00:00,1.24404,1.24424,1.2438500000000001,1.24389,2051
2025-01-29 00:00:00+00:00,1.2436099999999999,1.2443,1.24336,1.24374,1019
2025-01-29 01:00:00+00:00,1.24375,1.24416,1.24344,1.24399,1486
2025-01-29 02:00:00+00:00,1.24399,1.24468,1.24349,1.24366,2968
2025-01-29 03:00:00+00:00,1.24366,1.24408,1.2435,1.24352,2696
2025-01-29 04:00:00+00:00,1.2435100000000001,1.24479,1.24337,1.24448,2862
2025-01-29 05:00:00+00:00,1.24449,1.24499,1.2441,1.24472,2860
2025-01-29 06:00:00+00:00,1.24471,1.24532,1.24471,1.24523,2827
2025-01-29 07:00:00+00:00,1.24523,1.24545,1.24468,1.24531,2804
2025-01-29 08:00:00+00:00,1.24533,1.24608,1.24516,1.2456,4292
2025-01-29 09:00:00+00:00,1.24556,1.24627,1.24452,1.24476,5063
2025-01-29 10:00:00+00:00,1.24477,1.24565,1.24331,1.24379,5936
2025-01-29 11:00:00+00:00,1.24376,1.2438500000000001,1.24153,1.24199,5856
2025-01-29 12:00:00+00:00,1.2420200000000001,1.24242,1.24095,1.24147,5216
2025-01-29 13:00:00+00:00,1.24147,1.24261,1.24122,1.24184,4324
2025-01-29 14:00:00+00:00,1.24186,1.24259,1.24084,1.24245,5462
2025-01-29 15:00:00+00:00,1.24244,1.24277,1.23925,1.23971,6811
2025-01-29 16:00:00+00:00,1.23972,1.24121,1.2396,1.24067,6656
2025-01-29 17:00:00+00:00,1.24068,1.24452,1.24007,1.24335,8007
2025-01-29 18:00:00+00:00,1.24333,1.24426,1.2423,1.24312,6952
2025-01-29 19:00:00+00:00,1.24312,1.24485,1.2429999999999999,1.24415,5303
2025-01-29 20:00:00+00:00,1.24417,1.24485,1.24338,1.24397,4674
2025-01-29 21:00:00+00:00,1.24397,1.24573,1.24116,1.24438,12281
2025-01-29 22:00:00+00:00,1.24434,1.2454,1.24298,1.2438500000000001,7572
2025-01-29 23:00:00+00:00,1.24383,1.2450700000000001,1.24367,1.24436,3926
2025-01-30 00:00:00+00:00,1.24425,1.24506,1.24342,1.2449,2925
2025-01-30 01:00:00+00:00,1.24488,1.24582,1.24462,1.24537,1678
2025-01-30 02:00:00+00:00,1.24536,1.2459500000000001,1.24508,1.24533,2464
2025-01-30 03:00:00+00:00,1.2453400000000001,1.24542,1.24443,1.24489,3136
2025-01-30 04:00:00+00:00,1.24489,1.24549,1.24471,1.2448,3622
2025-01-30 05:00:00+00:00,1.2448,1.24536,1.2447300000000001,1.24508,2435
2025-01-30 06:00:00+00:00,1.24508,1.24535,1.24425,1.24449,2406
2025-01-30 07:00:00+00:00,1.24449,1.2448,1.24413,1.2447300000000001,2118
2025-01-30 08:00:00+00:00,1.2447300000000001,1.24478,1.24339,1.24401,2706
2025-01-30 09:00:00+00:00,1.24404,1.24523,1.2431,1.24511,4213
2025-01-30 10:00:00+00:00,1.24512,1.24619,1.2444600000000001,1.2454399999999999,4374
2025-01-30 11:00:00+00:00,1.24547,1.24565,1.24337,1.24421,5330
2025-01-30 12:00:00+00:00,1.24421,1.24459,1.24253,1.24299,4514
2025-01-30 13:00:00+00:00,1.24297,1.24363,1.24244,1.24268,4323
2025-01-30 14:00:00+00:00,1.24268,1.24378,1.24238,1.2437,4698
2025-01-30 15:00:00+00:00,1.24371,1.24708,1.24252,1.24669,8493
2025-01-30 16:00:00+00:00,1.24664,1.24755,1.24551,1.24626,8798
2025-01-30 17:00:00+00:00,1.24625,1.24763,1.24606,1.24662,7958
2025-01-30 18:00:00+00:00,1.24662,1.24709,1.24482,1.24494,5816
2025-01-30 19:00:00+00:00,1.24495,1.24511,1.24348,1.24438,4524
2025-01-30 20:00:00+00:00,1.24441,1.24555,1.24419,1.24545,3126
2025-01-30 21:00:00+00:00,1.24546,1.24604,1.24521,1.24584,2604
2025-01-30 22:00:00+00:00,1.24586,1.24637,1.24069,1.24344,6726
2025-01-30 23:00:00+00:00,1.24345,1.24406,1.24131,1.24131,4583
2025-01-31 00:00:00+00:00,1.2411699999999999,1.24204,1.24087,1.24145,827
2025-01-31 01:00:00+00:00,1.24145,1.24231,1.24108,1.24213,2176
2025-01-31 02:00:00+00:00,1.24213,1.24306,1.24122,1.24164,2806
2025-01-31 03:00:00+00:00,1.24165,1.2424,1.24059,1.2418,4028
2025-01-31 04:00:00+00:00,1.24181,1.2427,1.24159,1.24213,3318
2025-01-31 05:00:00+00:00,1.24211,1.24255,1.24154,1.24164,3228
2025-01-31 06:00:00+00:00,1.24166,1.24217,1.24134,1.24201,2597
2025-01-31 07:00:00+00:00,1.24201,1.24253,1.24161,1.24199,3060
2025-01-31 08:00:00+00:00,1.242,1.24305,1.24183,1.24291,3016
2025-01-31 09:00:00+00:00,1.24289,1.24393,1.24238,1.24344,5749
2025-01-31 10:00:00+00:00,1.24343,1.24377,1.24113,1.24131,5155
2025-01-31 11:00:00+00:00,1.24131,1.24214,1.24001,1.24206,6450
2025-01-31 12:00:00+00:00,1.2420499999999999,1.24257,1.24135,1.24155,5429
2025-01-31 13:00:00+00:00,1.24155,1.24199,1.24053,1.2408299999999999,4691
2025-01-31 14:00:00+00:00,1.24084,1.24227,1.24084,1.24195,3872
2025-01-31 15:00:00+00:00,1.242,1.24313,1.24081,1.24125,6260
2025-01-31 16:00:00+00:00,1.24128,1.24139,1.2387,1.23938,6654
2025-01-31 17:00:00+00:00,1.23938,1.24275,1.23895,1.24245,7366
2025-01-31 18:00:00+00:00,1.24245,1.2455,1.24139,1.24451,6427
2025-01-31 19:00:00+00:00,1.24451,1.24713,1.24308,1.24531,9101
2025-01-31 20:00:00+00:00,1.24533,1.2460499999999999,1.2389999999999999,1.23959,9552
2025-01-31 21:00:00+00:00,1.23955,1.24049,1.23855,1.23997,6991
2025-01-31 22:00:00+00:00,1.23994,1.24086,1.2387299999999999,1.23989,5472
2025-01-31 23:00:00+00:00,1.23993,1.24106,1.2383899999999999,1.23851,5259
2025-02-03 00:00:00+00:00,1.22827,1.2312400000000001,1.22827,1.23001,1182
2025-02-03 01:00:00+00:00,1.23003,1.23227,1.22821,1.22891,7992
2025-02-03 02:00:00+00:00,1.22887,1.23121,1.22639,1.22763,9814
2025-02-03 03:00:00+00:00,1.22762,1.2306,1.22644,1.22871,7478
2025-02-03 04:00:00+00:00,1.22871,1.22873,1.22592,1.2261199999999999,7231
2025-02-03 05:00:00+00:00,1.22611,1.22642,1.22489,1.22621,5054
2025-02-03 06:00:00+00:00,1.22621,1.22822,1.22489,1.22576,6569
2025-02-03 07:00:00+00:00,1.22578,1.22787,1.22556,1.22767,4800
2025-02-03 08:00:00+00:00,1.2276799999999999,1.22938,1.22761,1.22877,4769
2025-02-03 09:00:00+00:00,1.22877,1.22994,1.22754,1.22834,8407
2025-02-03 10:00:00+00:00,1.22835,1.23227,1.22721,1.23052,9563
2025-02-03 11:00:00+00:00,1.2305,1.23203,1.22879,1.22916,7380
2025-02-03 12:00:00+00:00,1.22916,1.23145,1.2291,1.23116,5827
2025-02-03 13:00:00+00:00,1.23115,1.23204,1.23004,1.23184,5442
2025-02-03 14:00:00+00:00,1.2318500000000001,1.23495,1.23163,1.2344,7650
2025-02-03 15:00:00+00:00,1.23438,1.23742,1.2343600000000001,1.23642,9320
2025-02-03 16:00:00+00:00,1.23643,1.2368999999999999,1.23448,1.23514,10547
2025-02-03 17:00:00+00:00,1.23515,1.24344,1.23353,1.24116,14766
2025-02-03 18:00:00+00:00,1.24113,1.24354,1.23826,1.23853,12478
2025-02-03 19:00:00+00:00,1.23854,1.24124,1.23804,1.23929,9653
2025-02-03 20:00:00+00:00,1.23929,1.2402199999999999,1.23813,1.23912,8370
2025-02-03 21:00:00+00:00,1.23912,1.2408299999999999,1.23909,1.2394,5637
2025-02-03 22:00:00+00:00,1.23941,1.24087,1.2392400000000001,1.2402,4241
2025-02-03 23:00:00+00:00,1.24017,1.24542,1.23967,1.24486,5718
2025-02-04 00:00:00+00:00,1.24486,1.24486,1.2426,1.24349,1373
2025-02-04 01:00:00+00:00,1.2435100000000001,1.24523,1.2429999999999999,1.24329,3452
2025-02-04 02:00:00+00:00,1.24329,1.24367,1.24207,1.24233,3082
2025-02-04 03:00:00+00:00,1.24228,1.24237,1.24086,1.24209,5226
2025-02-04 04:00:00+00:00,1.24208,1.2426599999999999,1.24172,1.24247,4983
2025-02-04 05:00:00+00:00,1.24248,1.24267,1.24103,1.24135,4577
2025-02-04 06:00:00+00:00,1.24133,1.24139,1.2405599999999999,1.24067,4022
2025-02-04 07:00:00+00:00,1.24067,1.24068,1.2378,1.23969,8486
2025-02-04 08:00:00+00:00,1.23968,1.24102,1.23927,1.24093,5363
2025-02-04 09:00:00+00:00,1.24086,1.24207,1.24036,1.2414399999999999,5435
2025-02-04 10:00:00+00:00,1.24145,1.24288,1.2404,1.24194,8588
2025-02-04 11:00:00+00:00,1.24194,1.2436099999999999,1.24194,1.24242,7606
2025-02-04 12:00:00+00:00,1.24241,1.24337,1.2414399999999999,1.24249,6076
2025-02-04 13:00:00+00:00,1.2425,1.24261,1.24021,1.24039,4885
2025-02-04 14:00:00+00:00,1.24039,1.24152,1.23953,1.24136,5149
2025-02-04 15:00:00+00:00,1.24137,1.24291,1.24124,1.24277,6601
2025-02-04 16:00:00+00:00,1.24282,1.24521,1.24277,1.24468,8372
2025-02-04 17:00:00+00:00,1.24469,1.24852,1.24455,1.24757,11039
2025-02-04 18:00:00+00:00,1.24757,1.24925,1.24702,1.24827,7509
2025-02-04 19:00:00+00:00,1.24827,1.24864,1.24706,1.24818,7646
2025-02-04 20:00:00+00:00,1.24817,1.24888,1.24776,1.24826,5333
2025-02-04 21:00:00+00:00,1.24827,1.24862,1.24741,1.24814,5334
2025-02-04 22:00:00+00:00,1.24814,1.24886,1.24785,1.2488,4492
2025-02-04 23:00:00+00:00,1.24875,1.249,1.24752,1.24753,3456
2025-02-05 00:00:00+00:00,1.24749,1.24807,1.24671,1.24762,689
2025-02-05 01:00:00+00:00,1.24769,1.2482,1.24742,1.24745,2512
2025-02-05 02:00:00+00:00,1.24749,1.24836,1.24733,1.2481200000000001,3342
2025-02-05 03:00:00+00:00,1.2481200000000001,1.24893,1.24696,1.24696,5925
2025-02-05 04:00:00+00:00,1.24696,1.24818,1.2468,1.2478799999999999,3870
2025-02-05 05:00:00+00:00,1.24787,1.24807,1.24736,1.2474,3107
2025-02-05 06:00:00+00:00,1.2474,1.24758,1.24695,1.24716,1837
2025-02-05 07:00:00+00:00,1.2471700000000001,1.24721,1.24626,1.2467,2413
2025-02-05 08:00:00+00:00,1.24669,1.24879,1.24651,1.24762,3356
2025-02-05 09:00:00+00:00,1.2476099999999999,1.2505899999999999,1.24708,1.2500499999999999,5999
2025-02-05 10:00:00+00:00,1.25003,1.2512400000000001,1.24877,1.25049,6475
2025-02-05 11:00:00+00:00,1.25048,1.25285,1.25042,1.25168,5046
2025-02-05 12:00:00+00:00,1.25168,1.25495,1.25121,1.2539799999999999,5031
2025-02-05 13:00:00+00:00,1.25399,1.25445,1.25308,1.25308,4127
2025-02-05 14:00:00+00:00,1.25308,1.2539,1.2525,1.25366,3982
2025-02-05 15:00:00+00:00,1.25367,1.2544,1.25113,1.2514,7116
2025-02-05 16:00:00+00:00,1.25141,1.25259,1.25047,1.25162,6400
2025-02-05 17:00:00+00:00,1.25166,1.25377,1.25009,1.25172,9671
2025-02-05 18:00:00+00:00,1.25172,1.25228,1.25064,1.2511999999999999,5380
2025-02-05 19:00:00+00:00,1.25121,1.25182,1.25027,1.25084,4464
2025-02-05 20:00:00+00:00,1.25082,1.25135,1.2504,1.25098,3992
2025-02-05 21:00:00+00:00,1.25099,1.25126,1.25026,1.2505,3890
2025-02-05 22:00:00+00:00,1.25048,1.2505,1.24973,1.25013,4064
2025-02-05 23:00:00+00:00,1.25014,1.25065,1.25004,1.25038,2215
2025-02-06 00:00:00+00:00,1.25022,1.25057,1.24981,1.25035,458
2025-02-06 01:00:00+00:00,1.25035,1.2506,1.24981,1.25009,1328
2025-02-06 02:00:00+00:00,1.25008,1.25072,1.24976,1.2502,2835
2025-02-06 03:00:00+00:00,1.25022,1.2509000000000001,1.2500499999999999,1.2507,4158
2025-02-06 04:00:00+00:00,1.25067,1.25082,1.24887,1.24929,2791
2025-02-06 05:00:00+00:00,1.24929,1.24951,1.24895,1.24937,3073
2025-02-06 06:00:00+00:00,1.24936,1.24964,1.24863,1.24877,2949
2025-02-06 07:00:00+00:00,1.24878,1.24909,1.24825,1.2483,2344
2025-02-06 08:00:00+00:00,1.24829,1.24903,1.2482,1.2485,2974
2025-02-06 09:00:00+00:00,1.2484899999999999,1.2485,1.24705,1.24732,4509
2025-02-06 10:00:00+00:00,1.24733,1.24744,1.24414,1.2446,5082
2025-02-06 11:00:00+00:00,1.24461,1.2454399999999999,1.24171,1.24245,5215
2025-02-06 12:00:00+00:00,1.24246,1.24308,1.24059,1.24172,4835
2025-02-06 13:00:00+00:00,1.24169,1.24288,1.24145,1.242,4822
2025-02-06 14:00:00+00:00,1.24165,1.2428,1.2359499999999999,1.23738,8585
2025-02-06 15:00:00+00:00,1.23738,1.23972,1.23653,1.23826,6618
2025-02-06 16:00:00+00:00,1.23827,1.24151,1.23808,1.23918,6758
2025-02-06 17:00:00+00:00,1.23918,1.24204,1.23888,1.24134,7786
2025-02-06 18:00:00+00:00,1.24134,1.24445,1.24134,1.24312,6102
2025-02-06 19:00:00+00:00,1.24313,1.24423,1.24282,1.2441200000000001,4359
2025-02-06 20:00:00+00:00,1.24411,1.24548,1.24343,1.24484,5570
2025-02-06 21:00:00+00:00,1.24484,1.24497,1.2432699999999999,1.24353,3816
2025-02-06 22:00:00+00:00,1.2435,1.24404,1.24323,1.24398,3219
2025-02-06 23:00:00+00:00,1.24391,1.24402,1.24323,1.24328,1854
2025-02-07 00:00:00+00:00,1.24291,1.24323,1.24291,1.24314,674
2025-02-07 01:00:00+00:00,1.24315,1.24366,1.24298,1.24335,1210
2025-02-07 02:00:00+00:00,1.24336,1.24426,1.24224,1.24236,2654
2025-02-07 03:00:00+00:00,1.24236,1.24348,1.24218,1.24306,3773
2025-02-07 04:00:00+00:00,1.24305,1.24386,1.24297,1.24384,3307
2025-02-07 05:00:00+00:00,1.2438500000000001,1.24393,1.24255,1.24274,2802
2025-02-07 06:00:00+00:00,1.24274,1.24286,1.24221,1.24274,1854
2025-02-07 07:00:00+00:00,1.24274,1.24284,1.2419,1.24208,2379
2025-02-07 08:00:00+00:00,1.24208,1.24286,1.24186,1.24257,3213
2025-02-07 09:00:00+00:00,1.24253,1.24449,1.2423,1.24406,3954
2025-02-07 10:00:00+00:00,1.24406,1.24661,1.24388,1.24647,3953
2025-02-07 11:00:00+00:00,1.24643,1.2468,1.24569,1.24586,3893
2025-02-07 12:00:00+00:00,1.24586,1.24644,1.24449,1.24488,3748
2025-02-07 13:00:00+00:00,1.24488,1.24579,1.2444600000000001,1.24528,3289
2025-02-07 14:00:00+00:00,1.24529,1.24529,1.24407,1.24461,3579
2025-02-07 15:00:00+00:00,1.24461,1.24927,1.24195,1.24297,8485
2025-02-07 16:00:00+00:00,1.24295,1.24661,1.24272,1.24594,7638
2025-02-07 17:00:00+00:00,1.2459,1.2461,1.23913,1.24235,9731
2025-02-07 18:00:00+00:00,1.24237,1.24249,1.23866,1.23921,11497
2025-02-07 19:00:00+00:00,1.2392,1.24195,1.23754,1.24019,10138
2025-02-07 20:00:00+00:00,1.24018,1.24214,1.24002,1.2404,4614
2025-02-07 21:00:00+00:00,1.2404,1.24163,1.24034,1.24129,4187
2025-02-07 22:00:00+00:00,1.24129,1.24161,1.23978,1.24067,3695
2025-02-07 23:00:00+00:00,1.2407,1.24119,1.23936,1.23936,1833
2025-02-10 00:00:00+00:00,1.23676,1.23843,1.23659,1.2377,2041
2025-02-10 01:00:00+00:00,1.2376800000000001,1.23937,1.2374100000000001,1.23885,3591
2025-02-10 02:00:00+00:00,1.23886,1.23997,1.23885,1.23908,3683
2025-02-10 03:00:00+00:00,1.23909,1.23945,1.23789,1.23827,5281
2025-02-10 04:00:00+00:00,1.23827,1.23891,1.23794,1.23807,3872
2025-02-10 05:00:00+00:00,1.23806,1.23959,1.23806,1.23958,3004
2025-02-10 06:00:00+00:00,1.23959,1.24002,1.23944,1.23968,2399
2025-02-10 07:00:00+00:00,1.23973,1.2408,1.23973,1.24001,2615
2025-02-10 08:00:00+00:00,1.24001,1.24101,1.23978,1.24088,2926
2025-02-10 09:00:00+00:00,1.24087,1.24139,1.24015,1.24036,5032
2025-02-10 10:00:00+00:00,1.24035,1.24068,1.23904,1.23969,5973
2025-02-10 11:00:00+00:00,1.23969,1.24201,1.23957,1.24081,4913
2025-02-10 12:00:00+00:00,1.2408,1.24154,1.24016,1.24115,3473
2025-02-10 13:00:00+00:00,1.24116,1.24214,1.23974,1.24014,4872
2025-02-10 14:00:00+00:00,1.24014,1.24032,1.23789,1.23876,5006
2025-02-10 15:00:00+00:00,1.23875,1.23991,1.23866,1.23899,4987
2025-02-10 16:00:00+00:00,1.23899,1.23909,1.2370700000000001,1.23788,5269
2025-02-10 17:00:00+00:00,1.23788,1.23936,1.23783,1.23888,4813
2025-02-10 18:00:00+00:00,1.23888,1.23933,1.23725,1.23807,4672
2025-02-10 19:00:00+00:00,1.23807,1.23847,1.23705,1.23798,3429
2025-02-10 20:00:00+00:00,1.23797,1.23806,1.23654,1.23655,3481
2025-02-10 21:00:00+00:00,1.23655,1.23718,1.23635,1.23661,2543
2025-02-10 22:00:00+00:00,1.2366,1.23687,1.23625,1.23657,2047
2025-02-10 23:00:00+00:00,1.2365599999999999,1.23674,1.2363,1.23644,1365
2025-02-11 00:00:00+00:00,1.23614,1.23701,1.23598,1.23684,1571
2025-02-11 01:00:00+00:00,1.23687,1.23687,1.2353399999999999,1.23588,2015
2025-02-11 02:00:00+00:00,1.23588,1.23628,1.23531,1.2361,2242
2025-02-11 03:00:00+00:00,1.23609,1.23642,1.23567,1.2359,3844
2025-02-11 04:00:00+00:00,1.2359,1.23606,1.23446,1.23466,3331
2025-02-11 05:00:00+00:00,1.23467,1.23552,1.23456,1.23529,2938
2025-02-11 06:00:00+00:00,1.2353,1.23597,1.23518,1.23596,2332
2025-02-11 07:00:00+00:00,1.23597,1.23626,1.23577,1.23608,2012
2025-02-11 08:00:00+00:00,1.23608,1.23657,1.23573,1.23575,2823
2025-02-11 09:00:00+00:00,1.23575,1.23586,1.23381,1.23388,3809
2025-02-11 10:00:00+00:00,1.23389,1.23599,1.23321,1.23568,4883
2025-02-11 11:00:00+00:00,1.23567,1.23776,1.23559,1.23647,3878
2025-02-11 12:00:00+00:00,1.23648,1.23677,1.23553,1.23598,4095
2025-02-11 13:00:00+00:00,1.23596,1.2368999999999999,1.23589,1.2365599999999999,2817
2025-02-11 14:00:00+00:00,1.2365599999999999,1.23804,1.23587,1.23801,4018
2025-02-11 15:00:00+00:00,1.23801,1.2398500000000001,1.23743,1.23977,4440
2025-02-11 16:00:00+00:00,1.23978,1.2413,1.23962,1.2406,5409
2025-02-11 17:00:00+00:00,1.24062,1.24165,1.24026,1.24044,5687
2025-02-11 18:00:00+00:00,1.24045,1.24254,1.24036,1.24212,5352
2025-02-11 19:00:00+00:00,1.24211,1.24251,1.24179,1.2423,4192
2025-02-11 20:00:00+00:00,1.2423,1.24293,1.24207,1.24243,3553
2025-02-11 21:00:00+00:00,1.24243,1.24539,1.24203,1.24379,4450
2025-02-11 22:00:00+00:00,1.24379,1.2448,1.24356,1.24443,4100
2025-02-11 23:00:00+00:00,1.24442,1.24479,1.24426,1.24442,2532
2025-02-12 00:00:00+00:00,1.2444,1.2445,1.24308,1.24433,1300
2025-02-12 01:00:00+00:00,1.24429,1.24511,1.24424,1.24506,1467
2025-02-12 02:00:00+00:00,1.24506,1.24531,1.24394,1.2444600000000001,2073
2025-02-12 03:00:00+00:00,1.24449,1.24531,1.24374,1.24496,3619
2025-02-12 04:00:00+00:00,1.24496,1.2458,1.24494,1.24503,3827
2025-02-12 05:00:00+00:00,1.24503,1.24548,1.24439,1.24502,3690
2025-02-12 06:00:00+00:00,1.24502,1.24502,1.24406,1.24409,2745
2025-02-12 07:00:00+00:00,1.2441,1.2446,1.244,1.24445,2329
2025-02-12 08:00:00+00:00,1.24444,1.2447300000000001,1.24403,1.2442,2770
2025-02-12 09:00:00+00:00,1.24424,1.24602,1.24424,1.2456800000000001,4780
2025-02-12 10:00:00+00:00,1.2457,1.24651,1.24381,1.24415,5352
2025-02-12 11:00:00+00:00,1.24415,1.24465,1.24343,1.24455,3840
2025-02-12 12:00:00+00:00,1.24457,1.24476,1.24371,1.24411,3995
2025-02-12 13:00:00+00:00,1.24411,1.24614,1.24403,1.24555,3728
2025-02-12 14:00:00+00:00,1.24555,1.24584,1.24502,1.24508,3517
2025-02-12 15:00:00+00:00,1.2450700000000001,1.24516,1.23761,1.23884,9381
2025-02-12 16:00:00+00:00,1.23882,1.24054,1.23774,1.24035,8064
2025-02-12 17:00:00+00:00,1.24037,1.2448,1.23885,1.24335,9720
2025-02-12 18:00:00+00:00,1.24336,1.24457,1.24015,1.24426,7292
2025-02-12 19:00:00+00:00,1.24426,1.24828,1.24416,1.2477,8491
2025-02-12 20:00:00+00:00,1.24769,1.2482199999999999,1.2442,1.24439,6383
2025-02-12 21:00:00+00:00,1.24437,1.2449,1.24394,1.24455,4212
2025-02-12 22:00:00+00:00,1.24455,1.24515,1.24416,1.24442,3228
2025-02-12 23:00:00+00:00,1.24445,1.24486,1.24339,1.24419,2202
2025-02-13 00:00:00+00:00,1.24397,1.2447,1.24362,1.24434,1364
2025-02-13 01:00:00+00:00,1.24431,1.24498,1.24415,1.24498,1482
2025-02-13 02:00:00+00:00,1.24497,1.24557,1.24426,1.24444,2862
2025-02-13 03:00:00+00:00,1.24444,1.24572,1.24418,1.24558,5303
2025-02-13 04:00:00+00:00,1.24559,1.24628,1.24514,1.24616,4054
2025-02-13 05:00:00+00:00,1.24617,1.24793,1.246,1.24764,3913
2025-02-13 06:00:00+00:00,1.24762,1.24915,1.24754,1.24877,3479
2025-02-13 07:00:00+00:00,1.24875,1.24951,1.24874,1.24904,3047
2025-02-13 08:00:00+00:00,1.24904,1.24984,1.2485,1.2485,4003
2025-02-13 09:00:00+00:00,1.24852,1.25166,1.24852,1.25087,6427
2025-02-13 10:00:00+00:00,1.25086,1.25102,1.24713,1.24752,6323
2025-02-13 11:00:00+00:00,1.24752,1.2496800000000001,1.24731,1.24904,4719
2025-02-13 12:00:00+00:00,1.24908,1.25045,1.24844,1.24927,4052
2025-02-13 13:00:00+00:00,1.24928,1.25039,1.24689,1.24746,5171
2025-02-13 14:00:00+00:00,1.24745,1.24747,1.24592,1.24664,5381
2025-02-13 15:00:00+00:00,1.24664,1.24758,1.24518,1.2469999999999999,7175
2025-02-13 16:00:00+00:00,1.2469999999999999,1.24824,1.24609,1.2482199999999999,7112
2025-02-13 17:00:00+00:00,1.24823,1.25255,1.24797,1.25224,10566
2025-02-13 18:00:00+00:00,1.25225,1.2539799999999999,1.25191,1.25256,6823
2025-02-13 19:00:00+00:00,1.25255,1.25423,1.25205,1.2521200000000001,4804
2025-02-13 20:00:00+00:00,1.25211,1.2528000000000001,1.2476099999999999,1.25079,8526
2025-02-13 21:00:00+00:00,1.25078,1.25435,1.2507,1.25365,6645
2025-02-13 22:00:00+00:00,1.2536399999999999,1.25671,1.2534100000000001,1.25598,4931
2025-02-13 23:00:00+00:00,1.25597,1.25674,1.25556,1.2564,2654
2025-02-14 00:00:00+00:00,1.25507,1.2567300000000001,1.25507,1.25635,1048
2025-02-14 01:00:00+00:00,1.25647,1.25694,1.25573,1.25638,2583
2025-02-14 02:00:00+00:00,1.25641,1.25658,1.25566,1.25603,3019
2025-02-14 03:00:00+00:00,1.25603,1.25713,1.25593,1.25631,4348
2025-02-14 04:00:00+00:00,1.25631,1.25651,1.25574,1.2559,3027
2025-02-14 05:00:00+00:00,1.25591,1.25603,1.2554699999999999,1.25576,2679
2025-02-14 06:00:00+00:00,1.25577,1.25619,1.25543,1.25548,2503
2025-02-14 07:00:00+00:00,1.25548,1.25562,1.25491,1.25531,2617
2025-02-14 08:00:00+00:00,1.25531,1.25624,1.25514,1.25596,3269
2025-02-14 09:00:00+00:00,1.25601,1.25746,1.2557800000000001,1.25624,4938
2025-02-14 10:00:00+00:00,1.25625,1.2594,1.25625,1.25842,6260
2025-02-14 11:00:00+00:00,1.2584,1.25955,1.25817,1.25867,4943
2025-02-14 12:00:00+00:00,1.25866,1.25894,1.2573699999999999,1.25779,4303
2025-02-14 13:00:00+00:00,1.25779,1.2586300000000001,1.25731,1.25809,3788
2025-02-14 14:00:00+00:00,1.25809,1.25887,1.25714,1.25847,4108
2025-02-14 15:00:00+00:00,1.25845,1.26086,1.2582499999999999,1.26023,6932
2025-02-14 16:00:00+00:00,1.26024,1.26294,1.26,1.26264,6705
2025-02-14 17:00:00+00:00,1.26263,1.26266,1.26017,1.26167,6843
2025-02-14 18:00:00+00:00,1.26167,1.26212,1.26037,1.2604899999999999,5015
2025-02-14 19:00:00+00:00,1.26055,1.26113,1.26006,1.26087,3693
2025-02-14 20:00:00+00:00,1.26088,1.26099,1.2594400000000001,1.26011,3249
2025-02-14 21:00:00+00:00,1.26011,1.26021,1.25927,1.25945,3241
2025-02-14 22:00:00+00:00,1.25945,1.25945,1.25845,1.25855,2940
2025-02-14 23:00:00+00:00,1.2585600000000001,1.25884,1.25826,1.25828,1839
2025-02-17 00:00:00+00:00,1.25821,1.25865,1.25813,1.25841,880
2025-02-17 01:00:00+00:00,1.25842,1.2587,1.25772,1.2583199999999999,3598
2025-02-17 02:00:00+00:00,1.25833,1.25874,1.25804,1.25852,3389
2025-02-17 03:00:00+00:00,1.25853,1.26002,1.25784,1.2599,5256
2025-02-17 04:00:00+00:00,1.25991,1.25991,1.25898,1.2594400000000001,5106
2025-02-17 05:00:00+00:00,1.2594400000000001,1.25962,1.25864,1.25908,4212
2025-02-17 06:00:00+00:00,1.25908,1.25971,1.25869,1.25948,3272
2025-02-17 07:00:00+00:00,1.25949,1.25986,1.2582499999999999,1.25877,4923
2025-02-17 08:00:00+00:00,1.25877,1.2598099999999999,1.25855,1.25968,3350
2025-02-17 09:00:00+00:00,1.25969,1.25979,1.25851,1.25945,4165
2025-02-17 10:00:00+00:00,1.25945,1.25973,1.2582900000000001,1.25906,5027
2025-02-17 11:00:00+00:00,1.25907,1.2604,1.25874,1.25905,3817
2025-02-17 12:00:00+00:00,1.25904,1.26021,1.25873,1.26017,3585
2025-02-17 13:00:00+00:00,1.26016,1.26063,1.25918,1.2601200000000001,2896
2025-02-17 14:00:00+00:00,1.26013,1.26074,1.25905,1.25934,3369
2025-02-17 15:00:00+00:00,1.25934,1.25999,1.2591,1.25925,3180
2025-02-17 16:00:00+00:00,1.25926,1.25983,1.25849,1.25948,3472
2025-02-17 17:00:00+00:00,1.25948,1.26074,1.25905,1.26057,3788
2025-02-17 18:00:00+00:00,1.26057,1.26136,1.26026,1.26089,2688
2025-02-17 19:00:00+00:00,1.26089,1.26258,1.26089,1.26218,1660
2025-02-17 20:00:00+00:00,1.26219,1.2627,1.26178,1.26264,1616
2025-02-17 21:00:00+00:00,1.26263,1.26343,1.26236,1.26266,1710
2025-02-17 22:00:00+00:00,1.26268,1.26285,1.26251,1.26265,1652
2025-02-17 23:00:00+00:00,1.26265,1.26279,1.2622200000000001,1.2622200000000001,1278
2025-02-18 00:00:00+00:00,1.26213,1.26223,1.2614,1.26181,946
2025-02-18 01:00:00+00:00,1.26186,1.2622200000000001,1.26153,1.26199,1090
2025-02-18 02:00:00+00:00,1.2619799999999999,1.26215,1.2609,1.26096,2478
2025-02-18 03:00:00+00:00,1.26097,1.26097,1.25993,1.26054,4102
2025-02-18 04:00:00+00:00,1.26054,1.26085,1.26022,1.26053,3395
2025-02-18 05:00:00+00:00,1.26054,1.26116,1.25996,1.26028,4144
2025-02-18 06:00:00+00:00,1.26026,1.26031,1.25934,1.25969,3201
2025-02-18 07:00:00+00:00,1.25969,1.25986,1.2592400000000001,1.25977,2810
2025-02-18 08:00:00+00:00,1.25976,1.26024,1.25923,1.26007,3205
2025-02-18 09:00:00+00:00,1.26007,1.26212,1.25959,1.26139,4816
2025-02-18 10:00:00+00:00,1.26139,1.26226,1.2606,1.26088,5248
2025-02-18 11:00:00+00:00,1.26087,1.26139,1.26009,1.26065,4037
2025-02-18 12:00:00+00:00,1.2607,1.26092,1.25907,1.25949,3672
2025-02-18 13:00:00+00:00,1.2595,1.2604199999999999,1.25949,1.26,3356
2025-02-18 14:00:00+00:00,1.26,1.2606899999999999,1.25848,1.25876,3664
2025-02-18 15:00:00+00:00,1.25877,1.25992,1.25817,1.2591999999999999,4500
2025-02-18 16:00:00+00:00,1.25919,1.26081,1.25888,1.26057,5043
2025-02-18 17:00:00+00:00,1.26058,1.26202,1.26043,1.26148,6017
2025-02-18 18:00:00+00:00,1.26147,1.2618800000000001,1.26035,1.26109,4573
2025-02-18 19:00:00+00:00,1.2610999999999999,1.2610999999999999,1.25992,1.25998,3531
2025-02-18 20:00:00+00:00,1.25999,1.26028,1.25919,1.26009,3333
2025-02-18 21:00:00+00:00,1.26009,1.26055,1.2594400000000001,1.25969,2770
2025-02-18 22:00:00+00:00,1.25969,1.26072,1.25932,1.2606,2598
2025-02-18 23:00:00+00:00,1.2606,1.26146,1.26031,1.26106,1813
2025-02-19 00:00:00+00:00,1.26034,1.26394,1.26029,1.26323,1317
2025-02-19 01:00:00+00:00,1.26323,1.26325,1.26211,1.26236,1431
2025-02-19 02:00:00+00:00,1.26236,1.26271,1.26155,1.2616,2981
2025-02-19 03:00:00+00:00,1.26163,1.2619,1.26067,1.26129,5265
2025-02-19 04:00:00+00:00,1.26128,1.26174,1.26091,1.26155,4232
2025-02-19 05:00:00+00:00,1.26157,1.2616100000000001,1.26079,1.26152,3557
2025-02-19 06:00:00+00:00,1.26152,1.26166,1.26092,1.2616100000000001,2524
2025-02-19 07:00:00+00:00,1.2616,1.2624,1.2612999999999999,1.26239,2975
2025-02-19 08:00:00+00:00,1.26238,1.26276,1.26148,1.2615,3811
2025-02-19 09:00:00+00:00,1.26156,1.2636,1.2610999999999999,1.26174,4698
2025-02-19 10:00:00+00:00,1.26174,1.26292,1.26072,1.26121,4918
2025-02-19 11:00:00+00:00,1.26125,1.26221,1.26027,1.26038,3887
2025-02-19 12:00:00+00:00,1.2603900000000001,1.2605,1.25834,1.25918,3900
2025-02-19 13:00:00+00:00,1.25918,1.25961,1.25747,1.25836,4894
2025-02-19 14:00:00+00:00,1.25836,1.25903,1.25772,1.2585600000000001,4512
2025-02-19 15:00:00+00:00,1.25857,1.25962,1.25839,1.25902,4962
2025-02-19 16:00:00+00:00,1.25902,1.25937,1.25807,1.25916,5785
2025-02-19 17:00:00+00:00,1.2591999999999999,1.26058,1.2585600000000001,1.25891,7029
2025-02-19 18:00:00+00:00,1.2589000000000001,1.25894,1.2569,1.25708,5905
2025-02-19 19:00:00+00:00,1.2570700000000001,1.25749,1.25625,1.25721,3984
2025-02-19 20:00:00+00:00,1.2572,1.25783,1.2566,1.25747,4397
2025-02-19 21:00:00+00:00,1.25745,1.25898,1.25715,1.25836,5230
2025-02-19 22:00:00+00:00,1.2583199999999999,1.25875,1.25803,1.25874,3631
2025-02-19 23:00:00+00:00,1.25873,1.25874,1.25835,1.25845,1828
2025-02-20 00:00:00+00:00,1.25842,1.2585899999999999,1.25748,1.25803,1055
2025-02-20 01:00:00+00:00,1.258,1.25854,1.25781,1.25823,1261
2025-02-20 02:00:00+00:00,1.25824,1.25928,1.25805,1.25915,3220
2025-02-20 03:00:00+00:00,1.2591700000000001,1.25938,1.2579500000000001,1.25824,4526
2025-02-20 04:00:00+00:00,1.2582499999999999,1.25945,1.25804,1.25934,5539
2025-02-20 05:00:00+00:00,1.25935,1.25942,1.25874,1.25916,4274
2025-02-20 06:00:00+00:00,1.2591700000000001,1.2594,1.25882,1.25934,3078
2025-02-20 07:00:00+00:00,1.25933,1.2598799999999999,1.25913,1.25931,3533
2025-02-20 08:00:00+00:00,1.25932,1.26013,1.25889,1.2589299999999999,3506
2025-02-20 09:00:00+00:00,1.25897,1.26019,1.25885,1.2594699999999999,4580
2025-02-20 10:00:00+00:00,1.25946,1.26149,1.2594400000000001,1.26077,5609
2025-02-20 11:00:00+00:00,1.2607599999999999,1.26154,1.26023,1.2613699999999999,4183
2025-02-20 12:00:00+00:00,1.26138,1.2619099999999999,1.26092,1.2616100000000001,4005
2025-02-20 13:00:00+00:00,1.26162,1.26162,1.25995,1.26082,4271
2025-02-20 14:00:00+00:00,1.26085,1.2616800000000001,1.25964,1.25987,5598
2025-02-20 15:00:00+00:00,1.25986,1.2622499999999999,1.25976,1.26123,5757
2025-02-20 16:00:00+00:00,1.26124,1.26238,1.26062,1.2612700000000001,7019
2025-02-20 17:00:00+00:00,1.26126,1.2643499999999999,1.2604899999999999,1.26401,7724
2025-02-20 18:00:00+00:00,1.26398,1.26482,1.26312,1.26413,6086
2025-02-20 19:00:00+00:00,1.2641499999999999,1.2659799999999999,1.26363,1.26517,5390
2025-02-20 20:00:00+00:00,1.26517,1.26627,1.26483,1.26607,4259
2025-02-20 21:00:00+00:00,1.26607,1.26702,1.26529,1.26691,4067
2025-02-20 22:00:00+00:00,1.2669000000000001,1.26706,1.26634,1.26697,3324
2025-02-20 23:00:00+00:00,1.26696,1.26705,1.26663,1.26675,2127
2025-02-21 00:00:00+00:00,1.2667,1.2667,1.26579,1.2665,1045
2025-02-21 01:00:00+00:00,1.26637,1.26735,1.26637,1.26685,2218
2025-02-21 02:00:00+00:00,1.26685,1.26697,1.26575,1.26586,3037
2025-02-21 03:00:00+00:00,1.26585,1.26623,1.26531,1.26551,4931
2025-02-21 04:00:00+00:00,1.26551,1.26739,1.26549,1.26726,4967
2025-02-21 05:00:00+00:00,1.26725,1.2673,1.26662,1.26695,3958
2025-02-21 06:00:00+00:00,1.26696,1.26697,1.2662900000000001,1.26638,2671
2025-02-21 07:00:00+00:00,1.26636,1.26646,1.2656100000000001,1.26593,4091
2025-02-21 08:00:00+00:00,1.26593,1.26641,1.26562,1.26579,3349
2025-02-21 09:00:00+00:00,1.26589,1.26782,1.26589,1.2668599999999999,4788
2025-02-21 10:00:00+00:00,1.26687,1.26703,1.2649,1.26589,6149
2025-02-21 11:00:00+00:00,1.2659099999999999,1.2662499999999999,1.26414,1.26498,4615
2025-02-21 12:00:00+00:00,1.26498,1.2656100000000001,1.26437,1.26463,3815
2025-02-21 13:00:00+00:00,1.26464,1.26545,1.26428,1.26443,3192
2025-02-21 14:00:00+00:00,1.26443,1.2647300000000001,1.26361,1.26388,3752
2025-02-21 15:00:00+00:00,1.26388,1.26513,1.26387,1.26451,4350
2025-02-21 16:00:00+00:00,1.26451,1.26671,1.26391,1.26554,6659
2025-02-21 17:00:00+00:00,1.26544,1.2659500000000001,1.26295,1.26375,7539
2025-02-21 18:00:00+00:00,1.26375,1.26479,1.26353,1.26436,5134
2025-02-21 19:00:00+00:00,1.26437,1.26491,1.2637,1.26441,5976
2025-02-21 20:00:00+00:00,1.2644,1.26447,1.26243,1.2634,6122
2025-02-21 21:00:00+00:00,1.26339,1.26383,1.2628300000000001,1.26309,5154
2025-02-21 22:00:00+00:00,1.26301,1.26359,1.26276,1.26298,4595
2025-02-21 23:00:00+00:00,1.263,1.26326,1.26243,1.26266,1792
2025-02-24 00:00:00+00:00,1.26294,1.26403,1.2625899999999999,1.26357,878
2025-02-24 01:00:00+00:00,1.26402,1.26573,1.26356,1.2648,2554
2025-02-24 02:00:00+00:00,1.2648,1.26722,1.26434,1.26661,4177
2025-02-24 03:00:00+00:00,1.2666,1.26793,1.26604,1.2677399999999999,6375
2025-02-24 04:00:00+00:00,1.2677399999999999,1.2690000000000001,1.26769,1.2684199999999999,5095
2025-02-24 05:00:00+00:00,1.2684199999999999,1.26871,1.26763,1.2680500000000001,3822
2025-02-24 06:00:00+00:00,1.2680500000000001,1.2681499999999999,1.26727,1.2677,2788
2025-02-24 07:00:00+00:00,1.26769,1.26769,1.26701,1.26737,3311
2025-02-24 08:00:00+00:00,1.26736,1.2674,1.2657,1.26645,3599
2025-02-24 09:00:00+00:00,1.2665,1.26699,1.26375,1.26438,6253
2025-02-24 10:00:00+00:00,1.2644,1.26535,1.2629000000000001,1.2647300000000001,6373
2025-02-24 11:00:00+00:00,1.26472,1.26571,1.2625,1.2637399999999999,5329
2025-02-24 12:00:00+00:00,1.26372,1.2643900000000001,1.26258,1.26424,4263
2025-02-24 13:00:00+00:00,1.26425,1.26443,1.26339,1.2639,3132
2025-02-24 14:00:00+00:00,1.2639,1.2644199999999999,1.26315,1.26372,2911
2025-02-24 15:00:00+00:00,1.2637399999999999,1.2650299999999999,1.26343,1.26443,5139
2025-02-24 16:00:00+00:00,1.26441,1.26494,1.26114,1.26175,6613
2025-02-24 17:00:00+00:00,1.26176,1.26309,1.26147,1.2619500000000001,7982
2025-02-24 18:00:00+00:00,1.2619500000000001,1.2640500000000001,1.2617,1.26384,5858
2025-02-24 19:00:00+00:00,1.26384,1.26483,1.26296,1.26395,5865
2025-02-24 20:00:00+00:00,1.26395,1.26502,1.26382,1.26426,4062
2025-02-24 21:00:00+00:00,1.26426,1.26471,1.26299,1.2631999999999999,4844
2025-02-24 22:00:00+00:00,1.2631700000000001,1.2636,1.26208,1.26218,5494
2025-02-24 23:00:00+00:00,1.2622,1.26266,1.26174,1.26234,1994
2025-02-25 00:00:00+00:00,1.26228,1.26287,1.26219,1.26255,836
2025-02-25 01:00:00+00:00,1.26262,1.26273,1.26149,1.26165,2011
2025-02-25 02:00:00+00:00,1.26165,1.2621,1.26162,1.26183,2464
2025-02-25 03:00:00+00:00,1.26182,1.26224,1.26162,1.26223,3606
2025-02-25 04:00:00+00:00,1.26224,1.2634400000000001,1.26205,1.26339,5192
2025-02-25 05:00:00+00:00,1.26339,1.26356,1.26294,1.26316,2918
2025-02-25 06:00:00+00:00,1.2631700000000001,1.26375,1.26312,1.26325,3315
2025-02-25 07:00:00+00:00,1.26325,1.2638,1.26325,1.26366,2976
2025-02-25 08:00:00+00:00,1.26365,1.26383,1.26262,1.26305,3480
2025-02-25 09:00:00+00:00,1.26305,1.26315,1.26105,1.26123,6254
2025-02-25 10:00:00+00:00,1.26124,1.26299,1.26052,1.26194,6655
2025-02-25 11:00:00+00:00,1.26194,1.26292,1.26181,1.26233,5430
2025-02-25 12:00:00+00:00,1.26231,1.26279,1.26147,1.2625,4215
2025-02-25 13:00:00+00:00,1.2625199999999999,1.2652999999999999,1.26243,1.2652700000000001,4309
2025-02-25 14:00:00+00:00,1.26528,1.26615,1.2646899999999999,1.26569,5649
2025-02-25 15:00:00+00:00,1.26569,1.2677100000000001,1.2655,1.26701,6148
2025-02-25 16:00:00+00:00,1.26702,1.26729,1.2659500000000001,1.26616,6869
2025-02-25 17:00:00+00:00,1.26615,1.26768,1.26507,1.26536,8563
2025-02-25 18:00:00+00:00,1.26536,1.26584,1.26457,1.26498,7288
2025-02-25 19:00:00+00:00,1.26498,1.2662499999999999,1.26398,1.26624,5361
2025-02-25 20:00:00+00:00,1.26626,1.26743,1.26597,1.26647,5151
2025-02-25 21:00:00+00:00,1.26648,1.26699,1.26593,1.26688,5234
2025-02-25 22:00:00+00:00,1.26688,1.2677,1.26655,1.26699,5108
2025-02-25 23:00:00+00:00,1.26697,1.26722,1.2662499999999999,1.26628,1998
2025-02-26 00:00:00+00:00,1.26605,1.26673,1.26586,1.26645,667
2025-02-26 01:00:00+00:00,1.26646,1.2675100000000001,1.26646,1.2671299999999999,1951
2025-02-26 02:00:00+00:00,1.26711,1.26772,1.26702,1.26752,2731
2025-02-26 03:00:00+00:00,1.26753,1.26753,1.26632,1.26638,3707
2025-02-26 04:00:00+00:00,1.26638,1.26663,1.26514,1.26546,4294
2025-02-26 05:00:00+00:00,1.26547,1.26571,1.26477,1.26493,3154
2025-02-26 06:00:00+00:00,1.26493,1.26499,1.26401,1.26404,2168
2025-02-26 07:00:00+00:00,1.26403,1.26417,1.26346,1.2638099999999999,3277
2025-02-26 08:00:00+00:00,1.2638,1.2649599999999999,1.2635100000000001,1.26481,3450
2025-02-26 09:00:00+00:00,1.26481,1.26563,1.26443,1.26475,4804
2025-02-26 10:00:00+00:00,1.2647300000000001,1.26638,1.26411,1.26511,5382
2025-02-26 11:00:00+00:00,1.26512,1.26586,1.26482,1.26531,4691
2025-02-26 12:00:00+00:00,1.26531,1.26574,1.26402,1.26444,4567
2025-02-26 13:00:00+00:00,1.26444,1.26505,1.26392,1.26478,3704
2025-02-26 14:00:00+00:00,1.26479,1.26559,1.26404,1.26425,3636
2025-02-26 15:00:00+00:00,1.26426,1.2664,1.26416,1.26532,5639
2025-02-26 16:00:00+00:00,1.26531,1.26669,1.26507,1.26645,7035
2025-02-26 17:00:00+00:00,1.26646,1.26983,1.26573,1.26942,8126
2025-02-26 18:00:00+00:00,1.26944,1.27081,1.2687300000000001,1.26931,6344
2025-02-26 19:00:00+00:00,1.26931,1.27151,1.2677100000000001,1.2683900000000001,8585
2025-02-26 20:00:00+00:00,1.26837,1.2696,1.2677100000000001,1.26803,7458
2025-02-26 21:00:00+00:00,1.26802,1.26871,1.26718,1.2683499999999999,6481
2025-02-26 22:00:00+00:00,1.2683499999999999,1.2684,1.26715,1.26743,4251
2025-02-26 23:00:00+00:00,1.26746,1.26768,1.2669000000000001,1.2671999999999999,2832
2025-02-27 00:00:00+00:00,1.26681,1.26754,1.26661,1.26736,466
2025-02-27 01:00:00+00:00,1.26742,1.2683200000000001,1.26734,1.26796,1645
2025-02-27 02:00:00+00:00,1.26796,1.26797,1.26632,1.26651,2880
2025-02-27 03:00:00+00:00,1.26651,1.26695,1.266,1.26637,5365
2025-02-27 04:00:00+00:00,1.26638,1.26661,1.26589,1.26601,5475
2025-02-27 05:00:00+00:00,1.26603,1.2665600000000001,1.26555,1.26562,3689
2025-02-27 06:00:00+00:00,1.2656100000000001,1.26581,1.2649599999999999,1.26539,3979
2025-02-27 07:00:00+00:00,1.26541,1.2656,1.2651,1.26541,3937
2025-02-27 08:00:00+00:00,1.26541,1.2662900000000001,1.26531,1.2662,4512
2025-02-27 09:00:00+00:00,1.2662,1.26708,1.26576,1.2666,4672
2025-02-27 10:00:00+00:00,1.26662,1.26769,1.2662900000000001,1.26711,5594
2025-02-27 11:00:00+00:00,1.2671000000000001,1.26782,1.26669,1.2678,5133
2025-02-27 12:00:00+00:00,1.26779,1.26791,1.26655,1.26787,4190
2025-02-27 13:00:00+00:00,1.26789,1.26881,1.26689,1.2671999999999999,4048
2025-02-27 14:00:00+00:00,1.2671999999999999,1.2686899999999999,1.26655,1.26662,4975
2025-02-27 15:00:00+00:00,1.2666,1.26872,1.26278,1.26316,8642
2025-02-27 16:00:00+00:00,1.2631299999999999,1.26445,1.26214,1.26279,9014
2025-02-27 17:00:00+00:00,1.26279,1.26377,1.26215,1.26274,8579
2025-02-27 18:00:00+00:00,1.26275,1.26338,1.26151,1.2625899999999999,6862
2025-02-27 19:00:00+00:00,1.2626,1.2629000000000001,1.26084,1.26119,5649
2025-02-27 20:00:00+00:00,1.2612,1.26287,1.26119,1.26277,5610
2025-02-27 21:00:00+00:00,1.26278,1.2629000000000001,1.26048,1.2607599999999999,5809
2025-02-27 22:00:00+00:00,1.2607599999999999,1.26119,1.26038,1.26113,6260
2025-02-27 23:00:00+00:00,1.26118,1.26123,1.25972,1.25989,2514
2025-02-28 00:00:00+00:00,1.25975,1.26029,1.25932,1.2600500000000001,801
2025-02-28 01:00:00+00:00,1.2600500000000001,1.26058,1.2595399999999999,1.25956,1986
2025-02-28 02:00:00+00:00,1.25956,1.26068,1.25956,1.26059,3444
2025-02-28 03:00:00+00:00,1.26059,1.26097,1.25937,1.25938,5259
2025-02-28 04:00:00+00:00,1.25937,1.26004,1.25831,1.25834,5106
2025-02-28 05:00:00+00:00,1.25835,1.2588,1.25813,1.25839,3618
2025-02-28 06:00:00+00:00,1.2584,1.25862,1.25809,1.2582,2495
2025-02-28 07:00:00+00:00,1.2582200000000001,1.2585600000000001,1.25801,1.25851,3234
2025-02-28 08:00:00+00:00,1.25851,1.25853,1.25722,1.25793,3990
2025-02-28 09:00:00+00:00,1.2579,1.25952,1.2577099999999999,1.25878,5843
2025-02-28 10:00:00+00:00,1.25876,1.26032,1.25851,1.25993,5711
2025-02-28 11:00:00+00:00,1.25998,1.26065,1.25941,1.25945,4945
2025-02-28 12:00:00+00:00,1.2594400000000001,1.26037,1.25903,1.25922,4068
2025-02-28 13:00:00+00:00,1.25921,1.2597800000000001,1.2582900000000001,1.25949,3475
2025-02-28 14:00:00+00:00,1.25949,1.2601200000000001,1.25933,1.26004,4300
2025-02-28 15:00:00+00:00,1.26003,1.26098,1.25957,1.26018,5799
2025-02-28 16:00:00+00:00,1.26018,1.26093,1.25929,1.26025,6286
2025-02-28 17:00:00+00:00,1.26026,1.26213,1.25824,1.25919,7631
2025-02-28 18:00:00+00:00,1.25919,1.2598500000000001,1.25799,1.2588300000000001,7563
2025-02-28 19:00:00+00:00,1.25881,1.2604,1.25858,1.25892,6883
2025-02-28 20:00:00+00:00,1.25891,1.25902,1.256,1.25614,8136
2025-02-28 21:00:00+00:00,1.2561200000000001,1.25765,1.25586,1.25711,6008
2025-02-28 22:00:00+00:00,1.25712,1.25834,1.25678,1.25812,6633
2025-02-28 23:00:00+00:00,1.25811,1.25824,1.25706,1.25716,1941
2025-03-03 00:00:00+00:00,1.25773,1.25906,1.2577,1.25877,711
2025-03-03 01:00:00+00:00,1.25882,1.26078,1.25874,1.26014,3713
2025-03-03 02:00:00+00:00,1.26014,1.2610299999999999,1.25937,1.26019,5089
2025-03-03 03:00:00+00:00,1.2602,1.26131,1.25999,1.26079,6137
2025-03-03 04:00:00+00:00,1.26079,1.26128,1.26044,1.26068,4071
2025-03-03 05:00:00+00:00,1.2606600000000001,1.26067,1.2596,1.26021,4251
2025-03-03 06:00:00+00:00,1.2602,1.2606899999999999,1.26006,1.26026,2788
2025-03-03 07:00:00+00:00,1.26024,1.26075,1.25999,1.26045,3003
2025-03-03 08:00:00+00:00,1.26044,1.26057,1.25941,1.25966,4327
2025-03-03 09:00:00+00:00,1.25966,1.26027,1.25901,1.2600500000000001,5482
2025-03-03 10:00:00+00:00,1.26006,1.26045,1.25816,1.25901,6068
2025-03-03 11:00:00+00:00,1.25902,1.26295,1.25896,1.26279,4677
2025-03-03 12:00:00+00:00,1.26277,1.2647599999999999,1.26277,1.26459,5782
2025-03-03 13:00:00+00:00,1.26459,1.26626,1.2641200000000001,1.266,4734
2025-03-03 14:00:00+00:00,1.266,1.26884,1.26593,1.26868,6996
2025-03-03 15:00:00+00:00,1.26868,1.26878,1.26725,1.26788,6063
2025-03-03 16:00:00+00:00,1.26789,1.27013,1.26718,1.26861,7544
2025-03-03 17:00:00+00:00,1.2686899999999999,1.27135,1.26818,1.2698,10074
2025-03-03 18:00:00+00:00,1.26981,1.27108,1.26943,1.27081,7065
2025-03-03 19:00:00+00:00,1.2708,1.2717399999999999,1.27036,1.27157,4887
2025-03-03 20:00:00+00:00,1.27156,1.27241,1.27003,1.2705600000000001,6228
2025-03-03 21:00:00+00:00,1.2705600000000001,1.27092,1.26865,1.26899,6233
2025-03-03 22:00:00+00:00,1.26901,1.26979,1.26792,1.26968,9746
2025-03-03 23:00:00+00:00,1.26968,1.27066,1.26958,1.26989,3129
2025-03-04 00:00:00+00:00,1.26984,1.2701,1.26924,1.26992,700
2025-03-04 01:00:00+00:00,1.27005,1.27091,1.26974,1.27009,2386
2025-03-04 02:00:00+00:00,1.27009,1.27039,1.26872,1.26989,4990
2025-03-04 03:00:00+00:00,1.26989,1.2707899999999999,1.26925,1.26968,7189
2025-03-04 04:00:00+00:00,1.26969,1.2698800000000001,1.2688,1.26881,5560
2025-03-04 05:00:00+00:00,1.26881,1.26941,1.2683900000000001,1.26867,4002
2025-03-04 06:00:00+00:00,1.26867,1.2696100000000001,1.26783,1.26936,3626
2025-03-04 07:00:00+00:00,1.2693699999999999,1.2699,1.26826,1.26948,5614
2025-03-04 08:00:00+00:00,1.2695,1.27021,1.26878,1.26973,4388
2025-03-04 09:00:00+00:00,1.26974,1.27085,1.26906,1.27031,6688
2025-03-04 10:00:00+00:00,1.27031,1.27233,1.2692,1.27188,7637
2025-03-04 11:00:00+00:00,1.27188,1.27403,1.27093,1.27241,5845
2025-03-04 12:00:00+00:00,1.2724,1.27274,1.27038,1.27219,4602
2025-03-04 13:00:00+00:00,1.27219,1.27411,1.27084,1.27402,4754
2025-03-04 14:00:00+00:00,1.27402,1.27512,1.2732700000000001,1.27459,5139
2025-03-04 15:00:00+00:00,1.27458,1.27534,1.27196,1.27216,7372
2025-03-04 16:00:00+00:00,1.27217,1.27307,1.27065,1.27088,8571
2025-03-04 17:00:00+00:00,1.27087,1.27214,1.2699,1.27154,8204
2025-03-04 18:00:00+00:00,1.27154,1.27302,1.27034,1.27246,8135
2025-03-04 19:00:00+00:00,1.27247,1.27453,1.27246,1.27432,8426
2025-03-04 20:00:00+00:00,1.27432,1.2776100000000001,1.27408,1.27747,9105
2025-03-04 21:00:00+00:00,1.27747,1.2788300000000001,1.27745,1.27871,6388
2025-03-04 22:00:00+00:00,1.2787,1.2799,1.2782499999999999,1.27833,7925
2025-03-04 23:00:00+00:00,1.27836,1.27987,1.27833,1.27928,4965
2025-03-05 00:00:00+00:00,1.27902,1.27931,1.27864,1.27877,574
2025-03-05 01:00:00+00:00,1.2787600000000001,1.2796,1.27858,1.27945,2299
2025-03-05 02:00:00+00:00,1.27945,1.27946,1.27835,1.27878,4157
2025-03-05 03:00:00+00:00,1.2787899999999999,1.27952,1.2776,1.27763,7651
2025-03-05 04:00:00+00:00,1.27765,1.27819,1.27687,1.27698,7785
2025-03-05 05:00:00+00:00,1.2769599999999999,1.27863,1.2766899999999999,1.27858,6955
2025-03-05 06:00:00+00:00,1.2786,1.2794400000000001,1.27847,1.27866,4809
2025-03-05 07:00:00+00:00,1.27867,1.27964,1.27866,1.2795,4691
2025-03-05 08:00:00+00:00,1.2795,1.28019,1.27866,1.27964,5462
2025-03-05 09:00:00+00:00,1.27965,1.28208,1.27951,1.28201,7752
2025-03-05 10:00:00+00:00,1.28201,1.2852000000000001,1.28146,1.28426,8125
2025-03-05 11:00:00+00:00,1.28426,1.28536,1.28346,1.2835,6916
2025-03-05 12:00:00+00:00,1.28349,1.28404,1.28168,1.28308,5372
2025-03-05 13:00:00+00:00,1.28308,1.28351,1.28166,1.28227,4465
2025-03-05 14:00:00+00:00,1.28228,1.28426,1.28102,1.28117,5719
2025-03-05 15:00:00+00:00,1.28122,1.28265,1.28022,1.28217,8686
2025-03-05 16:00:00+00:00,1.28216,1.28694,1.2818800000000001,1.28675,9686
2025-03-05 17:00:00+00:00,1.28675,1.28724,1.28521,1.28664,10078
2025-03-05 18:00:00+00:00,1.28663,1.28788,1.28543,1.28596,9398
2025-03-05 19:00:00+00:00,1.28595,1.28805,1.28561,1.2879,8813
2025-03-05 20:00:00+00:00,1.2879,1.2888,1.28637,1.28876,8896
2025-03-05 21:00:00+00:00,1.28876,1.28973,1.28836,1.28964,7808
2025-03-05 22:00:00+00:00,1.28964,1.29002,1.28952,1.28997,6588
2025-03-05 23:00:00+00:00,1.28996,1.28996,1.28907,1.2892299999999999,3325
2025-03-06 00:00:00+00:00,1.28929,1.2894,1.28894,1.28909,2355
2025-03-06 01:00:00+00:00,1.28909,1.28945,1.28865,1.28892,2232
2025-03-06 02:00:00+00:00,1.2889,1.28998,1.2886600000000001,1.2892000000000001,3640
2025-03-06 03:00:00+00:00,1.2892000000000001,1.29073,1.28894,1.29041,5032
2025-03-06 04:00:00+00:00,1.2904200000000001,1.29081,1.28915,1.28963,5381
2025-03-06 05:00:00+00:00,1.28965,1.28967,1.2885499999999999,1.28858,4439
2025-03-06 06:00:00+00:00,1.28858,1.2901,1.2882500000000001,1.29002,3198
2025-03-06 07:00:00+00:00,1.29002,1.2903,1.28944,1.29016,4017
2025-03-06 08:00:00+00:00,1.29016,1.29122,1.28944,1.28985,4171
2025-03-06 09:00:00+00:00,1.2899,1.2923200000000001,1.28897,1.2907899999999999,8092
2025-03-06 10:00:00+00:00,1.29078,1.29141,1.28906,1.2894700000000001,9692
2025-03-06 11:00:00+00:00,1.28946,1.29048,1.28684,1.28758,7352
2025-03-06 12:00:00+00:00,1.28758,1.28831,1.28654,1.2873299999999999,6798
2025-03-06 13:00:00+00:00,1.28732,1.28857,1.28685,1.28792,5753
2025-03-06 14:00:00+00:00,1.2879399999999999,1.28972,1.28748,1.2886,6262
2025-03-06 15:00:00+00:00,1.28858,1.28971,1.28777,1.28966,8751
2025-03-06 16:00:00+00:00,1.28964,1.29056,1.2879800000000001,1.2901500000000001,10472
2025-03-06 17:00:00+00:00,1.2901500000000001,1.29181,1.28811,1.2889599999999999,10925
2025-03-06 18:00:00+00:00,1.28899,1.29125,1.28877,1.28931,9681
2025-03-06 19:00:00+00:00,1.28931,1.2901500000000001,1.28816,1.28871,7452
2025-03-06 20:00:00+00:00,1.28872,1.28998,1.28765,1.2885,6519
2025-03-06 21:00:00+00:00,1.2885,1.29027,1.28815,1.28935,5797
2025-03-06 22:00:00+00:00,1.28935,1.2894700000000001,1.28766,1.2877399999999999,6124
2025-03-06 23:00:00+00:00,1.28776,1.2883200000000001,1.28702,1.28748,2412
2025-03-07 00:00:00+00:00,1.28735,1.28823,1.28707,1.288,435
2025-03-07 01:00:00+00:00,1.288,1.2888899999999999,1.28778,1.28826,1825
2025-03-07 02:00:00+00:00,1.28826,1.28891,1.2879399999999999,1.28814,3368
2025-03-07 03:00:00+00:00,1.28814,1.28857,1.28755,1.2883,4200
2025-03-07 04:00:00+00:00,1.28831,1.28898,1.28765,1.28852,4276
2025-03-07 05:00:00+00:00,1.28853,1.2892000000000001,1.28827,1.28869,4544
2025-03-07 06:00:00+00:00,1.28869,1.28902,1.28824,1.28853,3143
2025-03-07 07:00:00+00:00,1.28853,1.28902,1.28814,1.28839,3682
2025-03-07 08:00:00+00:00,1.28839,1.2898800000000001,1.2879,1.28966,4660
2025-03-07 09:00:00+00:00,1.28966,1.29102,1.28907,1.29036,6066
2025-03-07 10:00:00+00:00,1.29036,1.2927,1.29013,1.292,7198
2025-03-07 11:00:00+00:00,1.29199,1.2944200000000001,1.29145,1.2937699999999999,6059
2025-03-07 12:00:00+00:00,1.2937699999999999,1.2941799999999999,1.29165,1.29195,4465
2025-03-07 13:00:00+00:00,1.2919399999999999,1.2923,1.29102,1.29188,4443
2025-03-07 14:00:00+00:00,1.29189,1.2919399999999999,1.29025,1.29099,5251
2025-03-07 15:00:00+00:00,1.29099,1.29412,1.29,1.2902,10362
2025-03-07 16:00:00+00:00,1.2902,1.29308,1.2901,1.29189,10215
2025-03-07 17:00:00+00:00,1.2919,1.29363,1.29,1.29226,9915
2025-03-07 18:00:00+00:00,1.2922799999999999,1.29292,1.29044,1.29143,8111
2025-03-07 19:00:00+00:00,1.29147,1.29199,1.28942,1.29066,8080
2025-03-07 20:00:00+00:00,1.29066,1.29118,1.2895699999999999,1.29107,6880
2025-03-07 21:00:00+00:00,1.29108,1.29209,1.29051,1.29199,6247
2025-03-07 22:00:00+00:00,1.2919800000000001,1.2926,1.2918,1.29239,5432
2025-03-07 23:00:00+00:00,1.2924,1.29291,1.29168,1.29169,2431
2025-03-09 23:00:00+00:00,1.29131,1.2921,1.28969,1.29092,935
2025-03-10 00:00:00+00:00,1.29112,1.29322,1.29111,1.293,3559
2025-03-10 01:00:00+00:00,1.293,1.29375,1.29248,1.29309,3284
2025-03-10 02:00:00+00:00,1.29309,1.29429,1.293,1.2937400000000001,5256
2025-03-10 03:00:00+00:00,1.2937400000000001,1.29451,1.29266,1.2928,5178
2025-03-10 04:00:00+00:00,1.29282,1.29304,1.29102,1.2912,4512
2025-03-10 05:00:00+00:00,1.2912,1.29163,1.29092,1.2911000000000001,4212
2025-03-10 06:00:00+00:00,1.29111,1.29149,1.29065,1.29067,3488
2025-03-10 07:00:00+00:00,1.29067,1.29119,1.29047,1.29119,3969
2025-03-10 08:00:00+00:00,1.29118,1.29219,1.29105,1.2913700000000001,4561
2025-03-10 09:00:00+00:00,1.29138,1.29195,1.2888,1.28946,6525
2025-03-10 10:00:00+00:00,1.28962,1.28967,1.28734,1.28773,8443
2025-03-10 11:00:00+00:00,1.28773,1.2912,1.2873999999999999,1.29082,7257
2025-03-10 12:00:00+00:00,1.29084,1.293,1.29084,1.29202,6858
2025-03-10 13:00:00+00:00,1.2920099999999999,1.29332,1.2901500000000001,1.29218,7285
2025-03-10 14:00:00+00:00,1.29219,1.29451,1.2919800000000001,1.29329,6893
2025-03-10 15:00:00+00:00,1.29329,1.29459,1.29207,1.2925,8470
2025-03-10 16:00:00+00:00,1.29246,1.2925,1.29066,1.2916699999999999,8860
2025-03-10 17:00:00+00:00,1.29168,1.29197,1.28977,1.2904200000000001,8375
2025-03-10 18:00:00+00:00,1.29043,1.29094,1.28847,1.28942,6628
2025-03-10 19:00:00+00:00,1.28941,1.28944,1.2876699999999999,1.2876699999999999,5739
2025-03-10 20:00:00+00:00,1.28766,1.2880099999999999,1.28614,1.28689,6152
2025-03-10 21:00:00+00:00,1.28685,1.28773,1.2860800000000001,1.2876400000000001,5872
2025-03-10 22:00:00+00:00,1.28763,1.28788,1.28637,1.28744,2594
2025-03-10 23:00:00+00:00,1.28742,1.288,1.28719,1.28762,618
2025-03-11 00:00:00+00:00,1.28766,1.28779,1.2872,1.28735,2045
2025-03-11 01:00:00+00:00,1.28735,1.28808,1.28715,1.28744,3011
2025-03-11 02:00:00+00:00,1.28743,1.28882,1.28735,1.28847,4911
2025-03-11 03:00:00+00:00,1.28847,1.28898,1.28756,1.28887,6591
2025-03-11 04:00:00+00:00,1.28888,1.2892700000000001,1.28821,1.28887,7029
2025-03-11 05:00:00+00:00,1.28888,1.28946,1.28848,1.28892,5088
2025-03-11 06:00:00+00:00,1.28892,1.28973,1.28856,1.28938,4589
2025-03-11 07:00:00+00:00,1.28939,1.2894999999999999,1.28726,1.28757,4222
2025-03-11 08:00:00+00:00,1.28757,1.29025,1.28736,1.28932,6157
2025-03-11 09:00:00+00:00,1.28933,1.29172,1.28899,1.29082,8391
2025-03-11 10:00:00+00:00,1.29086,1.29366,1.29053,1.29292,7708
2025-03-11 11:00:00+00:00,1.29292,1.29412,1.29226,1.29338,6548
2025-03-11 12:00:00+00:00,1.29338,1.29338,1.2923,1.2926199999999999,5330
2025-03-11 13:00:00+00:00,1.29261,1.29364,1.29184,1.2924,5486
2025-03-11 14:00:00+00:00,1.29241,1.29511,1.29212,1.29441,6551
2025-03-11 15:00:00+00:00,1.2944,1.29465,1.29281,1.29308,7752
2025-03-11 16:00:00+00:00,1.29308,1.29341,1.29175,1.29307,10938
2025-03-11 17:00:00+00:00,1.29307,1.29561,1.29281,1.2945,8505
2025-03-11 18:00:00+00:00,1.29451,1.29451,1.2936,1.29364,6767
2025-03-11 19:00:00+00:00,1.29364,1.29492,1.29328,1.29492,6613
2025-03-11 20:00:00+00:00,1.29492,1.2965,1.29471,1.29596,7991
2025-03-11 21:00:00+00:00,1.29596,1.2965,1.29508,1.29514,6295
2025-03-11 22:00:00+00:00,1.29514,1.29519,1.29426,1.29426,2059
2025-03-11 23:00:00+00:00,1.29416,1.29512,1.2939,1.29406,380
2025-03-12 00:00:00+00:00,1.2941799999999999,1.29494,1.2941500000000001,1.29475,1490
2025-03-12 01:00:00+00:00,1.29475,1.29494,1.29426,1.29431,1990
2025-03-12 02:00:00+00:00,1.29433,1.29454,1.29306,1.29351,2625
2025-03-12 03:00:00+00:00,1.29353,1.2943,1.29335,1.29366,5697
2025-03-12 04:00:00+00:00,1.29366,1.2942,1.29321,1.29325,4349
2025-03-12 05:00:00+00:00,1.29326,1.2934700000000001,1.29215,1.29215,2414
2025-03-12 06:00:00+00:00,1.29215,1.29257,1.29185,1.2923200000000001,3012
2025-03-12 07:00:00+00:00,1.29233,1.29309,1.29202,1.29304,4821
2025-03-12 08:00:00+00:00,1.29304,1.29319,1.29148,1.29158,3536
2025-03-12 09:00:00+00:00,1.29157,1.2931599999999999,1.29126,1.29279,5814
2025-03-12 10:00:00+00:00,1.2928,1.29414,1.29229,1.29413,7640
2025-03-12 11:00:00+00:00,1.29414,1.29452,1.2933,1.29337,4923
2025-03-12 12:00:00+00:00,1.29336,1.29432,1.29288,1.29326,3987
2025-03-12 13:00:00+00:00,1.29327,1.29605,1.29325,1.2943500000000001,5532
2025-03-12 14:00:00+00:00,1.2943500000000001,1.29883,1.29375,1.29424,9188
2025-03-12 15:00:00+00:00,1.29424,1.29549,1.29268,1.29343,8893
2025-03-12 16:00:00+00:00,1.29346,1.29478,1.29238,1.29454,6786
2025-03-12 17:00:00+00:00,1.29452,1.29678,1.29409,1.29675,6489
2025-03-12 18:00:00+00:00,1.29675,1.2982,1.29637,1.29721,5582
2025-03-12 19:00:00+00:00,1.29721,1.298,1.29649,1.29664,5282
2025-03-12 20:00:00+00:00,1.29664,1.29721,1.29633,1.29668,4392
2025-03-12 21:00:00+00:00,1.29671,1.29718,1.29623,1.29666,4212
2025-03-12 22:00:00+00:00,1.29667,1.29699,1.29574,1.29574,2366
2025-03-12 23:00:00+00:00,1.29546,1.29641,1.29535,1.2959100000000001,470
2025-03-13 00:00:00+00:00,1.2960099999999999,1.2966199999999999,1.296,1.29649,1271
2025-03-13 01:00:00+00:00,1.29649,1.29666,1.29603,1.29638,1641
2025-03-13 02:00:00+00:00,1.29638,1.29676,1.29599,1.29664,2574
2025-03-13 03:00:00+00:00,1.29666,1.29698,1.29619,1.2966,4780
2025-03-13 04:00:00+00:00,1.2966,1.29727,1.29656,1.29694,3691
2025-03-13 05:00:00+00:00,1.2969300000000001,1.29695,1.2957,1.29574,2960
2025-03-13 06:00:00+00:00,1.29573,1.29617,1.29538,1.29616,3887
2025-03-13 07:00:00+00:00,1.29615,1.29616,1.29519,1.29582,4546
2025-03-13 08:00:00+00:00,1.29583,1.2959800000000001,1.29458,1.2950300000000001,4007
2025-03-13 09:00:00+00:00,1.2950300000000001,1.29583,1.29412,1.29523,6059
2025-03-13 10:00:00+00:00,1.29524,1.29653,1.29406,1.29475,6486
2025-03-13 11:00:00+00:00,1.29474,1.29595,1.29434,1.29588,5313
2025-03-13 12:00:00+00:00,1.29589,1.2963,1.29486,1.29556,5006
2025-03-13 13:00:00+00:00,1.29558,1.2956699999999999,1.29265,1.29315,5930
2025-03-13 14:00:00+00:00,1.29314,1.29634,1.29268,1.29321,8476
2025-03-13 15:00:00+00:00,1.29322,1.29443,1.29203,1.29367,7491
2025-03-13 16:00:00+00:00,1.29367,1.29595,1.29356,1.29558,7342
2025-03-13 17:00:00+00:00,1.29559,1.29581,1.2934700000000001,1.2943,7755
2025-03-13 18:00:00+00:00,1.29429,1.29582,1.29362,1.2946,5878
2025-03-13 19:00:00+00:00,1.2946,1.2946900000000001,1.29359,1.29396,5394
2025-03-13 20:00:00+00:00,1.29395,1.29532,1.29385,1.29514,3851
2025-03-13 21:00:00+00:00,1.2951,1.29529,1.29412,1.29436,3769
2025-03-13 22:00:00+00:00,1.29437,1.29553,1.2942,1.2943799999999999,2497
2025-03-13 23:00:00+00:00,1.29429,1.29519,1.29429,1.2947199999999999,489
2025-03-14 00:00:00+00:00,1.2947199999999999,1.2956699999999999,1.29414,1.29508,1261
2025-03-14 01:00:00+00:00,1.29509,1.2956699999999999,1.2947899999999999,1.29565,2025
2025-03-14 02:00:00+00:00,1.29562,1.29584,1.2944200000000001,1.29444,3655
2025-03-14 03:00:00+00:00,1.29443,1.29482,1.29399,1.2941099999999999,5646
2025-03-14 04:00:00+00:00,1.2941,1.2943799999999999,1.2934999999999999,1.29394,3894
2025-03-14 05:00:00+00:00,1.29396,1.29462,1.29382,1.29434,4442
2025-03-14 06:00:00+00:00,1.29433,1.29446,1.29358,1.29405,4365
2025-03-14 07:00:00+00:00,1.29404,1.2949,1.29393,1.29484,4335
2025-03-14 08:00:00+00:00,1.29485,1.29485,1.29361,1.2937400000000001,3772
2025-03-14 09:00:00+00:00,1.29378,1.29378,1.29166,1.29244,5958
2025-03-14 10:00:00+00:00,1.29245,1.29399,1.29204,1.29324,5642
2025-03-14 11:00:00+00:00,1.29322,1.29349,1.2919800000000001,1.29275,5435
2025-03-14 12:00:00+00:00,1.29274,1.29534,1.29239,1.29414,7266
2025-03-14 13:00:00+00:00,1.2941099999999999,1.29459,1.29311,1.29388,7203
2025-03-14 14:00:00+00:00,1.29387,1.29522,1.29369,1.29413,6136
2025-03-14 15:00:00+00:00,1.2941099999999999,1.2943500000000001,1.29333,1.29356,7079
2025-03-14 16:00:00+00:00,1.29355,1.29454,1.2923,1.29256,7970
2025-03-14 17:00:00+00:00,1.2925499999999999,1.29344,1.29104,1.29142,6812
2025-03-14 18:00:00+00:00,1.29143,1.29269,1.29118,1.29247,5529
2025-03-14 19:00:00+00:00,1.29247,1.29324,1.29239,1.29274,3821
2025-03-14 20:00:00+00:00,1.29276,1.29329,1.29274,1.29314,3283
2025-03-14 21:00:00+00:00,1.29312,1.29359,1.29271,1.29349,2926
2025-03-14 22:00:00+00:00,1.2934999999999999,1.2938,1.29304,1.29348,3741
2025-03-16 23:00:00+00:00,1.29184,1.29298,1.29148,1.29278,521
2025-03-17 00:00:00+00:00,1.29281,1.29351,1.29234,1.29298,2230
2025-03-17 01:00:00+00:00,1.29298,1.29342,1.29257,1.2926199999999999,2266
2025-03-17 02:00:00+00:00,1.2926199999999999,1.29331,1.2926199999999999,1.2928899999999999,3049
2025-03-17 03:00:00+00:00,1.2929,1.29437,1.29279,1.2937400000000001,4252
2025-03-17 04:00:00+00:00,1.29368,1.294,1.29336,1.2934999999999999,3739
2025-03-17 05:00:00+00:00,1.29349,1.29375,1.293,1.29349,2850
2025-03-17 06:00:00+00:00,1.29348,1.29443,1.29303,1.29343,3069
2025-03-17 07:00:00+00:00,1.29342,1.29353,1.29284,1.2934,2939
2025-03-17 08:00:00+00:00,1.2934,1.29372,1.29274,1.29285,2853
2025-03-17 09:00:00+00:00,1.29284,1.29398,1.29282,1.29353,5060
2025-03-17 10:00:00+00:00,1.29352,1.29454,1.29295,1.2941099999999999,5954
2025-03-17 11:00:00+00:00,1.2941099999999999,1.2957,1.29399,1.29521,4940
2025-03-17 12:00:00+00:00,1.29521,1.29733,1.295,1.29709,4142
2025-03-17 13:00:00+00:00,1.29709,1.29769,1.29641,1.29703,4020
2025-03-17 14:00:00+00:00,1.29704,1.29762,1.29584,1.2971300000000001,6286
2025-03-17 15:00:00+00:00,1.29711,1.2982,1.29679,1.29788,5890
2025-03-17 16:00:00+00:00,1.29787,1.2983,1.29667,1.29817,5432
2025-03-17 17:00:00+00:00,1.29817,1.29944,1.29787,1.29841,4342
2025-03-17 18:00:00+00:00,1.2984200000000001,1.29927,1.2980800000000001,1.29901,4186
2025-03-17 19:00:00+00:00,1.29901,1.29931,1.29848,1.2990300000000001,3562
2025-03-17 20:00:00+00:00,1.29902,1.2998,1.29888,1.29962,4165
2025-03-17 21:00:00+00:00,1.2996400000000001,1.2996400000000001,1.29905,1.29907,3053
2025-03-17 22:00:00+00:00,1.29908,1.29975,1.29868,1.29901,2123
2025-03-17 23:00:00+00:00,1.299,1.2991,1.29824,1.29857,520
2025-03-18 00:00:00+00:00,1.29856,1.2989600000000001,1.29832,1.29868,1160
2025-03-18 01:00:00+00:00,1.29868,1.29881,1.29836,1.29836,999
2025-03-18 02:00:00+00:00,1.29836,1.29866,1.29816,1.29826,2438
2025-03-18 03:00:00+00:00,1.29826,1.29867,1.29802,1.29809,4295
2025-03-18 04:00:00+00:00,1.2980800000000001,1.29822,1.29733,1.29735,4067
2025-03-18 05:00:00+00:00,1.29734,1.2974999999999999,1.29701,1.29731,2537
2025-03-18 06:00:00+00:00,1.29731,1.29775,1.29727,1.29766,2553
2025-03-18 07:00:00+00:00,1.29766,1.29792,1.29735,1.29736,2936
2025-03-18 08:00:00+00:00,1.29739,1.29802,1.2967,1.29793,2714
2025-03-18 09:00:00+00:00,1.29794,1.29883,1.2977,1.29861,3976
2025-03-18 10:00:00+00:00,1.2986,1.30043,1.29857,1.29961,4807
2025-03-18 11:00:00+00:00,1.29961,1.30033,1.29851,1.30007,3585
2025-03-18 12:00:00+00:00,1.30005,1.3002,1.29868,1.29892,4483
2025-03-18 13:00:00+00:00,1.29894,1.29913,1.29639,1.29645,4110
2025-03-18 14:00:00+00:00,1.29646,1.29746,1.29509,1.2969300000000001,5722
2025-03-18 15:00:00+00:00,1.2969300000000001,1.29767,1.29534,1.29667,6205
2025-03-18 16:00:00+00:00,1.29668,1.29773,1.29617,1.29684,6758
2025-03-18 17:00:00+00:00,1.29688,1.29922,1.29558,1.2983799999999999,7231
2025-03-18 18:00:00+00:00,1.2983799999999999,1.29987,1.29766,1.29984,5165
2025-03-18 19:00:00+00:00,1.29985,1.30067,1.29963,1.30044,4940
2025-03-18 20:00:00+00:00,1.30045,1.30074,1.29988,1.30044,4028
2025-03-18 21:00:00+00:00,1.30044,1.30093,1.30014,1.3005,2791
2025-03-18 22:00:00+00:00,1.30051,1.3005900000000001,1.2999399999999999,1.2999399999999999,2274
2025-03-18 23:00:00+00:00,1.2999399999999999,1.2999800000000001,1.29954,1.29992,352
2025-03-19 00:00:00+00:00,1.30015,1.30029,1.2998,1.29997,925
2025-03-19 01:00:00+00:00,1.29999,1.30026,1.29981,1.29993,1031
2025-03-19 02:00:00+00:00,1.2999399999999999,1.30012,1.29938,1.2995700000000001,2387
2025-03-19 03:00:00+00:00,1.29956,1.29963,1.29914,1.29936,2939
2025-03-19 04:00:00+00:00,1.29935,1.30023,1.29924,1.2998,3365
2025-03-19 05:00:00+00:00,1.2998,1.30004,1.29883,1.29936,3095
2025-03-19 06:00:00+00:00,1.29935,1.29938,1.29854,1.29868,2225
2025-03-19 07:00:00+00:00,1.2986900000000001,1.29902,1.2980800000000001,1.2983799999999999,2713
2025-03-19 08:00:00+00:00,1.29837,1.29863,1.29763,1.29766,3045
2025-03-19 09:00:00+00:00,1.29766,1.2979,1.2956699999999999,1.29704,7608
2025-03-19 10:00:00+00:00,1.29706,1.29803,1.29647,1.29731,5881
2025-03-19 11:00:00+00:00,1.29731,1.29793,1.29635,1.29714,4516
2025-03-19 12:00:00+00:00,1.29715,1.29718,1.2956400000000001,1.29647,4247
2025-03-19 13:00:00+00:00,1.29646,1.29817,1.29595,1.29762,5057
2025-03-19 14:00:00+00:00,1.29763,1.29819,1.29642,1.29658,4254
2025-03-19 15:00:00+00:00,1.2965900000000001,1.29672,1.29545,1.29654,4979
2025-03-19 16:00:00+00:00,1.29653,1.29739,1.29619,1.29661,4562
2025-03-19 17:00:00+00:00,1.2966,1.29715,1.2961,1.2966,4295
2025-03-19 18:00:00+00:00,1.29661,1.2975400000000001,1.29657,1.29734,3693
2025-03-19 19:00:00+00:00,1.29735,1.29737,1.2955,1.29596,3861
2025-03-19 20:00:00+00:00,1.29606,1.30099,1.29578,1.30069,10703
2025-03-19 21:00:00+00:00,1.30058,1.30107,1.2981500000000001,1.29965,7459
2025-03-19 22:00:00+00:00,1.29968,1.30047,1.29924,1.30023,2456
2025-03-19 23:00:00+00:00,1.3001800000000001,1.30026,1.29902,1.30023,726
2025-03-20 00:00:00+00:00,1.30027,1.30111,1.30011,1.30057,1357
2025-03-20 01:00:00+00:00,1.30057,1.301,1.30026,1.30098,1221
2025-03-20 02:00:00+00:00,1.30097,1.30141,1.29981,1.30085,2869
2025-03-20 03:00:00+00:00,1.30084,1.30091,1.30006,1.3002099999999999,3565
2025-03-20 04:00:00+00:00,1.30019,1.30125,1.3001800000000001,1.30054,3178
2025-03-20 05:00:00+00:00,1.30054,1.30101,1.30041,1.30069,2115
2025-03-20 06:00:00+00:00,1.30069,1.30075,1.2999800000000001,1.30013,1659
2025-03-20 07:00:00+00:00,1.30013,1.30013,1.2989899999999999,1.29939,2423
2025-03-20 08:00:00+00:00,1.29939,1.2995700000000001,1.2984200000000001,1.2984499999999999,3130
2025-03-20 09:00:00+00:00,1.29856,1.29895,1.2962099999999999,1.29708,4838
2025-03-20 10:00:00+00:00,1.29708,1.29792,1.29666,1.29711,5005
2025-03-20 11:00:00+00:00,1.29711,1.2971300000000001,1.29455,1.29546,5482
2025-03-20 12:00:00+00:00,1.29547,1.29568,1.29353,1.29526,5899
2025-03-20 13:00:00+00:00,1.29526,1.29641,1.29457,1.29486,4921
2025-03-20 14:00:00+00:00,1.2947899999999999,1.29793,1.29449,1.2950599999999999,6836
2025-03-20 15:00:00+00:00,1.2950599999999999,1.29581,1.29353,1.29526,6887
2025-03-20 16:00:00+00:00,1.29518,1.29667,1.29515,1.2965200000000001,6604
2025-03-20 17:00:00+00:00,1.29651,1.29733,1.29522,1.29722,5472
2025-03-20 18:00:00+00:00,1.2972299999999999,1.29726,1.29617,1.29646,4266
2025-03-20 19:00:00+00:00,1.29644,1.29697,1.29557,1.29612,3287
2025-03-20 20:00:00+00:00,1.29612,1.29619,1.2955999999999999,1.29596,2827
2025-03-20 21:00:00+00:00,1.29595,1.29664,1.2959399999999999,1.2965200000000001,2409
2025-03-20 22:00:00+00:00,1.2965200000000001,1.2969,1.29623,1.29654,1528
2025-03-20 23:00:00+00:00,1.29646,1.2968899999999999,1.2955999999999999,1.29666,591
2025-03-21 00:00:00+00:00,1.29667,1.29678,1.2962,1.29654,1640
2025-03-21 01:00:00+00:00,1.29653,1.29688,1.29634,1.29641,1231
2025-03-21 02:00:00+00:00,1.29642,1.29697,1.2960099999999999,1.29634,1852
2025-03-21 03:00:00+00:00,1.29633,1.29678,1.29585,1.29633,3394
2025-03-21 04:00:00+00:00,1.29632,1.29661,1.29562,1.29585,3296
2025-03-21 05:00:00+00:00,1.29585,1.2959,1.29441,1.29452,2254
2025-03-21 06:00:00+00:00,1.29452,1.29467,1.29369,1.2939,2001
2025-03-21 07:00:00+00:00,1.29386,1.29387,1.2925,1.29287,2770
2025-03-21 08:00:00+00:00,1.29288,1.29361,1.2924,1.29346,3256
2025-03-21 09:00:00+00:00,1.2934700000000001,1.29446,1.29292,1.29346,5033
2025-03-21 10:00:00+00:00,1.29344,1.29409,1.29217,1.294,5801
2025-03-21 11:00:00+00:00,1.294,1.29425,1.29319,1.29328,4065
2025-03-21 12:00:00+00:00,1.29327,1.2947,1.29322,1.29433,4410
2025-03-21 13:00:00+00:00,1.29434,1.29465,1.2937400000000001,1.29452,3729
2025-03-21 14:00:00+00:00,1.29453,1.29552,1.29326,1.29364,3675
2025-03-21 15:00:00+00:00,1.29362,1.29367,1.29229,1.29365,4747
2025-03-21 16:00:00+00:00,1.29364,1.2938399999999999,1.29256,1.29337,5733
2025-03-21 17:00:00+00:00,1.29338,1.29375,1.28928,1.2893,6574
2025-03-21 18:00:00+00:00,1.2893,1.29203,1.2887,1.2919800000000001,6632
2025-03-21 19:00:00+00:00,1.292,1.2928899999999999,1.29083,1.29219,4639
2025-03-21 20:00:00+00:00,1.29218,1.29292,1.2913700000000001,1.2926199999999999,3800
2025-03-21 21:00:00+00:00,1.29261,1.2928600000000001,1.2916400000000001,1.29184,2101
2025-03-21 22:00:00+00:00,1.29183,1.29202,1.29046,1.29114,1218
2025-03-23 23:00:00+00:00,1.28935,1.29058,1.28879,1.28976,513
2025-03-24 00:00:00+00:00,1.29009,1.2922,1.29002,1.29138,1918
2025-03-24 01:00:00+00:00,1.29139,1.29256,1.2911299999999999,1.29248,2158
2025-03-24 02:00:00+00:00,1.29247,1.29338,1.29217,1.29332,3488
2025-03-24 03:00:00+00:00,1.29333,1.29346,1.2919399999999999,1.29236,4607
2025-03-24 04:00:00+00:00,1.29236,1.29297,1.29226,1.29233,4456
2025-03-24 05:00:00+00:00,1.2923499999999999,1.29288,1.2912,1.2913000000000001,3936
2025-03-24 06:00:00+00:00,1.29131,1.29187,1.29105,1.29162,3266
2025-03-24 07:00:00+00:00,1.29163,1.29238,1.2912,1.2922799999999999,3916
2025-03-24 08:00:00+00:00,1.29227,1.29487,1.2922,1.29425,3787
2025-03-24 09:00:00+00:00,1.29424,1.29517,1.29383,1.2947,5016
2025-03-24 10:00:00+00:00,1.29471,1.29569,1.29433,1.29525,6149
2025-03-24 11:00:00+00:00,1.29526,1.29644,1.29391,1.29603,5778
2025-03-24 12:00:00+00:00,1.29602,1.29738,1.29572,1.29653,5144
2025-03-24 13:00:00+00:00,1.2965200000000001,1.29664,1.29425,1.29439,4271
2025-03-24 14:00:00+00:00,1.29439,1.29497,1.29397,1.29428,6238
2025-03-24 15:00:00+00:00,1.29429,1.2944200000000001,1.29172,1.29179,7739
2025-03-24 16:00:00+00:00,1.29178,1.29492,1.2913299999999999,1.29266,9109
2025-03-24 17:00:00+00:00,1.29265,1.29276,1.2907199999999999,1.29112,7295
2025-03-24 18:00:00+00:00,1.29112,1.29237,1.28949,1.29032,5945
2025-03-24 19:00:00+00:00,1.29033,1.29116,1.29,1.29101,4134
2025-03-24 20:00:00+00:00,1.29101,1.2929599999999999,1.29048,1.29257,4094
2025-03-24 21:00:00+00:00,1.2926,1.29281,1.29177,1.29207,3173
2025-03-24 22:00:00+00:00,1.29205,1.29272,1.29193,1.29212,2775
2025-03-24 23:00:00+00:00,1.29211,1.29226,1.29156,1.2919399999999999,494
2025-03-25 00:00:00+00:00,1.2919399999999999,1.29237,1.29162,1.29203,1272
2025-03-25 01:00:00+00:00,1.29202,1.2923200000000001,1.29182,1.29224,980
2025-03-25 02:00:00+00:00,1.29223,1.29224,1.29155,1.29165,2127
2025-03-25 03:00:00+00:00,1.29166,1.29251,1.29157,1.29209,3666
2025-03-25 04:00:00+00:00,1.2921,1.29233,1.2911299999999999,1.29131,3201
2025-03-25 05:00:00+00:00,1.2913000000000001,1.29244,1.29124,1.29243,2799
2025-03-25 06:00:00+00:00,1.29248,1.29283,1.29213,1.29229,2686
2025-03-25 07:00:00+00:00,1.2922799999999999,1.29273,1.29212,1.29223,2228
2025-03-25 08:00:00+00:00,1.29222,1.29226,1.29138,1.29143,3044
2025-03-25 09:00:00+00:00,1.29142,1.2922500000000001,1.29026,1.29055,5233
2025-03-25 10:00:00+00:00,1.29056,1.29147,1.29012,1.29119,6700
2025-03-25 11:00:00+00:00,1.29115,1.29305,1.29104,1.29299,5807
2025-03-25 12:00:00+00:00,1.29303,1.29513,1.29272,1.29508,5994
2025-03-25 13:00:00+00:00,1.29508,1.29574,1.2941500000000001,1.29421,5724
2025-03-25 14:00:00+00:00,1.29422,1.296,1.29419,1.29542,4985
2025-03-25 15:00:00+00:00,1.29543,1.29603,1.29439,1.29447,6289
2025-03-25 16:00:00+00:00,1.29432,1.29517,1.29326,1.2947600000000001,7272
2025-03-25 17:00:00+00:00,1.29477,1.29526,1.29432,1.2947199999999999,5965
2025-03-25 18:00:00+00:00,1.29473,1.2959100000000001,1.29447,1.29566,5090
2025-03-25 19:00:00+00:00,1.29568,1.29664,1.29555,1.29586,4478
2025-03-25 20:00:00+00:00,1.29582,1.29582,1.2943799999999999,1.29449,3596
2025-03-25 21:00:00+00:00,1.2945,1.29474,1.29391,1.29464,3736
2025-03-25 22:00:00+00:00,1.29462,1.2947,1.29404,1.2942,1464
2025-03-25 23:00:00+00:00,1.29416,1.2946,1.29386,1.29443,572
2025-03-26 00:00:00+00:00,1.29449,1.29485,1.2941799999999999,1.29422,1468
2025-03-26 01:00:00+00:00,1.2941799999999999,1.29452,1.29397,1.29444,1817
2025-03-26 02:00:00+00:00,1.29443,1.29452,1.29327,1.29329,3069
2025-03-26 03:00:00+00:00,1.29327,1.29443,1.29265,1.29433,4551
2025-03-26 04:00:00+00:00,1.29432,1.29457,1.2938399999999999,1.2943799999999999,3031
2025-03-26 05:00:00+00:00,1.29437,1.2944499999999999,1.29326,1.2935400000000001,3775
2025-03-26 06:00:00+00:00,1.29355,1.29367,1.29301,1.29343,2316
2025-03-26 07:00:00+00:00,1.29344,1.29352,1.2929,1.29312,3076
2025-03-26 08:00:00+00:00,1.2931,1.29429,1.29274,1.29383,2683
2025-03-26 09:00:00+00:00,1.29373,1.29376,1.29025,1.29104,6846
2025-03-26 10:00:00+00:00,1.29104,1.29131,1.28858,1.29065,7002
2025-03-26 11:00:00+00:00,1.29063,1.2912,1.2895400000000001,1.2909,5653
2025-03-26 12:00:00+00:00,1.29091,1.29129,1.29009,1.29066,4723
2025-03-26 13:00:00+00:00,1.29068,1.29117,1.28953,1.28962,4183
2025-03-26 14:00:00+00:00,1.28962,1.2907,1.2883,1.28924,6608
2025-03-26 15:00:00+00:00,1.28924,1.29088,1.28735,1.2882799999999999,7492
2025-03-26 16:00:00+00:00,1.28827,1.29012,1.28811,1.28964,6738
2025-03-26 17:00:00+00:00,1.28966,1.2903,1.28758,1.2885499999999999,5784
2025-03-26 18:00:00+00:00,1.2885499999999999,1.29016,1.28815,1.2895400000000001,5195
2025-03-26 19:00:00+00:00,1.28953,1.28969,1.2879800000000001,1.2883,5882
2025-03-26 20:00:00+00:00,1.2882799999999999,1.2889300000000001,1.2882799999999999,1.28841,3658
2025-03-26 21:00:00+00:00,1.28842,1.28891,1.28789,1.28878,3073
2025-03-26 22:00:00+00:00,1.28877,1.28931,1.28858,1.28858,1775
2025-03-26 23:00:00+00:00,1.28837,1.28872,1.28682,1.2871000000000001,364
2025-03-27 00:00:00+00:00,1.2873700000000001,1.28811,1.28705,1.28747,2946
2025-03-27 01:00:00+00:00,1.28746,1.2880099999999999,1.2871299999999999,1.28765,1912
2025-03-27 02:00:00+00:00,1.28766,1.28903,1.28756,1.28887,3341
2025-03-27 03:00:00+00:00,1.28887,1.29019,1.28887,1.29,4162
2025-03-27 04:00:00+00:00,1.29,1.2916,1.28999,1.29117,3172
2025-03-27 05:00:00+00:00,1.29117,1.2913999999999999,1.29057,1.29105,2470
2025-03-27 06:00:00+00:00,1.29107,1.2925,1.29104,1.29205,2293
2025-03-27 07:00:00+00:00,1.29207,1.29237,1.29086,1.29118,3126
2025-03-27 08:00:00+00:00,1.2912,1.2928899999999999,1.29114,1.29204,3925
2025-03-27 09:00:00+00:00,1.29202,1.29202,1.29023,1.29121,6135
2025-03-27 10:00:00+00:00,1.29122,1.29233,1.29009,1.29229,7486
2025-03-27 11:00:00+00:00,1.29226,1.29271,1.29107,1.29196,5056
2025-03-27 12:00:00+00:00,1.29197,1.29328,1.29139,1.29321,5139
2025-03-27 13:00:00+00:00,1.29318,1.29413,1.29274,1.29307,4735
2025-03-27 14:00:00+00:00,1.29308,1.2965,1.29274,1.2944499999999999,5830
2025-03-27 15:00:00+00:00,1.29447,1.29521,1.29269,1.29275,7051
2025-03-27 16:00:00+00:00,1.29276,1.29478,1.29222,1.29461,6663
2025-03-27 17:00:00+00:00,1.29462,1.29916,1.29429,1.2962099999999999,8665
2025-03-27 18:00:00+00:00,1.29622,1.2972000000000001,1.29526,1.2956400000000001,5946
2025-03-27 19:00:00+00:00,1.2956699999999999,1.29663,1.29474,1.29491,4664
2025-03-27 20:00:00+00:00,1.29491,1.29577,1.29474,1.29491,2773
2025-03-27 21:00:00+00:00,1.29491,1.29563,1.29453,1.29485,3231
2025-03-27 22:00:00+00:00,1.29483,1.2950300000000001,1.29464,1.2947899999999999,1237
2025-03-27 23:00:00+00:00,1.29473,1.29505,1.29368,1.29468,653
2025-03-28 00:00:00+00:00,1.29475,1.29497,1.29429,1.29452,959
2025-03-28 01:00:00+00:00,1.29453,1.29512,1.29448,1.29508,1162
2025-03-28 02:00:00+00:00,1.29507,1.29509,1.29402,1.2948,2860
2025-03-28 03:00:00+00:00,1.29481,1.29511,1.29446,1.29458,3357
2025-03-28 04:00:00+00:00,1.29459,1.29525,1.29444,1.29478,2915
2025-03-28 05:00:00+00:00,1.29477,1.29509,1.2944200000000001,1.29451,2193
2025-03-28 06:00:00+00:00,1.29451,1.29456,1.29405,1.2941,1842
2025-03-28 07:00:00+00:00,1.29412,1.2943500000000001,1.29369,1.29405,2118
2025-03-28 08:00:00+00:00,1.29402,1.29456,1.2937699999999999,1.29409,2527
2025-03-28 09:00:00+00:00,1.29403,1.29679,1.29399,1.295,5130
2025-03-28 10:00:00+00:00,1.29501,1.2959399999999999,1.29402,1.29459,5726
2025-03-28 11:00:00+00:00,1.2946,1.29562,1.29406,1.29508,3994
2025-03-28 12:00:00+00:00,1.29511,1.29522,1.29352,1.29353,3824
2025-03-28 13:00:00+00:00,1.29352,1.29376,1.29217,1.2928899999999999,4016
2025-03-28 14:00:00+00:00,1.29288,1.29518,1.29221,1.29432,5752
2025-03-28 15:00:00+00:00,1.29433,1.29638,1.29386,1.29536,7737
2025-03-28 16:00:00+00:00,1.2953700000000001,1.29674,1.29453,1.29475,8145
2025-03-28 17:00:00+00:00,1.29477,1.29637,1.29336,1.29409,7431
2025-03-28 18:00:00+00:00,1.2941,1.29492,1.29394,1.29431,4921
2025-03-28 19:00:00+00:00,1.29429,1.29447,1.29287,1.29397,4225
2025-03-28 20:00:00+00:00,1.29399,1.29431,1.29335,1.29393,3764
2025-03-28 21:00:00+00:00,1.29395,1.29462,1.2938399999999999,1.29444,2209
2025-03-28 22:00:00+00:00,1.2944200000000001,1.29473,1.29353,1.2936,1241
2025-03-31 00:00:00+00:00,1.29324,1.2937,1.29247,1.29264,304
2025-03-31 01:00:00+00:00,1.29283,1.2934700000000001,1.29215,1.29305,2613
2025-03-31 02:00:00+00:00,1.29315,1.294,1.29279,1.29371,3642
2025-03-31 03:00:00+00:00,1.29368,1.2959100000000001,1.29362,1.2959100000000001,6057
2025-03-31 04:00:00+00:00,1.29588,1.29665,1.29582,1.29593,6428
2025-03-31 05:00:00+00:00,1.29592,1.29712,1.29545,1.29635,5374
2025-03-31 06:00:00+00:00,1.29636,1.29638,1.29561,1.29565,4483
2025-03-31 07:00:00+00:00,1.29566,1.29606,1.29546,1.2956400000000001,3833
2025-03-31 08:00:00+00:00,1.29563,1.29612,1.29538,1.29558,4305
2025-03-31 09:00:00+00:00,1.29557,1.29668,1.29482,1.2965499999999999,6514
2025-03-31 10:00:00+00:00,1.29653,1.29721,1.29551,1.29561,7239
2025-03-31 11:00:00+00:00,1.2955999999999999,1.29608,1.2934700000000001,1.29439,5760
2025-03-31 12:00:00+00:00,1.2943799999999999,1.2944,1.29237,1.29273,4896
2025-03-31 13:00:00+00:00,1.29272,1.29432,1.29175,1.29379,4894
2025-03-31 14:00:00+00:00,1.2938,1.29588,1.29365,1.29521,4767
2025-03-31 15:00:00+00:00,1.29521,1.29578,1.29303,1.29318,5174
2025-03-31 16:00:00+00:00,1.29319,1.29407,1.29254,1.29297,6065
2025-03-31 17:00:00+00:00,1.29298,1.2931300000000001,1.29023,1.2909,8583
2025-03-31 18:00:00+00:00,1.29089,1.29207,1.28894,1.28904,8221
2025-03-31 19:00:00+00:00,1.28906,1.29143,1.28856,1.29059,5800
2025-03-31 20:00:00+00:00,1.29058,1.29152,1.29054,1.29071,3677
2025-03-31 21:00:00+00:00,1.29071,1.29138,1.29041,1.29104,3711
2025-03-31 22:00:00+00:00,1.29102,1.29239,1.29086,1.2918,3784
2025-03-31 23:00:00+00:00,1.29178,1.29207,1.29126,1.29168,2761
2025-04-01 00:00:00+00:00,1.2913700000000001,1.2916699999999999,1.29067,1.29129,744
2025-04-01 01:00:00+00:00,1.29142,1.29203,1.29118,1.2919,1338
2025-04-01 02:00:00+00:00,1.29189,1.29207,1.29154,1.29188,1427
2025-04-01 03:00:00+00:00,1.2919,1.29266,1.29176,1.29258,3754
2025-04-01 04:00:00+00:00,1.29257,1.29267,1.2917,1.29212,3965
2025-04-01 05:00:00+00:00,1.29212,1.2934,1.292,1.29305,4045
2025-04-01 06:00:00+00:00,1.29303,1.2935699999999999,1.29283,1.29326,3442
2025-04-01 07:00:00+00:00,1.29325,1.29402,1.29321,1.2937,3036
2025-04-01 08:00:00+00:00,1.2937,1.29371,1.29185,1.2919,3856
2025-04-01 09:00:00+00:00,1.2919100000000001,1.29283,1.29122,1.29217,4712
2025-04-01 10:00:00+00:00,1.29216,1.29216,1.2901799999999999,1.29082,6073
2025-04-01 11:00:00+00:00,1.2908,1.29299,1.29047,1.29253,4549
2025-04-01 12:00:00+00:00,1.29244,1.29376,1.29223,1.29338,5060
2025-04-01 13:00:00+00:00,1.2934,1.29345,1.29068,1.2907,6642
2025-04-01 14:00:00+00:00,1.29071,1.29129,1.2889300000000001,1.28901,6157
2025-04-01 15:00:00+00:00,1.28902,1.28993,1.28848,1.28892,4964
2025-04-01 16:00:00+00:00,1.2889300000000001,1.2899,1.28787,1.2882500000000001,6363
2025-04-01 17:00:00+00:00,1.28821,1.29236,1.2879,1.2921,9378
2025-04-01 18:00:00+00:00,1.29212,1.2929300000000001,1.2917100000000001,1.29205,7018
2025-04-01 19:00:00+00:00,1.29204,1.29276,1.29166,1.29261,5551
2025-04-01 20:00:00+00:00,1.29261,1.29324,1.2919100000000001,1.29216,3286
2025-04-01 21:00:00+00:00,1.29217,1.29217,1.29095,1.29097,4229
2025-04-01 22:00:00+00:00,1.29098,1.29204,1.29078,1.29202,3319
2025-04-01 23:00:00+00:00,1.2920099999999999,1.29285,1.2917399999999999,1.29215,2079
2025-04-02 00:00:00+00:00,1.29179,1.2922,1.2913000000000001,1.29192,282
2025-04-02 01:00:00+00:00,1.29209,1.29326,1.29195,1.29276,2358
2025-04-02 02:00:00+00:00,1.29277,1.29279,1.29209,1.2921,1470
2025-04-02 03:00:00+00:00,1.29209,1.29216,1.29094,1.29101,3896
2025-04-02 04:00:00+00:00,1.29101,1.29204,1.29058,1.29188,4094
2025-04-02 05:00:00+00:00,1.29189,1.293,1.29166,1.29215,3089
2025-04-02 06:00:00+00:00,1.29215,1.29256,1.29192,1.29205,1929
2025-04-02 07:00:00+00:00,1.29207,1.29215,1.29172,1.29179,1760
2025-04-02 08:00:00+00:00,1.29179,1.29182,1.2912,1.29143,2298
2025-04-02 09:00:00+00:00,1.29143,1.29176,1.29093,1.2913700000000001,4482
2025-04-02 10:00:00+00:00,1.29136,1.29145,1.28999,1.29126,4484
2025-04-02 11:00:00+00:00,1.29123,1.2924,1.29096,1.29199,4276
2025-04-02 12:00:00+00:00,1.29199,1.29487,1.29192,1.29467,3957
2025-04-02 13:00:00+00:00,1.29467,1.2947600000000001,1.2929,1.2937,4910
2025-04-02 14:00:00+00:00,1.29369,1.29493,1.29333,1.29474,4023
2025-04-02 15:00:00+00:00,1.29475,1.29496,1.2934,1.29428,5848
2025-04-02 16:00:00+00:00,1.29427,1.29474,1.29372,1.29382,6083
2025-04-02 17:00:00+00:00,1.29383,1.29695,1.29335,1.29657,8386
2025-04-02 18:00:00+00:00,1.29656,1.2978399999999999,1.29609,1.29725,7489
2025-04-02 19:00:00+00:00,1.29725,1.29748,1.29623,1.29702,5436
2025-04-02 20:00:00+00:00,1.29701,1.29809,1.29695,1.29698,4392
2025-04-02 21:00:00+00:00,1.29698,1.29832,1.29674,1.2978399999999999,4479
2025-04-02 22:00:00+00:00,1.29783,1.29862,1.29778,1.2980800000000001,3566
2025-04-02 23:00:00+00:00,1.29809,1.30244,1.29525,1.2999399999999999,11260
2025-04-03 00:00:00+00:00,1.2996400000000001,1.30004,1.29692,1.29954,643
2025-04-03 01:00:00+00:00,1.29963,1.30103,1.29721,1.30066,7685
2025-04-03 02:00:00+00:00,1.30077,1.30519,1.30045,1.3044799999999999,9230
2025-04-03 03:00:00+00:00,1.30449,1.30567,1.30254,1.30399,11111
2025-04-03 04:00:00+00:00,1.30398,1.30688,1.3036699999999999,1.30545,9440
2025-04-03 05:00:00+00:00,1.30544,1.30644,1.3048600000000001,1.3062,6831
2025-04-03 06:00:00+00:00,1.3062,1.30765,1.3058,1.30704,5259
2025-04-03 07:00:00+00:00,1.3070300000000001,1.30716,1.30553,1.3058100000000001,4463
2025-04-03 08:00:00+00:00,1.3058,1.31002,1.30573,1.30902,6282
2025-04-03 09:00:00+00:00,1.30901,1.3119100000000001,1.3083,1.3118400000000001,10276
2025-04-03 10:00:00+00:00,1.31188,1.31388,1.3102,1.31359,9942
2025-04-03 11:00:00+00:00,1.3136,1.31681,1.3131,1.3161800000000001,8145
2025-04-03 12:00:00+00:00,1.3162,1.31825,1.31559,1.31692,8771
2025-04-03 13:00:00+00:00,1.31693,1.32071,1.31463,1.31479,11529
2025-04-03 14:00:00+00:00,1.31478,1.31808,1.31373,1.31737,9687
2025-04-03 15:00:00+00:00,1.31737,1.31873,1.31497,1.31572,10489
2025-04-03 16:00:00+00:00,1.31575,1.31956,1.3144,1.3144,11671
2025-04-03 17:00:00+00:00,1.31433,1.31744,1.31433,1.31674,10184
2025-04-03 18:00:00+00:00,1.31677,1.31684,1.31048,1.3109899999999999,10126
2025-04-03 19:00:00+00:00,1.311,1.3121,1.31036,1.31046,8497
2025-04-03 20:00:00+00:00,1.31042,1.31081,1.30921,1.30981,6359
2025-04-03 21:00:00+00:00,1.3098,1.31045,1.30878,1.30946,5408
2025-04-03 22:00:00+00:00,1.3094700000000001,1.30962,1.3079399999999999,1.30813,5070
2025-04-03 23:00:00+00:00,1.30814,1.31009,1.30798,1.3099,2580
2025-04-04 00:00:00+00:00,1.30979,1.30992,1.30877,1.30987,1430
2025-04-04 01:00:00+00:00,1.30983,1.31079,1.30955,1.31047,2723
2025-04-04 02:00:00+00:00,1.31048,1.31048,1.3086,1.30884,3876
2025-04-04 03:00:00+00:00,1.3088600000000001,1.31047,1.3083,1.3100800000000001,6509
2025-04-04 04:00:00+00:00,1.31007,1.31093,1.30942,1.3102,5580
2025-04-04 05:00:00+00:00,1.31021,1.31056,1.30844,1.3084500000000001,5967
2025-04-04 06:00:00+00:00,1.30843,1.31068,1.308,1.3103799999999999,6148
2025-04-04 07:00:00+00:00,1.31037,1.31075,1.30952,1.30969,5356
2025-04-04 08:00:00+00:00,1.3096999999999999,1.31131,1.30883,1.30982,5807
2025-04-04 09:00:00+00:00,1.30976,1.30997,1.30528,1.30531,8565
2025-04-04 10:00:00+00:00,1.30529,1.30647,1.30042,1.30073,10293
2025-04-04 11:00:00+00:00,1.30072,1.30142,1.2974700000000001,1.2982,10584
2025-04-04 12:00:00+00:00,1.29822,1.29911,1.2962099999999999,1.29878,9346
2025-04-04 13:00:00+00:00,1.29877,1.30316,1.29762,1.3002799999999999,13784
2025-04-04 14:00:00+00:00,1.3002500000000001,1.30307,1.29893,1.302,14693
2025-04-04 15:00:00+00:00,1.3020800000000001,1.3049,1.29892,1.30002,15378
2025-04-04 16:00:00+00:00,1.30004,1.3017,1.2978100000000001,1.29794,14563
2025-04-04 17:00:00+00:00,1.29793,1.29803,1.29222,1.29392,14973
2025-04-04 18:00:00+00:00,1.29392,1.29548,1.29067,1.29257,15484
2025-04-04 19:00:00+00:00,1.2925499999999999,1.29283,1.28874,1.2894700000000001,11479
2025-04-04 20:00:00+00:00,1.28945,1.2907199999999999,1.2856,1.29021,11357
2025-04-04 21:00:00+00:00,1.29022,1.29139,1.28791,1.28811,8142
2025-04-04 22:00:00+00:00,1.2881,1.28993,1.2867,1.28728,7249
2025-04-04 23:00:00+00:00,1.28727,1.2899,1.28517,1.28899,4003
2025-04-07 00:00:00+00:00,1.28357,1.28643,1.28236,1.28348,383
2025-04-07 01:00:00+00:00,1.28348,1.29075,1.28332,1.2877399999999999,8471
2025-04-07 02:00:00+00:00,1.28775,1.29334,1.28762,1.29073,10352
2025-04-07 03:00:00+00:00,1.29073,1.2917100000000001,1.28836,1.2909,12875
2025-04-07 04:00:00+00:00,1.29089,1.29158,1.2883499999999999,1.28849,12174
2025-04-07 05:00:00+00:00,1.28857,1.28902,1.28498,1.28592,9198
2025-04-07 06:00:00+00:00,1.2859099999999999,1.28902,1.28537,1.28858,6653
2025-04-07 07:00:00+00:00,1.28857,1.29047,1.28841,1.2901799999999999,6729
2025-04-07 08:00:00+00:00,1.29019,1.29266,1.28959,1.29245,10475
2025-04-07 09:00:00+00:00,1.29247,1.29267,1.2882500000000001,1.2901,12911
2025-04-07 10:00:00+00:00,1.29013,1.29335,1.28939,1.28941,13141
2025-04-07 11:00:00+00:00,1.28944,1.29126,1.28647,1.28707,11869
2025-04-07 12:00:00+00:00,1.28707,1.28762,1.28312,1.28361,10735
2025-04-07 13:00:00+00:00,1.28363,1.28603,1.28235,1.2824499999999999,10931
2025-04-07 14:00:00+00:00,1.28247,1.2833,1.28033,1.2824,11102
2025-04-07 15:00:00+00:00,1.28241,1.28526,1.28064,1.2836699999999999,13169
2025-04-07 16:00:00+00:00,1.28369,1.28378,1.27853,1.2800099999999999,12375
2025-04-07 17:00:00+00:00,1.28,1.28463,1.27535,1.2754699999999999,17090
2025-04-07 18:00:00+00:00,1.27548,1.27734,1.27246,1.27247,15840
2025-04-07 19:00:00+00:00,1.27248,1.27302,1.27096,1.27298,12417
2025-04-07 20:00:00+00:00,1.2730299999999999,1.2778,1.27278,1.27656,11990
2025-04-07 21:00:00+00:00,1.2766,1.27716,1.27441,1.27464,9254
2025-04-07 22:00:00+00:00,1.27463,1.27553,1.27145,1.27168,7743
2025-04-07 23:00:00+00:00,1.27167,1.2726600000000001,1.27078,1.27161,4249
2025-04-08 00:00:00+00:00,1.27169,1.27252,1.27131,1.27211,519
2025-04-08 01:00:00+00:00,1.27211,1.27378,1.27209,1.2735400000000001,3270
2025-04-08 02:00:00+00:00,1.27353,1.27378,1.27253,1.27324,4184
2025-04-08 03:00:00+00:00,1.2732299999999999,1.27654,1.2732299999999999,1.27512,8349
2025-04-08 04:00:00+00:00,1.2751299999999999,1.27776,1.27508,1.27747,9583
2025-04-08 05:00:00+00:00,1.27746,1.27914,1.27746,1.27846,5686
2025-04-08 06:00:00+00:00,1.27847,1.27859,1.27743,1.2776399999999999,5383
2025-04-08 07:00:00+00:00,1.27763,1.27909,1.27758,1.27854,5215
2025-04-08 08:00:00+00:00,1.27854,1.27854,1.27633,1.27814,6318
2025-04-08 09:00:00+00:00,1.27804,1.2796,1.27758,1.27846,8543
2025-04-08 10:00:00+00:00,1.27843,1.27847,1.27485,1.27497,10827
2025-04-08 11:00:00+00:00,1.27498,1.27715,1.27451,1.27522,8508
2025-04-08 12:00:00+00:00,1.27519,1.27523,1.2723900000000001,1.27448,8834
2025-04-08 13:00:00+00:00,1.27448,1.27685,1.27339,1.27519,8556
2025-04-08 14:00:00+00:00,1.2751700000000001,1.27828,1.27497,1.27783,8939
2025-04-08 15:00:00+00:00,1.2778399999999999,1.27955,1.27714,1.2775400000000001,9007
2025-04-08 16:00:00+00:00,1.2775400000000001,1.2793,1.27677,1.2788,11092
2025-04-08 17:00:00+00:00,1.2788,1.2791299999999999,1.2752,1.27553,12083
2025-04-08 18:00:00+00:00,1.27553,1.2775699999999999,1.27433,1.27676,9679
2025-04-08 19:00:00+00:00,1.27677,1.27839,1.2754400000000001,1.27721,10373
2025-04-08 20:00:00+00:00,1.27719,1.27868,1.27698,1.27816,10043
2025-04-08 21:00:00+00:00,1.27819,1.28141,1.27771,1.27892,9657
2025-04-08 22:00:00+00:00,1.27892,1.28015,1.27678,1.27734,9410
2025-04-08 23:00:00+00:00,1.27732,1.27795,1.27546,1.27637,4625
2025-04-09 00:00:00+00:00,1.27582,1.27613,1.27538,1.27602,1209
2025-04-09 01:00:00+00:00,1.27602,1.27863,1.27592,1.27775,4661
2025-04-09 02:00:00+00:00,1.27779,1.2791000000000001,1.27738,1.2786,5544
2025-04-09 03:00:00+00:00,1.27859,1.28152,1.27745,1.28142,9641
2025-04-09 04:00:00+00:00,1.28143,1.28453,1.28143,1.28307,10551
2025-04-09 05:00:00+00:00,1.2830599999999999,1.284,1.2812999999999999,1.28209,8253
2025-04-09 06:00:00+00:00,1.2821,1.2833700000000001,1.28139,1.28174,7640
2025-04-09 07:00:00+00:00,1.28172,1.28562,1.28141,1.28548,10241
2025-04-09 08:00:00+00:00,1.28545,1.28545,1.28236,1.28376,9502
2025-04-09 09:00:00+00:00,1.28377,1.28635,1.28178,1.28394,12358
2025-04-09 10:00:00+00:00,1.28392,1.28488,1.27918,1.27995,13181
2025-04-09 11:00:00+00:00,1.27991,1.28274,1.2786,1.28248,10372
2025-04-09 12:00:00+00:00,1.28247,1.28361,1.2812700000000001,1.28208,7855
2025-04-09 13:00:00+00:00,1.28207,1.28365,1.28072,1.2819,8321
2025-04-09 14:00:00+00:00,1.2819099999999999,1.2824900000000001,1.27722,1.27733,12865
2025-04-09 15:00:00+00:00,1.27734,1.28144,1.27698,1.2803,12303
2025-04-09 16:00:00+00:00,1.2803,1.28141,1.27709,1.2776,12713
2025-04-09 17:00:00+00:00,1.27765,1.2779,1.2751000000000001,1.27573,10871
2025-04-09 18:00:00+00:00,1.27572,1.27872,1.2752,1.27692,8344
2025-04-09 19:00:00+00:00,1.27697,1.27785,1.27586,1.2765,6943
2025-04-09 20:00:00+00:00,1.27649,1.28212,1.27432,1.2788599999999999,15588
2025-04-09 21:00:00+00:00,1.2788599999999999,1.2824200000000001,1.2742499999999999,1.28026,15499
2025-04-09 22:00:00+00:00,1.28025,1.28373,1.2799,1.2802799999999999,12968
2025-04-09 23:00:00+00:00,1.28034,1.28315,1.27925,1.28142,6026
2025-04-10 00:00:00+00:00,1.28159,1.28172,1.28121,1.28145,413
2025-04-10 01:00:00+00:00,1.28148,1.28332,1.28049,1.28224,6826
2025-04-10 02:00:00+00:00,1.28227,1.28248,1.2809300000000001,1.28243,6640
2025-04-10 03:00:00+00:00,1.28244,1.28465,1.28219,1.2843499999999999,10396
2025-04-10 04:00:00+00:00,1.2843499999999999,1.28447,1.28226,1.28281,9347
2025-04-10 05:00:00+00:00,1.2828300000000001,1.28403,1.28217,1.28377,7002
2025-04-10 06:00:00+00:00,1.28376,1.2852299999999999,1.2836699999999999,1.2846199999999999,5863
2025-04-10 07:00:00+00:00,1.28463,1.28604,1.2840500000000001,1.28589,4870
2025-04-10 08:00:00+00:00,1.2858800000000001,1.28699,1.28542,1.2859,5613
2025-04-10 09:00:00+00:00,1.28589,1.28761,1.28467,1.2867199999999999,9243
2025-04-10 10:00:00+00:00,1.2867199999999999,1.28812,1.28447,1.28765,11494
2025-04-10 11:00:00+00:00,1.2876400000000001,1.28786,1.28596,1.28689,9531
2025-04-10 12:00:00+00:00,1.28688,1.28936,1.28605,1.28909,8142
2025-04-10 13:00:00+00:00,1.28911,1.29241,1.2882500000000001,1.29124,9297
2025-04-10 14:00:00+00:00,1.29125,1.29378,1.29116,1.29311,8541
2025-04-10 15:00:00+00:00,1.29312,1.29559,1.29139,1.29243,11235
2025-04-10 16:00:00+00:00,1.29244,1.29315,1.28917,1.2922799999999999,11791
2025-04-10 17:00:00+00:00,1.29227,1.29599,1.2907199999999999,1.2959399999999999,11856
2025-04-10 18:00:00+00:00,1.29595,1.2978399999999999,1.29359,1.29372,12717
2025-04-10 19:00:00+00:00,1.29375,1.29608,1.29248,1.29536,11780
2025-04-10 20:00:00+00:00,1.29535,1.29761,1.29311,1.2974700000000001,10005
2025-04-10 21:00:00+00:00,1.29748,1.29954,1.29697,1.2980800000000001,9128
2025-04-10 22:00:00+00:00,1.2980800000000001,1.29874,1.29378,1.29697,10138
2025-04-10 23:00:00+00:00,1.2968199999999999,1.29724,1.29524,1.29661,4443
2025-04-11 00:00:00+00:00,1.29636,1.29661,1.29611,1.29627,238
2025-04-11 01:00:00+00:00,1.29629,1.29902,1.29629,1.29874,5026
2025-04-11 02:00:00+00:00,1.2987600000000001,1.29966,1.29661,1.29904,7369
2025-04-11 03:00:00+00:00,1.29912,1.30468,1.2987,1.30164,13317
2025-04-11 04:00:00+00:00,1.30163,1.30286,1.29936,1.30098,13317
2025-04-11 05:00:00+00:00,1.30097,1.3024200000000001,1.30069,1.30142,10230
2025-04-11 06:00:00+00:00,1.30141,1.30466,1.30109,1.30355,9120
2025-04-11 07:00:00+00:00,1.30356,1.30359,1.30111,1.3020800000000001,7748
2025-04-11 08:00:00+00:00,1.30207,1.30219,1.2993999999999999,1.30015,9097
2025-04-11 09:00:00+00:00,1.2999399999999999,1.30196,1.29843,1.30178,10687
2025-04-11 10:00:00+00:00,1.30176,1.30747,1.30153,1.30668,11689
2025-04-11 11:00:00+00:00,1.30668,1.31333,1.30538,1.31084,13994
2025-04-11 12:00:00+00:00,1.31081,1.31446,1.30832,1.3122099999999999,11333
2025-04-11 13:00:00+00:00,1.3122,1.3122099999999999,1.30559,1.30727,10118
2025-04-11 14:00:00+00:00,1.30727,1.3097400000000001,1.3064200000000001,1.30876,8625
2025-04-11 15:00:00+00:00,1.3087,1.31238,1.30827,1.3122,12136
2025-04-11 16:00:00+00:00,1.3122099999999999,1.3134000000000001,1.30599,1.30923,13443
2025-04-11 17:00:00+00:00,1.3097400000000001,1.3115299999999999,1.30545,1.30582,14196
2025-04-11 18:00:00+00:00,1.3058,1.30655,1.3038699999999999,1.30472,11400
2025-04-11 19:00:00+00:00,1.30466,1.30588,1.30298,1.3051,9764
2025-04-11 20:00:00+00:00,1.3050899999999999,1.30761,1.30433,1.3048899999999999,9117
2025-04-11 21:00:00+00:00,1.30488,1.307,1.30473,1.30591,8511
2025-04-11 22:00:00+00:00,1.30592,1.30831,1.30569,1.30735,6574
2025-04-11 23:00:00+00:00,1.30741,1.308,1.3063500000000001,1.3075700000000001,3925
2025-04-14 00:00:00+00:00,1.30851,1.3094999999999999,1.30775,1.30919,537
2025-04-14 01:00:00+00:00,1.30876,1.3090899999999999,1.3061099999999999,1.3078699999999999,4290
2025-04-14 02:00:00+00:00,1.30793,1.309,1.30728,1.3083,6251
2025-04-14 03:00:00+00:00,1.30831,1.31061,1.3083,1.3096700000000001,8467
2025-04-14 04:00:00+00:00,1.30968,1.3127900000000001,1.30963,1.31063,9542
2025-04-14 05:00:00+00:00,1.3106499999999999,1.31141,1.31006,1.31055,7005
2025-04-14 06:00:00+00:00,1.31057,1.31124,1.30949,1.3106200000000001,6777
2025-04-14 07:00:00+00:00,1.31061,1.31172,1.31017,1.3104,5419
2025-04-14 08:00:00+00:00,1.31039,1.31276,1.30958,1.31249,5178
2025-04-14 09:00:00+00:00,1.3125200000000001,1.31735,1.3113299999999999,1.31673,9471
2025-04-14 10:00:00+00:00,1.31674,1.3171,1.3154,1.31653,8864
2025-04-14 11:00:00+00:00,1.31654,1.3187,1.31604,1.3170600000000001,7358
2025-04-14 12:00:00+00:00,1.31708,1.31914,1.317,1.3177699999999999,6874
2025-04-14 13:00:00+00:00,1.31776,1.3197999999999999,1.31616,1.31973,6674
2025-04-14 14:00:00+00:00,1.31971,1.32006,1.31732,1.31753,5855
2025-04-14 15:00:00+00:00,1.31752,1.3177699999999999,1.31409,1.31452,8591
2025-04-14 16:00:00+00:00,1.31454,1.31583,1.31223,1.31566,12083
2025-04-14 17:00:00+00:00,1.31567,1.3191899999999999,1.31515,1.31866,9323
2025-04-14 18:00:00+00:00,1.3186499999999999,1.31878,1.31714,1.31731,9704
2025-04-14 19:00:00+00:00,1.3173,1.31918,1.31654,1.31658,8709
2025-04-14 20:00:00+00:00,1.31659,1.31875,1.31656,1.31817,7536
2025-04-14 21:00:00+00:00,1.31818,1.31975,1.31811,1.31961,5498
2025-04-14 22:00:00+00:00,1.31961,1.3199100000000001,1.3187,1.3189600000000001,4676
2025-04-14 23:00:00+00:00,1.31895,1.31903,1.31809,1.31881,4001
2025-04-15 00:00:00+00:00,1.31811,1.31849,1.31789,1.31795,320
2025-04-15 01:00:00+00:00,1.31788,1.31964,1.31779,1.3180399999999999,2405
2025-04-15 02:00:00+00:00,1.31803,1.31832,1.31671,1.31714,3439
2025-04-15 03:00:00+00:00,1.31715,1.31762,1.31635,1.31732,4907
2025-04-15 04:00:00+00:00,1.31731,1.3183799999999999,1.31689,1.31769,4402
2025-04-15 05:00:00+00:00,1.3176999999999999,1.31969,1.3176999999999999,1.31951,3699
2025-04-15 06:00:00+00:00,1.31952,1.31986,1.31897,1.3197,3028
2025-04-15 07:00:00+00:00,1.31971,1.32173,1.31943,1.32111,3781
2025-04-15 08:00:00+00:00,1.3211,1.32212,1.32005,1.32005,4375
2025-04-15 09:00:00+00:00,1.32005,1.32129,1.31836,1.31958,7437
2025-04-15 10:00:00+00:00,1.3195999999999999,1.32271,1.3187,1.3223099999999999,7653
2025-04-15 11:00:00+00:00,1.32234,1.32382,1.32177,1.3229600000000001,7492
2025-04-15 12:00:00+00:00,1.32295,1.3247,1.32259,1.32375,5774
2025-04-15 13:00:00+00:00,1.32374,1.32513,1.32317,1.32403,5109
2025-04-15 14:00:00+00:00,1.32405,1.32408,1.3218,1.32309,6449
2025-04-15 15:00:00+00:00,1.32312,1.32442,1.3219699999999999,1.32229,8354
2025-04-15 16:00:00+00:00,1.3222800000000001,1.32352,1.3214299999999999,1.32268,9469
2025-04-15 17:00:00+00:00,1.32268,1.32459,1.3204799999999999,1.32439,10344
2025-04-15 18:00:00+00:00,1.3244099999999999,1.32453,1.32173,1.32198,8646
2025-04-15 19:00:00+00:00,1.32199,1.32245,1.32054,1.32119,6572
2025-04-15 20:00:00+00:00,1.32119,1.32276,1.32074,1.32169,5236
2025-04-15 21:00:00+00:00,1.32168,1.32182,1.32055,1.32162,4670
2025-04-15 22:00:00+00:00,1.32161,1.3229199999999999,1.32119,1.32259,3815
2025-04-15 23:00:00+00:00,1.3225799999999999,1.32343,1.32245,1.32245,2197
2025-04-16 00:00:00+00:00,1.32247,1.3229600000000001,1.3215,1.32218,890
2025-04-16 01:00:00+00:00,1.32213,1.3237999999999999,1.3220100000000001,1.32361,2355
2025-04-16 02:00:00+00:00,1.32362,1.32365,1.32234,1.32303,3420
2025-04-16 03:00:00+00:00,1.32305,1.32535,1.3229,1.32458,6119
2025-04-16 04:00:00+00:00,1.3246,1.3256299999999999,1.32424,1.32487,5029
2025-04-16 05:00:00+00:00,1.32494,1.32559,1.3244099999999999,1.32484,4673
2025-04-16 06:00:00+00:00,1.3248,1.3263,1.32466,1.3263,3949
2025-04-16 07:00:00+00:00,1.32629,1.32666,1.32566,1.32637,3517
2025-04-16 08:00:00+00:00,1.32638,1.32885,1.32588,1.32808,5393
2025-04-16 09:00:00+00:00,1.32809,1.32853,1.32566,1.32618,7375
2025-04-16 10:00:00+00:00,1.32621,1.32852,1.32612,1.32834,6964
2025-04-16 11:00:00+00:00,1.32836,1.32904,1.32664,1.32885,8895
2025-04-16 12:00:00+00:00,1.32885,1.32917,1.3260100000000001,1.32677,7110
2025-04-16 13:00:00+00:00,1.3268,1.32775,1.3260100000000001,1.32641,6918
2025-04-16 14:00:00+00:00,1.32634,1.3275299999999999,1.3258,1.32717,5864
2025-04-16 15:00:00+00:00,1.3271600000000001,1.32724,1.32498,1.32592,7686
2025-04-16 16:00:00+00:00,1.32589,1.32712,1.3254299999999999,1.32616,7925
2025-04-16 17:00:00+00:00,1.32618,1.3266499999999999,1.32386,1.32569,7848
2025-04-16 18:00:00+00:00,1.3256999999999999,1.32582,1.32257,1.32444,6456
2025-04-16 19:00:00+00:00,1.32443,1.32467,1.3229899999999999,1.32331,5192
2025-04-16 20:00:00+00:00,1.32332,1.32374,1.3211300000000001,1.32162,7513
2025-04-16 21:00:00+00:00,1.32164,1.32313,1.32139,1.32295,7377
2025-04-16 22:00:00+00:00,1.32294,1.32493,1.32275,1.32372,6247
2025-04-16 23:00:00+00:00,1.32371,1.32426,1.3229899999999999,1.32398,3313
2025-04-17 00:00:00+00:00,1.32369,1.32451,1.32291,1.32402,1308
2025-04-17 01:00:00+00:00,1.3241,1.3243,1.32307,1.32361,2344
2025-04-17 02:00:00+00:00,1.32362,1.3241800000000001,1.32311,1.32322,3432
2025-04-17 03:00:00+00:00,1.3232300000000001,1.32332,1.32107,1.32117,7087
2025-04-17 04:00:00+00:00,1.32118,1.32165,1.3202099999999999,1.32142,6309
2025-04-17 05:00:00+00:00,1.3214299999999999,1.32295,1.32137,1.32249,4104
2025-04-17 06:00:00+00:00,1.3225,1.32291,1.32128,1.32132,3068
2025-04-17 07:00:00+00:00,1.3213300000000001,1.32152,1.32088,1.32095,2327
2025-04-17 08:00:00+00:00,1.32094,1.32203,1.32043,1.32091,3982
2025-04-17 09:00:00+00:00,1.3209,1.32327,1.32029,1.32269,6279
2025-04-17 10:00:00+00:00,1.32267,1.32451,1.32226,1.3242099999999999,7365
2025-04-17 11:00:00+00:00,1.32422,1.32474,1.32349,1.32391,5631
2025-04-17 12:00:00+00:00,1.3239,1.3246,1.3237999999999999,1.32406,5005
2025-04-17 13:00:00+00:00,1.32406,1.32454,1.32213,1.3223500000000001,6214
2025-04-17 14:00:00+00:00,1.32237,1.32363,1.32191,1.32269,5482
2025-04-17 15:00:00+00:00,1.3227,1.32498,1.32161,1.32487,8998
2025-04-17 16:00:00+00:00,1.32489,1.32595,1.32436,1.32568,9891
2025-04-17 17:00:00+00:00,1.32566,1.3272599999999999,1.32267,1.32322,8665
2025-04-17 18:00:00+00:00,1.32324,1.32584,1.32283,1.3256999999999999,7020
2025-04-17 19:00:00+00:00,1.3256999999999999,1.3268,1.3250600000000001,1.32577,6678
2025-04-17 20:00:00+00:00,1.32578,1.32584,1.32461,1.3256700000000001,3595
2025-04-17 21:00:00+00:00,1.32568,1.32721,1.3249900000000001,1.3268900000000001,4261
2025-04-17 22:00:00+00:00,1.3268499999999999,1.32688,1.32611,1.3265799999999999,3051
2025-04-17 23:00:00+00:00,1.32657,1.32705,1.32636,1.32637,1588
2025-04-18 00:00:00+00:00,1.32537,1.32693,1.32488,1.3262,848
2025-04-18 01:00:00+00:00,1.32609,1.32714,1.32537,1.32587,3414
2025-04-18 02:00:00+00:00,1.32581,1.3267,1.32529,1.32644,1136
2025-04-18 03:00:00+00:00,1.32644,1.32826,1.32644,1.32801,8285
2025-04-18 04:00:00+00:00,1.32797,1.3283,1.32677,1.32691,16401
2025-04-18 05:00:00+00:00,1.3268499999999999,1.32742,1.32637,1.3272300000000001,16912
2025-04-18 06:00:00+00:00,1.32718,1.32748,1.32627,1.3268,13697
2025-04-18 07:00:00+00:00,1.32678,1.32693,1.32648,1.32678,15618
2025-04-18 08:00:00+00:00,1.32672,1.32724,1.3263099999999999,1.32677,14414
2025-04-18 09:00:00+00:00,1.32674,1.32698,1.3262,1.3265500000000001,8554
2025-04-18 10:00:00+00:00,1.32646,1.3277700000000001,1.32626,1.32647,11670
2025-04-18 11:00:00+00:00,1.32647,1.32727,1.32565,1.32705,12932
2025-04-18 12:00:00+00:00,1.32705,1.32734,1.32673,1.32703,11279
2025-04-18 13:00:00+00:00,1.32696,1.32747,1.32643,1.32744,11922
2025-04-18 14:00:00+00:00,1.32749,1.32791,1.32704,1.32737,10149
2025-04-18 15:00:00+00:00,1.32733,1.32795,1.32712,1.3276,10525
2025-04-18 16:00:00+00:00,1.32759,1.32773,1.32712,1.32738,10051
2025-04-18 17:00:00+00:00,1.32736,1.32852,1.32728,1.32817,12632
2025-04-18 18:00:00+00:00,1.3281800000000001,1.3281800000000001,1.32702,1.32755,14784
2025-04-18 19:00:00+00:00,1.32754,1.32834,1.32734,1.32828,10662
2025-04-18 20:00:00+00:00,1.32826,1.3283800000000001,1.3277700000000001,1.32805,7818
2025-04-18 21:00:00+00:00,1.32805,1.32847,1.3278400000000001,1.32844,8602
2025-04-18 22:00:00+00:00,1.3284099999999999,1.32913,1.32825,1.32883,9081
2025-04-18 23:00:00+00:00,1.32878,1.32978,1.3284500000000001,1.3291,4025
2025-04-21 00:00:00+00:00,1.32718,1.32853,1.3269,1.3281,459
2025-04-21 01:00:00+00:00,1.32808,1.33042,1.32767,1.33039,4136
2025-04-21 02:00:00+00:00,1.33041,1.33195,1.33012,1.3314,3529
2025-04-21 03:00:00+00:00,1.33141,1.33555,1.33139,1.3346,6759
2025-04-21 04:00:00+00:00,1.33459,1.3359,1.33419,1.33513,4551
2025-04-21 05:00:00+00:00,1.3351,1.3378999999999999,1.33476,1.33697,5628
2025-04-21 06:00:00+00:00,1.3369900000000001,1.33865,1.33693,1.33812,4104
2025-04-21 07:00:00+00:00,1.33811,1.3383,1.3366,1.33826,3750
2025-04-21 08:00:00+00:00,1.33827,1.33954,1.3381,1.33932,4925
2025-04-21 09:00:00+00:00,1.33932,1.33968,1.33716,1.33812,5231
2025-04-21 10:00:00+00:00,1.33809,1.3414,1.3376000000000001,1.34106,5880
2025-04-21 11:00:00+00:00,1.34107,1.34157,1.33947,1.34142,5185
2025-04-21 12:00:00+00:00,1.34141,1.34218,1.34,1.34009,4671
2025-04-21 13:00:00+00:00,1.3400699999999999,1.34042,1.33857,1.33891,4156
2025-04-21 14:00:00+00:00,1.3389199999999999,1.3399,1.33788,1.33959,5221
2025-04-21 15:00:00+00:00,1.33958,1.34036,1.33806,1.34035,6052
2025-04-21 16:00:00+00:00,1.34033,1.34085,1.3385799999999999,1.3401,6938
2025-04-21 17:00:00+00:00,1.3400699999999999,1.3407,1.3385500000000001,1.33897,6838
2025-04-21 18:00:00+00:00,1.33896,1.33931,1.33774,1.33806,5576
2025-04-21 19:00:00+00:00,1.33805,1.33827,1.33745,1.3378700000000001,4192
2025-04-21 20:00:00+00:00,1.33788,1.33788,1.33623,1.33757,3779
2025-04-21 21:00:00+00:00,1.33755,1.33829,1.3370199999999999,1.33786,3385
2025-04-21 22:00:00+00:00,1.33785,1.33841,1.3372600000000001,1.33747,3672
2025-04-21 23:00:00+00:00,1.3375,1.33807,1.33737,1.33744,1807
2025-04-22 00:00:00+00:00,1.337,1.33776,1.3364,1.33755,692
2025-04-22 01:00:00+00:00,1.33753,1.33845,1.33712,1.33814,1775
2025-04-22 02:00:00+00:00,1.33818,1.33846,1.3372600000000001,1.33792,2836
2025-04-22 03:00:00+00:00,1.33793,1.338,1.33613,1.3369900000000001,5892
2025-04-22 04:00:00+00:00,1.337,1.33798,1.33698,1.3375,4304
2025-04-22 05:00:00+00:00,1.33751,1.3396,1.33748,1.33959,2697
2025-04-22 06:00:00+00:00,1.3396,1.3409900000000001,1.3394599999999999,1.34036,4098
2025-04-22 07:00:00+00:00,1.3404,1.3409200000000001,1.34006,1.34019,2636
2025-04-22 08:00:00+00:00,1.3402,1.34233,1.33929,1.3417,5816
2025-04-22 09:00:00+00:00,1.34169,1.3419400000000001,1.33856,1.33896,7469
2025-04-22 10:00:00+00:00,1.33896,1.34005,1.33705,1.33769,7182
2025-04-22 11:00:00+00:00,1.33768,1.33879,1.3368,1.33869,6506
2025-04-22 12:00:00+00:00,1.33868,1.33901,1.33621,1.33687,6056
2025-04-22 13:00:00+00:00,1.33686,1.33769,1.33625,1.33667,6233
2025-04-22 14:00:00+00:00,1.3366799999999999,1.33842,1.3364099999999999,1.33769,5607
2025-04-22 15:00:00+00:00,1.3377,1.33817,1.3355000000000001,1.33714,7147
2025-04-22 16:00:00+00:00,1.33715,1.33777,1.3357700000000001,1.33744,7575
2025-04-22 17:00:00+00:00,1.33745,1.33899,1.33696,1.33803,7305
2025-04-22 18:00:00+00:00,1.33804,1.33841,1.33714,1.3373599999999999,5793
2025-04-22 19:00:00+00:00,1.33739,1.33765,1.3342399999999999,1.33459,7881
2025-04-22 20:00:00+00:00,1.3345799999999999,1.3354300000000001,1.33392,1.33448,7062
2025-04-22 21:00:00+00:00,1.33448,1.3345500000000001,1.33313,1.3336000000000001,3954
2025-04-22 22:00:00+00:00,1.3336000000000001,1.3341,1.33297,1.3331,3912
2025-04-22 23:00:00+00:00,1.33313,1.33389,1.33255,1.3326799999999999,1488
2025-04-23 00:00:00+00:00,1.3326799999999999,1.33314,1.32833,1.32887,485
2025-04-23 01:00:00+00:00,1.32863,1.32915,1.32328,1.32546,6382
2025-04-23 02:00:00+00:00,1.3255,1.3284,1.32523,1.32717,5929
2025-04-23 03:00:00+00:00,1.3271600000000001,1.33056,1.32704,1.33051,7426
2025-04-23 04:00:00+00:00,1.3305,1.33169,1.32968,1.33107,5964
2025-04-23 05:00:00+00:00,1.33106,1.3311600000000001,1.32966,1.33084,4775
2025-04-23 06:00:00+00:00,1.33083,1.33099,1.32866,1.32919,4605
2025-04-23 07:00:00+00:00,1.32917,1.3305799999999999,1.32874,1.33049,3357
2025-04-23 08:00:00+00:00,1.3305,1.33164,1.32949,1.32984,4494
2025-04-23 09:00:00+00:00,1.32986,1.33249,1.32958,1.33202,7478
2025-04-23 10:00:00+00:00,1.33205,1.33279,1.33014,1.33054,8214
2025-04-23 11:00:00+00:00,1.3306200000000001,1.33229,1.32798,1.3319,7095
2025-04-23 12:00:00+00:00,1.33191,1.33383,1.33176,1.33221,6923
2025-04-23 13:00:00+00:00,1.3322,1.33228,1.32948,1.33012,5883
2025-04-23 14:00:00+00:00,1.33011,1.33104,1.3290199999999999,1.32989,5240
2025-04-23 15:00:00+00:00,1.3299,1.33086,1.3293,1.33035,5720
2025-04-23 16:00:00+00:00,1.33034,1.33194,1.32831,1.3284,9079
2025-04-23 17:00:00+00:00,1.32842,1.3299400000000001,1.32698,1.32741,11410
2025-04-23 18:00:00+00:00,1.32739,1.32833,1.32539,1.32545,9345
2025-04-23 19:00:00+00:00,1.32547,1.32675,1.32498,1.32605,6834
2025-04-23 20:00:00+00:00,1.32602,1.32773,1.32581,1.32717,5353
2025-04-23 21:00:00+00:00,1.3272,1.3272,1.32577,1.3265500000000001,5138
2025-04-23 22:00:00+00:00,1.32654,1.32706,1.32598,1.3265500000000001,4169
2025-04-23 23:00:00+00:00,1.32654,1.32667,1.32487,1.32487,2432
2025-04-24 00:00:00+00:00,1.32466,1.32592,1.3246,1.32538,462
2025-04-24 01:00:00+00:00,1.3253599999999999,1.32728,1.32514,1.32669,3116
2025-04-24 02:00:00+00:00,1.3267,1.3273,1.32632,1.32643,2374
2025-04-24 03:00:00+00:00,1.32644,1.32791,1.32581,1.32767,3886
2025-04-24 04:00:00+00:00,1.32766,1.32863,1.3275299999999999,1.32826,5100
2025-04-24 05:00:00+00:00,1.32826,1.32853,1.32781,1.3284,3350
2025-04-24 06:00:00+00:00,1.32839,1.32865,1.32673,1.32695,2589
2025-04-24 07:00:00+00:00,1.32694,1.32728,1.32648,1.327,2573
2025-04-24 08:00:00+00:00,1.32699,1.32744,1.32642,1.32675,3640
2025-04-24 09:00:00+00:00,1.32671,1.32805,1.32652,1.3274,4976
2025-04-24 10:00:00+00:00,1.32741,1.32964,1.32738,1.32938,5587
2025-04-24 11:00:00+00:00,1.32939,1.33095,1.3290199999999999,1.33014,5691
2025-04-24 12:00:00+00:00,1.33013,1.33164,1.32975,1.3303099999999999,4071
2025-04-24 13:00:00+00:00,1.33032,1.33203,1.32974,1.32999,4708
2025-04-24 14:00:00+00:00,1.33,1.33206,1.32996,1.3308,4884
2025-04-24 15:00:00+00:00,1.3308,1.33111,1.32972,1.33009,5589
2025-04-24 16:00:00+00:00,1.33009,1.33155,1.3299699999999999,1.33128,5526
2025-04-24 17:00:00+00:00,1.33128,1.33322,1.33086,1.3314300000000001,8265
2025-04-24 18:00:00+00:00,1.33144,1.33205,1.32895,1.33046,6553
2025-04-24 19:00:00+00:00,1.33047,1.33288,1.33018,1.3328,5248
2025-04-24 20:00:00+00:00,1.33279,1.3333599999999999,1.33165,1.33206,4085
2025-04-24 21:00:00+00:00,1.33205,1.33271,1.33147,1.33258,3452
2025-04-24 22:00:00+00:00,1.33258,1.33443,1.33239,1.3336700000000001,3364
2025-04-24 23:00:00+00:00,1.3336700000000001,1.33486,1.33331,1.33378,1902
2025-04-25 00:00:00+00:00,1.33377,1.33404,1.33225,1.33297,811
2025-04-25 01:00:00+00:00,1.33283,1.33393,1.33279,1.33366,1478
2025-04-25 02:00:00+00:00,1.3336700000000001,1.33374,1.33236,1.33269,1953
2025-04-25 03:00:00+00:00,1.33263,1.33269,1.3305500000000001,1.33067,4232
2025-04-25 04:00:00+00:00,1.33064,1.33139,1.32973,1.32988,4327
2025-04-25 05:00:00+00:00,1.32986,1.33072,1.32986,1.33048,3306
2025-04-25 06:00:00+00:00,1.33049,1.33174,1.32855,1.32866,4339
2025-04-25 07:00:00+00:00,1.32864,1.3290600000000001,1.3279,1.32867,3527
2025-04-25 08:00:00+00:00,1.32866,1.32919,1.32735,1.32774,3830
2025-04-25 09:00:00+00:00,1.32758,1.33069,1.32741,1.33045,5315
2025-04-25 10:00:00+00:00,1.33046,1.33137,1.32952,1.32976,6841
2025-04-25 11:00:00+00:00,1.32978,1.33044,1.32895,1.33016,4410
2025-04-25 12:00:00+00:00,1.33016,1.3309199999999999,1.32953,1.32988,3836
2025-04-25 13:00:00+00:00,1.32988,1.33175,1.32865,1.33172,3857
2025-04-25 14:00:00+00:00,1.33171,1.33174,1.3305,1.3306200000000001,3270
2025-04-25 15:00:00+00:00,1.33064,1.33257,1.33064,1.33226,4547
2025-04-25 16:00:00+00:00,1.33228,1.3327,1.32974,1.33052,6870
2025-04-25 17:00:00+00:00,1.33034,1.33215,1.33034,1.33077,7354
2025-04-25 18:00:00+00:00,1.33077,1.33293,1.32986,1.33282,5285
2025-04-25 19:00:00+00:00,1.33282,1.33318,1.3318400000000001,1.3318699999999999,3912
2025-04-25 20:00:00+00:00,1.33186,1.33289,1.33157,1.3324500000000001,4745
2025-04-25 21:00:00+00:00,1.33243,1.33307,1.33172,1.33288,3195
2025-04-25 22:00:00+00:00,1.33287,1.33319,1.33183,1.3318400000000001,2641
2025-04-25 23:00:00+00:00,1.3318400000000001,1.33221,1.33036,1.33042,1569
2025-04-28 00:00:00+00:00,1.33003,1.3303099999999999,1.32989,1.32989,57
2025-04-28 01:00:00+00:00,1.32999,1.33104,1.32924,1.32984,2205
2025-04-28 02:00:00+00:00,1.32985,1.33056,1.3287200000000001,1.32894,2336
2025-04-28 03:00:00+00:00,1.32895,1.3304,1.32888,1.32998,4237
2025-04-28 04:00:00+00:00,1.3299699999999999,1.33052,1.32857,1.32867,4017
2025-04-28 05:00:00+00:00,1.32867,1.32911,1.32795,1.3288,3050
2025-04-28 06:00:00+00:00,1.32881,1.32982,1.32868,1.32945,2297
2025-04-28 07:00:00+00:00,1.32944,1.33151,1.32917,1.3315000000000001,2576
2025-04-28 08:00:00+00:00,1.33148,1.33273,1.3314599999999999,1.33159,3235
2025-04-28 09:00:00+00:00,1.33154,1.33172,1.3287499999999999,1.32955,5973
2025-04-28 10:00:00+00:00,1.32956,1.331,1.3293599999999999,1.33048,5746
2025-04-28 11:00:00+00:00,1.33049,1.33332,1.33041,1.33285,5507
2025-04-28 12:00:00+00:00,1.33288,1.33541,1.33287,1.33419,5368
2025-04-28 13:00:00+00:00,1.3342,1.33459,1.33348,1.3339699999999999,3989
2025-04-28 14:00:00+00:00,1.33396,1.3342100000000001,1.33311,1.33376,4192
2025-04-28 15:00:00+00:00,1.33379,1.33534,1.33372,1.3342100000000001,5347
2025-04-28 16:00:00+00:00,1.3342100000000001,1.337,1.33405,1.33662,7010
2025-04-28 17:00:00+00:00,1.33664,1.34201,1.33637,1.33922,8666
2025-04-28 18:00:00+00:00,1.33922,1.33998,1.338,1.33928,6434
2025-04-28 19:00:00+00:00,1.33927,1.34182,1.33923,1.34125,5835
2025-04-28 20:00:00+00:00,1.34124,1.34244,1.34104,1.34111,4978
2025-04-28 21:00:00+00:00,1.3411,1.34267,1.34109,1.34256,3752
2025-04-28 22:00:00+00:00,1.34257,1.3442,1.34249,1.34385,3155
2025-04-28 23:00:00+00:00,1.34386,1.34437,1.3431,1.3431,2243
2025-04-29 00:00:00+00:00,1.34367,1.34401,1.34228,1.34326,299
2025-04-29 01:00:00+00:00,1.34332,1.34433,1.3431600000000001,1.34348,1443
2025-04-29 02:00:00+00:00,1.34351,1.34426,1.3429,1.34342,2154
2025-04-29 03:00:00+00:00,1.3434300000000001,1.34366,1.34242,1.34252,3176
2025-04-29 04:00:00+00:00,1.34249,1.34311,1.34161,1.34202,3194
2025-04-29 05:00:00+00:00,1.34201,1.34419,1.34201,1.3422399999999999,4151
2025-04-29 06:00:00+00:00,1.34225,1.34247,1.34082,1.34122,3045
2025-04-29 07:00:00+00:00,1.34121,1.34146,1.33933,1.3395299999999999,2152
2025-04-29 08:00:00+00:00,1.33954,1.3409,1.33954,1.34078,2355
2025-04-29 09:00:00+00:00,1.34079,1.34182,1.34037,1.3409499999999999,5015
2025-04-29 10:00:00+00:00,1.34105,1.34222,1.34005,1.34215,6085
2025-04-29 11:00:00+00:00,1.34215,1.34253,1.34085,1.3410199999999999,4837
2025-04-29 12:00:00+00:00,1.34103,1.3412,1.33936,1.33945,4211
2025-04-29 13:00:00+00:00,1.33947,1.33983,1.338,1.3382100000000001,4188
2025-04-29 14:00:00+00:00,1.33822,1.33923,1.33802,1.33829,3752
2025-04-29 15:00:00+00:00,1.3383,1.34137,1.33817,1.34089,5095
2025-04-29 16:00:00+00:00,1.34087,1.34169,1.33997,1.34053,6810
2025-04-29 17:00:00+00:00,1.34048,1.34207,1.33877,1.3388499999999999,7631
2025-04-29 18:00:00+00:00,1.33886,1.3409900000000001,1.33877,1.3395299999999999,5867
2025-04-29 19:00:00+00:00,1.33955,1.3419400000000001,1.33949,1.34067,4983
2025-04-29 20:00:00+00:00,1.34069,1.34079,1.33968,1.33975,3835
2025-04-29 21:00:00+00:00,1.3397700000000001,1.3404099999999999,1.33927,1.3401,3656
2025-04-29 22:00:00+00:00,1.3401100000000001,1.3407200000000001,1.33964,1.34028,2963
2025-04-29 23:00:00+00:00,1.34027,1.34104,1.33992,1.34,1760
2025-04-30 00:00:00+00:00,1.33947,1.34071,1.33914,1.34024,574
2025-04-30 01:00:00+00:00,1.34024,1.3412,1.34024,1.34088,1821
2025-04-30 02:00:00+00:00,1.34093,1.34139,1.34055,1.34113,1649
2025-04-30 03:00:00+00:00,1.34114,1.34142,1.3397999999999999,1.34017,3343
2025-04-30 04:00:00+00:00,1.34015,1.34112,1.33894,1.33907,3797
2025-04-30 05:00:00+00:00,1.33906,1.33971,1.33864,1.33897,3075
2025-04-30 06:00:00+00:00,1.33895,1.33945,1.33822,1.33835,2578
2025-04-30 07:00:00+00:00,1.33836,1.33951,1.33816,1.33902,2329
2025-04-30 08:00:00+00:00,1.339,1.3401,1.33867,1.33999,2158
2025-04-30 09:00:00+00:00,1.33985,1.3406,1.33811,1.3401100000000001,4847
2025-04-30 10:00:00+00:00,1.3401,1.3401100000000001,1.33802,1.3384800000000001,5151
2025-04-30 11:00:00+00:00,1.33859,1.33878,1.33623,1.33664,5492
2025-04-30 12:00:00+00:00,1.33666,1.33737,1.33571,1.33601,4542
2025-04-30 13:00:00+00:00,1.33602,1.33652,1.33558,1.3357,4493
2025-04-30 14:00:00+00:00,1.33571,1.33686,1.3354,1.33558,4667
2025-04-30 15:00:00+00:00,1.3356,1.33667,1.33423,1.33515,8151
2025-04-30 16:00:00+00:00,1.33514,1.33528,1.33144,1.3321399999999999,8321
2025-04-30 17:00:00+00:00,1.3321399999999999,1.3358400000000001,1.33083,1.33549,9006
2025-04-30 18:00:00+00:00,1.33547,1.3357999999999999,1.33228,1.33412,8926
2025-04-30 19:00:00+00:00,1.33411,1.3349,1.33354,1.33459,4866
2025-04-30 20:00:00+00:00,1.33459,1.33575,1.3339400000000001,1.3339699999999999,4218
2025-04-30 21:00:00+00:00,1.334,1.3351899999999999,1.3336299999999999,1.33382,4198
2025-04-30 22:00:00+00:00,1.33385,1.33449,1.33258,1.33278,2939
2025-04-30 23:00:00+00:00,1.33281,1.33316,1.33185,1.3324799999999999,3093
2025-05-01 00:00:00+00:00,1.33229,1.33308,1.33162,1.33219,574
2025-05-01 01:00:00+00:00,1.33229,1.3327499999999999,1.33217,1.3324500000000001,1622
2025-05-01 02:00:00+00:00,1.3324500000000001,1.33247,1.33183,1.33202,2006
2025-05-01 03:00:00+00:00,1.332,1.33261,1.33173,1.33185,3236
2025-05-01 04:00:00+00:00,1.33186,1.3318699999999999,1.33033,1.33073,2945
2025-05-01 05:00:00+00:00,1.33072,1.33164,1.33048,1.33132,1687
2025-05-01 06:00:00+00:00,1.3313,1.33162,1.32926,1.33004,3524
2025-05-01 07:00:00+00:00,1.33005,1.33025,1.3292,1.32925,2286
2025-05-01 08:00:00+00:00,1.32924,1.32948,1.3277999999999999,1.32886,3325
2025-05-01 09:00:00+00:00,1.32885,1.33008,1.3285,1.32889,4627
2025-05-01 10:00:00+00:00,1.32884,1.3307,1.32742,1.33052,5707
2025-05-01 11:00:00+00:00,1.33054,1.3332600000000001,1.33051,1.33243,4598
2025-05-01 12:00:00+00:00,1.33242,1.33311,1.33124,1.33149,4160
2025-05-01 13:00:00+00:00,1.3315000000000001,1.33381,1.33114,1.33378,4162
2025-05-01 14:00:00+00:00,1.33379,1.33448,1.33231,1.33236,4561
2025-05-01 15:00:00+00:00,1.33235,1.33398,1.33134,1.33154,6974
2025-05-01 16:00:00+00:00,1.3315000000000001,1.33267,1.3311,1.33231,6957
2025-05-01 17:00:00+00:00,1.33231,1.33254,1.32839,1.32946,9268
2025-05-01 18:00:00+00:00,1.32947,1.33005,1.32641,1.32722,6323
2025-05-01 19:00:00+00:00,1.32721,1.32834,1.32613,1.328,4815
2025-05-01 20:00:00+00:00,1.32803,1.32804,1.32629,1.32659,3245
2025-05-01 21:00:00+00:00,1.3265799999999999,1.32862,1.32598,1.32769,4174
2025-05-01 22:00:00+00:00,1.3277,1.3284099999999999,1.32758,1.32783,2725
2025-05-01 23:00:00+00:00,1.32782,1.32837,1.32703,1.32704,1670
2025-05-02 00:00:00+00:00,1.32656,1.32823,1.32638,1.32679,178
2025-05-02 01:00:00+00:00,1.32704,1.32854,1.32701,1.3284,1879
2025-05-02 02:00:00+00:00,1.3284099999999999,1.32863,1.32796,1.32851,1469
2025-05-02 03:00:00+00:00,1.32852,1.32893,1.32731,1.3278400000000001,4730
2025-05-02 04:00:00+00:00,1.3278699999999999,1.32894,1.32752,1.32893,4633
2025-05-02 05:00:00+00:00,1.32894,1.32996,1.32893,1.32919,2762
2025-05-02 06:00:00+00:00,1.3292,1.33098,1.32897,1.33094,2835
2025-05-02 07:00:00+00:00,1.33095,1.33131,1.33035,1.33075,3598
2025-05-02 08:00:00+00:00,1.33076,1.33213,1.33048,1.33118,2920
2025-05-02 09:00:00+00:00,1.33117,1.33205,1.3306499999999999,1.3311600000000001,5624
2025-05-02 10:00:00+00:00,1.33115,1.33183,1.32978,1.32986,6124
2025-05-02 11:00:00+00:00,1.32987,1.32989,1.32816,1.3290899999999999,5138
2025-05-02 12:00:00+00:00,1.32901,1.33151,1.32857,1.33097,5283
2025-05-02 13:00:00+00:00,1.33099,1.33104,1.32869,1.32892,4522
2025-05-02 14:00:00+00:00,1.32893,1.33068,1.32858,1.32937,5014
2025-05-02 15:00:00+00:00,1.32938,1.3298,1.32602,1.32903,9674
2025-05-02 16:00:00+00:00,1.32905,1.3330199999999999,1.32826,1.33193,10259
2025-05-02 17:00:00+00:00,1.33197,1.33293,1.33096,1.33206,9427
2025-05-02 18:00:00+00:00,1.33203,1.33283,1.32766,1.32804,7532
2025-05-02 19:00:00+00:00,1.32803,1.32965,1.32754,1.32829,7390
2025-05-02 20:00:00+00:00,1.32828,1.32934,1.3272599999999999,1.32767,5229
2025-05-02 21:00:00+00:00,1.32768,1.3281399999999999,1.32668,1.32734,4479
2025-05-02 22:00:00+00:00,1.32734,1.32833,1.32732,1.3277,3000
2025-05-02 23:00:00+00:00,1.32769,1.32786,1.32626,1.32644,1816
2025-05-05 00:00:00+00:00,1.32569,1.3262399999999999,1.32569,1.32596,65
2025-05-05 01:00:00+00:00,1.32596,1.32741,1.32592,1.3262800000000001,1874
2025-05-05 02:00:00+00:00,1.32637,1.3276,1.32608,1.3269199999999999,2360
2025-05-05 03:00:00+00:00,1.32688,1.32715,1.32612,1.32705,3466
2025-05-05 04:00:00+00:00,1.32707,1.32965,1.32707,1.32883,5190
2025-05-05 05:00:00+00:00,1.32885,1.33,1.32822,1.32971,3138
2025-05-05 06:00:00+00:00,1.32972,1.32972,1.32837,1.32881,2594
2025-05-05 07:00:00+00:00,1.32882,1.32959,1.32857,1.32942,2395
2025-05-05 08:00:00+00:00,1.32947,1.33063,1.3290199999999999,1.32927,3824
2025-05-05 09:00:00+00:00,1.32927,1.32976,1.32748,1.32801,5560
2025-05-05 10:00:00+00:00,1.32799,1.32912,1.32748,1.32796,4951
2025-05-05 11:00:00+00:00,1.32795,1.32913,1.32764,1.3281,4913
2025-05-05 12:00:00+00:00,1.3281399999999999,1.33038,1.3281399999999999,1.33026,4687
2025-05-05 13:00:00+00:00,1.33025,1.33093,1.32942,1.33064,4180
2025-05-05 14:00:00+00:00,1.33063,1.3325,1.3305799999999999,1.33159,4647
2025-05-05 15:00:00+00:00,1.33158,1.33352,1.33149,1.3330199999999999,5920
2025-05-05 16:00:00+00:00,1.33303,1.33361,1.33174,1.33208,6688
2025-05-05 17:00:00+00:00,1.33182,1.33182,1.32995,1.33054,8319
2025-05-05 18:00:00+00:00,1.3305500000000001,1.3309,1.32796,1.3281100000000001,5455
2025-05-05 19:00:00+00:00,1.3281,1.32813,1.32696,1.32731,4199
2025-05-05 20:00:00+00:00,1.32732,1.32832,1.32712,1.32771,2940
2025-05-05 21:00:00+00:00,1.3277,1.32905,1.32747,1.3288,2772
2025-05-05 22:00:00+00:00,1.3287900000000001,1.32992,1.32866,1.32926,2809
2025-05-05 23:00:00+00:00,1.32926,1.32985,1.329,1.32903,1448
2025-05-06 00:00:00+00:00,1.3288,1.32954,1.32832,1.3287499999999999,422
2025-05-06 01:00:00+00:00,1.32876,1.32965,1.32876,1.329,864
2025-05-06 02:00:00+00:00,1.3290199999999999,1.32942,1.3287900000000001,1.3290199999999999,987
2025-05-06 03:00:00+00:00,1.32901,1.32924,1.3266499999999999,1.3268900000000001,3923
2025-05-06 04:00:00+00:00,1.32687,1.32749,1.32593,1.32725,4811
2025-05-06 05:00:00+00:00,1.3272300000000001,1.32919,1.3271,1.32859,4037
2025-05-06 06:00:00+00:00,1.3286,1.3296299999999999,1.3282,1.32944,2939
2025-05-06 07:00:00+00:00,1.32943,1.33051,1.32937,1.33019,2600
2025-05-06 08:00:00+00:00,1.3302100000000001,1.33035,1.32857,1.32891,2630
2025-05-06 09:00:00+00:00,1.32889,1.3304,1.32849,1.33011,5311
2025-05-06 10:00:00+00:00,1.33012,1.33284,1.33011,1.33186,6427
2025-05-06 11:00:00+00:00,1.33188,1.33332,1.33134,1.33147,6375
2025-05-06 12:00:00+00:00,1.3314599999999999,1.33166,1.33073,1.33159,5469
2025-05-06 13:00:00+00:00,1.33158,1.33535,1.33131,1.33502,4884
2025-05-06 14:00:00+00:00,1.33503,1.33741,1.3348,1.33693,5153
2025-05-06 15:00:00+00:00,1.33694,1.3402,1.3364,1.33958,5735
2025-05-06 16:00:00+00:00,1.33958,1.33963,1.3379400000000001,1.33849,6737
2025-05-06 17:00:00+00:00,1.3385,1.33967,1.33646,1.3371,8019
2025-05-06 18:00:00+00:00,1.33711,1.33724,1.33558,1.3366500000000001,5274
2025-05-06 19:00:00+00:00,1.33666,1.3369900000000001,1.3351,1.33574,5953
2025-05-06 20:00:00+00:00,1.3357700000000001,1.33778,1.33558,1.33657,4832
2025-05-06 21:00:00+00:00,1.33656,1.33765,1.33589,1.33757,3975
2025-05-06 22:00:00+00:00,1.33755,1.33863,1.33711,1.33782,3728
2025-05-06 23:00:00+00:00,1.33781,1.33813,1.33567,1.33625,2214
2025-05-07 00:00:00+00:00,1.33631,1.33749,1.33579,1.33705,589
2025-05-07 01:00:00+00:00,1.3369900000000001,1.33712,1.33444,1.33493,3410
2025-05-07 02:00:00+00:00,1.33488,1.33563,1.33427,1.33511,3172
2025-05-07 03:00:00+00:00,1.3351,1.33601,1.33324,1.33514,6004
2025-05-07 04:00:00+00:00,1.33515,1.33617,1.3335,1.33508,6687
2025-05-07 05:00:00+00:00,1.33505,1.33535,1.334,1.33452,5135
2025-05-07 06:00:00+00:00,1.33453,1.33488,1.33376,1.3345500000000001,3222
2025-05-07 07:00:00+00:00,1.33454,1.33545,1.33409,1.33418,2450
2025-05-07 08:00:00+00:00,1.33419,1.33599,1.33405,1.3357,3493
2025-05-07 09:00:00+00:00,1.3357299999999999,1.3366799999999999,1.33525,1.33642,4627
2025-05-07 10:00:00+00:00,1.33639,1.33639,1.3344,1.3351600000000001,6352
2025-05-07 11:00:00+00:00,1.3351600000000001,1.33569,1.33349,1.33353,6073
2025-05-07 12:00:00+00:00,1.33351,1.3338700000000001,1.33222,1.33332,5097
2025-05-07 13:00:00+00:00,1.33331,1.33505,1.33322,1.3345099999999999,3594
2025-05-07 14:00:00+00:00,1.33452,1.33575,1.3343099999999999,1.33474,4411
2025-05-07 15:00:00+00:00,1.33476,1.33677,1.3345500000000001,1.33663,5003
2025-05-07 16:00:00+00:00,1.33662,1.33708,1.33574,1.33637,5440
2025-05-07 17:00:00+00:00,1.3363399999999999,1.33766,1.33565,1.33655,5852
2025-05-07 18:00:00+00:00,1.33655,1.33666,1.33379,1.3342100000000001,5645
2025-05-07 19:00:00+00:00,1.3342100000000001,1.33513,1.33319,1.33474,3894
2025-05-07 20:00:00+00:00,1.33477,1.33488,1.33286,1.3330600000000001,3666
2025-05-07 21:00:00+00:00,1.33308,1.33528,1.33,1.3321399999999999,9414
2025-05-07 22:00:00+00:00,1.3322,1.33224,1.3289,1.32964,8278
2025-05-07 23:00:00+00:00,1.3296299999999999,1.32977,1.32793,1.3289,2637
2025-05-08 00:00:00+00:00,1.32857,1.3295,1.32833,1.3293599999999999,340
2025-05-08 01:00:00+00:00,1.32937,1.32944,1.32851,1.32864,1708
2025-05-08 02:00:00+00:00,1.32861,1.32948,1.32861,1.32896,1367
2025-05-08 03:00:00+00:00,1.329,1.33068,1.32892,1.32953,3772
2025-05-08 04:00:00+00:00,1.32952,1.33444,1.32931,1.33415,5661
2025-05-08 05:00:00+00:00,1.33415,1.33513,1.3332600000000001,1.33418,4257
2025-05-08 06:00:00+00:00,1.33417,1.33559,1.33414,1.33443,3300
2025-05-08 07:00:00+00:00,1.33443,1.3347,1.3330899999999999,1.33316,2690
2025-05-08 08:00:00+00:00,1.33315,1.33327,1.33012,1.3321100000000001,4356
2025-05-08 09:00:00+00:00,1.3321,1.33219,1.32762,1.32817,6904
2025-05-08 10:00:00+00:00,1.3281800000000001,1.32912,1.3266499999999999,1.329,6320
2025-05-08 11:00:00+00:00,1.3289900000000001,1.32948,1.32606,1.3265799999999999,6211
2025-05-08 12:00:00+00:00,1.32659,1.32804,1.32603,1.32749,4999
2025-05-08 13:00:00+00:00,1.32752,1.32947,1.32615,1.32622,4837
2025-05-08 14:00:00+00:00,1.32623,1.33324,1.3241100000000001,1.33255,6600
2025-05-08 15:00:00+00:00,1.33255,1.33417,1.3318699999999999,1.33235,6931
2025-05-08 16:00:00+00:00,1.33234,1.33445,1.33234,1.33347,6992
2025-05-08 17:00:00+00:00,1.33344,1.33441,1.3306200000000001,1.3308200000000001,6947
2025-05-08 18:00:00+00:00,1.3308900000000001,1.33169,1.3272599999999999,1.32839,8628
2025-05-08 19:00:00+00:00,1.32837,1.32851,1.3261,1.32652,7156
2025-05-08 20:00:00+00:00,1.32653,1.32667,1.32453,1.32572,5067
2025-05-08 21:00:00+00:00,1.32572,1.32617,1.32481,1.32508,3716
2025-05-08 22:00:00+00:00,1.32507,1.3253599999999999,1.32358,1.32435,4291
2025-05-08 23:00:00+00:00,1.32435,1.32487,1.32371,1.3241399999999999,1876
2025-05-09 00:00:00+00:00,1.32415,1.3250600000000001,1.324,1.3245,752
2025-05-09 01:00:00+00:00,1.32461,1.32507,1.32449,1.32495,1394
2025-05-09 02:00:00+00:00,1.32496,1.32497,1.32324,1.3238699999999999,1560
2025-05-09 03:00:00+00:00,1.32389,1.32428,1.32189,1.32394,3953
2025-05-09 04:00:00+00:00,1.32393,1.32413,1.3223500000000001,1.32253,4338
2025-05-09 05:00:00+00:00,1.32252,1.32342,1.32115,1.32334,4618
2025-05-09 06:00:00+00:00,1.32331,1.3242,1.32293,1.32309,3985
2025-05-09 07:00:00+00:00,1.32308,1.32383,1.32302,1.32359,3097
2025-05-09 08:00:00+00:00,1.32356,1.32413,1.3223099999999999,1.32408,3344
2025-05-09 09:00:00+00:00,1.32408,1.32464,1.32339,1.32416,4261
2025-05-09 10:00:00+00:00,1.32416,1.3269,1.32409,1.32616,5479
2025-05-09 11:00:00+00:00,1.32617,1.32705,1.32534,1.32697,4503
2025-05-09 12:00:00+00:00,1.32697,1.32782,1.32614,1.32679,4192
2025-05-09 13:00:00+00:00,1.3268,1.32775,1.3262399999999999,1.32683,4062
2025-05-09 14:00:00+00:00,1.32683,1.32851,1.32648,1.32758,4937
2025-05-09 15:00:00+00:00,1.32758,1.32864,1.3272,1.32847,4382
2025-05-09 16:00:00+00:00,1.32847,1.3296999999999999,1.32834,1.32865,5164
2025-05-09 17:00:00+00:00,1.32866,1.33171,1.32836,1.33037,6424
2025-05-09 18:00:00+00:00,1.33037,1.33152,1.32929,1.33152,5129
2025-05-09 19:00:00+00:00,1.33151,1.33223,1.33043,1.33068,3685
2025-05-09 20:00:00+00:00,1.33067,1.33185,1.33015,1.33144,3264
2025-05-09 21:00:00+00:00,1.33144,1.33173,1.33094,1.33144,2798
2025-05-09 22:00:00+00:00,1.33145,1.33151,1.33023,1.3311,2032
2025-05-09 23:00:00+00:00,1.33109,1.33109,1.3296299999999999,1.33019,1865
2025-05-12 00:00:00+00:00,1.32537,1.32765,1.32537,1.32633,460
2025-05-12 01:00:00+00:00,1.32616,1.32918,1.32616,1.32852,2404
2025-05-12 02:00:00+00:00,1.32855,1.32943,1.32831,1.3284,2344
2025-05-12 03:00:00+00:00,1.32843,1.3290199999999999,1.3274,1.32887,4601
2025-05-12 04:00:00+00:00,1.32884,1.32937,1.32745,1.32779,6563
2025-05-12 05:00:00+00:00,1.32779,1.329,1.3277,1.32822,4205
2025-05-12 06:00:00+00:00,1.3281800000000001,1.32912,1.3277999999999999,1.32907,3084
2025-05-12 07:00:00+00:00,1.32907,1.32929,1.3281800000000001,1.32856,2249
2025-05-12 08:00:00+00:00,1.32857,1.32877,1.32735,1.32809,3178
2025-05-12 09:00:00+00:00,1.3281399999999999,1.32989,1.32805,1.32849,4778
2025-05-12 10:00:00+00:00,1.3284799999999999,1.32889,1.31626,1.3168199999999999,12108
2025-05-12 11:00:00+00:00,1.31687,1.32026,1.31589,1.31937,9426
2025-05-12 12:00:00+00:00,1.31935,1.32038,1.3185799999999999,1.3197,6266
2025-05-12 13:00:00+00:00,1.31967,1.31967,1.31391,1.31409,6929
2025-05-12 14:00:00+00:00,1.31407,1.31834,1.314,1.31765,6491
2025-05-12 15:00:00+00:00,1.31764,1.32008,1.31719,1.31955,6366
2025-05-12 16:00:00+00:00,1.31955,1.3213,1.3191899999999999,1.31997,7365
2025-05-12 17:00:00+00:00,1.31998,1.32124,1.31918,1.32007,8799
2025-05-12 18:00:00+00:00,1.32008,1.32145,1.31884,1.31905,6287
2025-05-12 19:00:00+00:00,1.31906,1.31967,1.31764,1.31776,5449
2025-05-12 20:00:00+00:00,1.31776,1.31783,1.31635,1.3175,4051
2025-05-12 21:00:00+00:00,1.31749,1.31825,1.31615,1.31798,3929
2025-05-12 22:00:00+00:00,1.31799,1.31843,1.3174299999999999,1.31781,3976
2025-05-12 23:00:00+00:00,1.31779,1.31808,1.3173599999999999,1.31738,2004
2025-05-13 00:00:00+00:00,1.31738,1.3177400000000001,1.31624,1.31668,1140
2025-05-13 01:00:00+00:00,1.31668,1.31765,1.31668,1.31755,1588
2025-05-13 02:00:00+00:00,1.31756,1.31817,1.31707,1.3176999999999999,2047
2025-05-13 03:00:00+00:00,1.3176999999999999,1.3185,1.31731,1.3177699999999999,3877
2025-05-13 04:00:00+00:00,1.3178,1.31872,1.31745,1.31837,4626
2025-05-13 05:00:00+00:00,1.31839,1.31913,1.31786,1.31819,3318
2025-05-13 06:00:00+00:00,1.31819,1.31993,1.31785,1.31979,3198
2025-05-13 07:00:00+00:00,1.31978,1.32005,1.31897,1.32005,2606
2025-05-13 08:00:00+00:00,1.32006,1.32063,1.31925,1.3199100000000001,3090
2025-05-13 09:00:00+00:00,1.31989,1.32065,1.31891,1.31975,4911
2025-05-13 10:00:00+00:00,1.31969,1.32115,1.31948,1.3211300000000001,5679
2025-05-13 11:00:00+00:00,1.3211300000000001,1.32166,1.31998,1.32112,5041
2025-05-13 12:00:00+00:00,1.32111,1.32199,1.32054,1.3213,4582
2025-05-13 13:00:00+00:00,1.32128,1.3216999999999999,1.3202099999999999,1.3203,4270
2025-05-13 14:00:00+00:00,1.32029,1.32147,1.32016,1.3213300000000001,3600
2025-05-13 15:00:00+00:00,1.3213300000000001,1.3244,1.32119,1.32428,6701
2025-05-13 16:00:00+00:00,1.32426,1.32487,1.32207,1.32259,7881
2025-05-13 17:00:00+00:00,1.3226,1.32599,1.32227,1.3259,7669
2025-05-13 18:00:00+00:00,1.32591,1.328,1.32566,1.32767,6141
2025-05-13 19:00:00+00:00,1.32768,1.32942,1.32709,1.32919,4345
2025-05-13 20:00:00+00:00,1.32921,1.3303099999999999,1.32867,1.32993,3512
2025-05-13 21:00:00+00:00,1.32991,1.33019,1.32955,1.32996,3147
2025-05-13 22:00:00+00:00,1.32996,1.33076,1.32979,1.3305,2736
2025-05-13 23:00:00+00:00,1.33051,1.33156,1.33015,1.3303099999999999,2030
2025-05-14 00:00:00+00:00,1.33023,1.3305500000000001,1.33013,1.33037,334
2025-05-14 01:00:00+00:00,1.33036,1.33135,1.33027,1.33131,1315
2025-05-14 02:00:00+00:00,1.33136,1.33136,1.33023,1.3303099999999999,1506
2025-05-14 03:00:00+00:00,1.3303,1.33159,1.32986,1.33133,3676
2025-05-14 04:00:00+00:00,1.33131,1.33195,1.33052,1.33076,4917
2025-05-14 05:00:00+00:00,1.33079,1.3309199999999999,1.32983,1.3303099999999999,3548
2025-05-14 06:00:00+00:00,1.3303,1.33087,1.32977,1.33083,2472
2025-05-14 07:00:00+00:00,1.3308499999999999,1.3312,1.3302399999999999,1.33035,2119
2025-05-14 08:00:00+00:00,1.33035,1.3309,1.32998,1.33009,2918
2025-05-14 09:00:00+00:00,1.33012,1.33111,1.32903,1.32987,4773
2025-05-14 10:00:00+00:00,1.32985,1.33303,1.32977,1.33282,5950
2025-05-14 11:00:00+00:00,1.33285,1.33583,1.3326500000000001,1.33464,8125
2025-05-14 12:00:00+00:00,1.33467,1.33596,1.33368,1.33491,7134
2025-05-14 13:00:00+00:00,1.3349,1.33517,1.33355,1.3348200000000001,4474
2025-05-14 14:00:00+00:00,1.33484,1.33502,1.33264,1.3332899999999999,4593
2025-05-14 15:00:00+00:00,1.33328,1.33385,1.33156,1.33247,6536
2025-05-14 16:00:00+00:00,1.33247,1.33287,1.33094,1.33164,7416
2025-05-14 17:00:00+00:00,1.33163,1.33169,1.32865,1.33035,7846
2025-05-14 18:00:00+00:00,1.3304,1.33046,1.32886,1.33,7359
2025-05-14 19:00:00+00:00,1.3299699999999999,1.33095,1.327,1.3282,6380
2025-05-14 20:00:00+00:00,1.32819,1.3287900000000001,1.3274599999999999,1.32785,4383
2025-05-14 21:00:00+00:00,1.32786,1.32795,1.32595,1.32644,4469
2025-05-14 22:00:00+00:00,1.32642,1.32645,1.32527,1.32596,4314
2025-05-14 23:00:00+00:00,1.32592,1.32652,1.32537,1.3254000000000001,1658
2025-05-15 00:00:00+00:00,1.32561,1.3259699999999999,1.32514,1.32527,627
2025-05-15 01:00:00+00:00,1.32532,1.3265799999999999,1.32532,1.32643,1301
2025-05-15 02:00:00+00:00,1.32646,1.3268499999999999,1.32607,1.32629,1702
2025-05-15 03:00:00+00:00,1.3263,1.3274,1.32587,1.32717,3431
2025-05-15 04:00:00+00:00,1.3271899999999999,1.32839,1.32717,1.32757,4865
2025-05-15 05:00:00+00:00,1.32757,1.32802,1.32717,1.32795,4189
2025-05-15 06:00:00+00:00,1.32794,1.32862,1.32762,1.32801,3640
2025-05-15 07:00:00+00:00,1.32801,1.32828,1.32731,1.3274,2699
2025-05-15 08:00:00+00:00,1.32739,1.32786,1.32618,1.32702,3708
2025-05-15 09:00:00+00:00,1.32702,1.33045,1.32694,1.33035,5454
2025-05-15 10:00:00+00:00,1.33033,1.33043,1.32668,1.3267,5839
2025-05-15 11:00:00+00:00,1.3267,1.32947,1.32625,1.3289,5050
2025-05-15 12:00:00+00:00,1.32891,1.32944,1.32802,1.32868,4759
2025-05-15 13:00:00+00:00,1.32869,1.32989,1.3282,1.32898,4642
2025-05-15 14:00:00+00:00,1.32901,1.32934,1.32668,1.32697,4893
2025-05-15 15:00:00+00:00,1.327,1.3308499999999999,1.32699,1.33047,7178
2025-05-15 16:00:00+00:00,1.33047,1.33192,1.32918,1.32923,8333
2025-05-15 17:00:00+00:00,1.32924,1.3302800000000001,1.3263,1.3278400000000001,7799
2025-05-15 18:00:00+00:00,1.32781,1.32948,1.3275000000000001,1.32889,6243
2025-05-15 19:00:00+00:00,1.32889,1.32962,1.32815,1.32883,4684
2025-05-15 20:00:00+00:00,1.32884,1.33002,1.32859,1.32868,3819
2025-05-15 21:00:00+00:00,1.32869,1.33008,1.32865,1.32978,3591
2025-05-15 22:00:00+00:00,1.32979,1.33071,1.32927,1.3305,2729
2025-05-15 23:00:00+00:00,1.33049,1.3308200000000001,1.32969,1.32969,2077
2025-05-16 00:00:00+00:00,1.3296700000000001,1.33037,1.32946,1.32979,701
2025-05-16 01:00:00+00:00,1.32974,1.3309199999999999,1.32974,1.33079,1650
2025-05-16 02:00:00+00:00,1.33077,1.3309199999999999,1.33027,1.33027,1587
2025-05-16 03:00:00+00:00,1.33022,1.3317,1.33007,1.33136,5170
2025-05-16 04:00:00+00:00,1.33136,1.33183,1.33099,1.33149,4574
2025-05-16 05:00:00+00:00,1.3315000000000001,1.33174,1.33059,1.33103,3780
2025-05-16 06:00:00+00:00,1.33103,1.33182,1.33078,1.33114,3197
2025-05-16 07:00:00+00:00,1.33114,1.3319,1.33083,1.3317999999999999,3124
2025-05-16 08:00:00+00:00,1.33181,1.33274,1.33157,1.3325,3378
2025-05-16 09:00:00+00:00,1.33251,1.33323,1.33174,1.3323800000000001,4563
2025-05-16 10:00:00+00:00,1.33239,1.33284,1.33118,1.33139,5287
2025-05-16 11:00:00+00:00,1.3314,1.33165,1.33009,1.33041,4551
2025-05-16 12:00:00+00:00,1.3304,1.33084,1.329,1.3292,4171
2025-05-16 13:00:00+00:00,1.32918,1.3295,1.32822,1.3290600000000001,4201
2025-05-16 14:00:00+00:00,1.3290600000000001,1.33012,1.32817,1.3282,4099
2025-05-16 15:00:00+00:00,1.32822,1.32871,1.32728,1.32827,4706
2025-05-16 16:00:00+00:00,1.32828,1.32988,1.32782,1.32916,5779
2025-05-16 17:00:00+00:00,1.32931,1.32961,1.32527,1.32651,8250
2025-05-16 18:00:00+00:00,1.3265,1.32695,1.32545,1.32553,5736
2025-05-16 19:00:00+00:00,1.32554,1.3268900000000001,1.3249900000000001,1.32683,4998
2025-05-16 20:00:00+00:00,1.3268499999999999,1.32745,1.32673,1.32708,3492
2025-05-16 21:00:00+00:00,1.32709,1.3279,1.3267,1.3277700000000001,3299
2025-05-16 22:00:00+00:00,1.3277700000000001,1.32831,1.32737,1.32755,2939
2025-05-16 23:00:00+00:00,1.3275299999999999,1.3287,1.32724,1.32765,2575
2025-05-19 00:00:00+00:00,1.3265,1.32789,1.32635,1.32709,118
2025-05-19 01:00:00+00:00,1.32709,1.33039,1.32709,1.33002,2110
2025-05-19 02:00:00+00:00,1.33003,1.33045,1.32939,1.33045,2254
2025-05-19 03:00:00+00:00,1.33048,1.33132,1.32987,1.33124,5884
2025-05-19 04:00:00+00:00,1.33124,1.33134,1.32929,1.3295,4836
2025-05-19 05:00:00+00:00,1.3295,1.33042,1.3289900000000001,1.3296299999999999,4304
2025-05-19 06:00:00+00:00,1.32964,1.33006,1.32945,1.3296700000000001,3491
2025-05-19 07:00:00+00:00,1.32966,1.33019,1.32911,1.32983,2838
2025-05-19 08:00:00+00:00,1.32984,1.33041,1.32921,1.32993,3681
2025-05-19 09:00:00+00:00,1.32993,1.33232,1.32948,1.33205,5242
2025-05-19 10:00:00+00:00,1.3320400000000001,1.33724,1.33196,1.3367,7423
2025-05-19 11:00:00+00:00,1.33677,1.33695,1.33473,1.33669,5993
2025-05-19 12:00:00+00:00,1.3367,1.33968,1.33623,1.33959,6688
2025-05-19 13:00:00+00:00,1.3396,1.3403399999999999,1.33874,1.33884,6059
2025-05-19 14:00:00+00:00,1.33884,1.3389,1.33747,1.33815,4977
2025-05-19 15:00:00+00:00,1.33814,1.33827,1.33677,1.33704,5719
2025-05-19 16:00:00+00:00,1.33705,1.33753,1.33599,1.33659,7644
2025-05-19 17:00:00+00:00,1.33657,1.33693,1.33533,1.3366799999999999,7003
2025-05-19 18:00:00+00:00,1.33669,1.33717,1.33526,1.33542,5646
2025-05-19 19:00:00+00:00,1.33542,1.33571,1.3345099999999999,1.3354,4708
2025-05-19 20:00:00+00:00,1.33541,1.33578,1.3346,1.33497,4027
2025-05-19 21:00:00+00:00,1.33498,1.33572,1.33444,1.33549,3695
2025-05-19 22:00:00+00:00,1.33549,1.33606,1.33503,1.33591,2739
2025-05-19 23:00:00+00:00,1.33589,1.3364,1.33579,1.33591,2029
2025-05-20 00:00:00+00:00,1.33587,1.33615,1.3347,1.33567,822
2025-05-20 01:00:00+00:00,1.33569,1.3360699999999999,1.33529,1.33557,1917
2025-05-20 02:00:00+00:00,1.33558,1.33606,1.3354,1.33586,1407
2025-05-20 03:00:00+00:00,1.33585,1.33587,1.33443,1.33555,4260
2025-05-20 04:00:00+00:00,1.33558,1.33734,1.33549,1.33569,5096
2025-05-20 05:00:00+00:00,1.33569,1.3367,1.33465,1.33533,3846
2025-05-20 06:00:00+00:00,1.3353,1.33697,1.33507,1.33662,3898
2025-05-20 07:00:00+00:00,1.3366500000000001,1.33695,1.3361,1.33635,3616
2025-05-20 08:00:00+00:00,1.33635,1.33822,1.33632,1.33755,4922
2025-05-20 09:00:00+00:00,1.33756,1.33819,1.33662,1.33685,5711
2025-05-20 10:00:00+00:00,1.33687,1.33945,1.33651,1.33915,5956
2025-05-20 11:00:00+00:00,1.3391600000000001,1.33931,1.33717,1.3373,5547
2025-05-20 12:00:00+00:00,1.3372899999999999,1.33837,1.33679,1.33714,4603
2025-05-20 13:00:00+00:00,1.33713,1.33728,1.33535,1.33622,4617
2025-05-20 14:00:00+00:00,1.33624,1.33717,1.33579,1.33613,4226
2025-05-20 15:00:00+00:00,1.33613,1.33632,1.33348,1.33398,5083
2025-05-20 16:00:00+00:00,1.3339699999999999,1.33599,1.33341,1.33563,6941
2025-05-20 17:00:00+00:00,1.33567,1.3373599999999999,1.33558,1.33684,7672
2025-05-20 18:00:00+00:00,1.33685,1.3372600000000001,1.33572,1.33687,5320
2025-05-20 19:00:00+00:00,1.33687,1.3373,1.33585,1.33708,4641
2025-05-20 20:00:00+00:00,1.3370600000000001,1.33853,1.33692,1.33801,4124
2025-05-20 21:00:00+00:00,1.33801,1.33868,1.3376299999999999,1.3378,4515
2025-05-20 22:00:00+00:00,1.33781,1.33903,1.3377,1.33871,3574
2025-05-20 23:00:00+00:00,1.33872,1.33935,1.33853,1.33917,2058
2025-05-21 00:00:00+00:00,1.3391199999999999,1.3391199999999999,1.33762,1.33833,492
2025-05-21 01:00:00+00:00,1.33833,1.33937,1.3382399999999999,1.33911,1637
2025-05-21 02:00:00+00:00,1.33911,1.3397700000000001,1.33901,1.33967,1537
2025-05-21 03:00:00+00:00,1.33968,1.34112,1.33941,1.3408,3700
2025-05-21 04:00:00+00:00,1.3408,1.3412,1.33982,1.34085,4188
2025-05-21 05:00:00+00:00,1.34084,1.34264,1.3407499999999999,1.34229,4473
2025-05-21 06:00:00+00:00,1.3423,1.34351,1.34202,1.343,3818
2025-05-21 07:00:00+00:00,1.343,1.34352,1.3425799999999999,1.343,3030
2025-05-21 08:00:00+00:00,1.34299,1.34375,1.34272,1.34326,3367
2025-05-21 09:00:00+00:00,1.3432,1.34686,1.34223,1.3445,7350
2025-05-21 10:00:00+00:00,1.34449,1.34456,1.34094,1.3412,7291
2025-05-21 11:00:00+00:00,1.34119,1.3418999999999999,1.33902,1.33984,5144
2025-05-21 12:00:00+00:00,1.33984,1.341,1.33879,1.34097,4473
2025-05-21 13:00:00+00:00,1.34098,1.3437700000000001,1.34051,1.34121,5932
2025-05-21 14:00:00+00:00,1.34122,1.34165,1.33958,1.34139,5717
2025-05-21 15:00:00+00:00,1.34139,1.34232,1.33998,1.34222,6700
2025-05-21 16:00:00+00:00,1.3422399999999999,1.34364,1.3414,1.34328,6877
2025-05-21 17:00:00+00:00,1.34327,1.34426,1.34231,1.3435000000000001,7632
2025-05-21 18:00:00+00:00,1.34349,1.34494,1.34301,1.34446,5774
2025-05-21 19:00:00+00:00,1.34444,1.3451,1.3441100000000001,1.34462,4920
2025-05-21 20:00:00+00:00,1.34462,1.34522,1.34318,1.34378,7528
2025-05-21 21:00:00+00:00,1.34378,1.3437999999999999,1.34262,1.34271,5223
2025-05-21 22:00:00+00:00,1.3427,1.3434,1.3415300000000001,1.34158,4708
2025-05-21 23:00:00+00:00,1.34158,1.34235,1.34125,1.34183,2291
2025-05-22 00:00:00+00:00,1.34171,1.34178,1.34106,1.34154,411
2025-05-22 01:00:00+00:00,1.34155,1.34165,1.34043,1.34046,2252
2025-05-22 02:00:00+00:00,1.34043,1.34201,1.34042,1.342,2362
2025-05-22 03:00:00+00:00,1.342,1.34311,1.34196,1.34241,5578
2025-05-22 04:00:00+00:00,1.3424,1.3433899999999999,1.3416000000000001,1.3426,5443
2025-05-22 05:00:00+00:00,1.3426,1.34406,1.34183,1.34322,4157
2025-05-22 06:00:00+00:00,1.34322,1.34337,1.34225,1.34246,2802
2025-05-22 07:00:00+00:00,1.34243,1.34305,1.34202,1.3428499999999999,2309
2025-05-22 08:00:00+00:00,1.34284,1.34322,1.34212,1.34301,3175
2025-05-22 09:00:00+00:00,1.34299,1.34313,1.34155,1.34188,4911
2025-05-22 10:00:00+00:00,1.34191,1.34321,1.3409200000000001,1.3432,6771
2025-05-22 11:00:00+00:00,1.3431600000000001,1.3439999999999999,1.34009,1.34018,6979
2025-05-22 12:00:00+00:00,1.34015,1.34076,1.33913,1.34025,5942
2025-05-22 13:00:00+00:00,1.34025,1.34028,1.33903,1.33976,4868
2025-05-22 14:00:00+00:00,1.3397700000000001,1.34231,1.33968,1.34195,6096
2025-05-22 15:00:00+00:00,1.34196,1.3426,1.34009,1.34122,6645
2025-05-22 16:00:00+00:00,1.34124,1.34272,1.34054,1.34165,7619
2025-05-22 17:00:00+00:00,1.34164,1.34361,1.34141,1.34231,7474
2025-05-22 18:00:00+00:00,1.3423,1.34294,1.34051,1.34243,6224
2025-05-22 19:00:00+00:00,1.34241,1.34358,1.34167,1.34174,5161
2025-05-22 20:00:00+00:00,1.34173,1.3418,1.3403,1.34143,4571
2025-05-22 21:00:00+00:00,1.34142,1.34252,1.34131,1.34223,3990
2025-05-22 22:00:00+00:00,1.34225,1.34295,1.34171,1.3418,3269
2025-05-22 23:00:00+00:00,1.3418,1.34199,1.34112,1.34175,1488
2025-05-23 00:00:00+00:00,1.34152,1.34206,1.34046,1.34161,492
2025-05-23 01:00:00+00:00,1.34174,1.34267,1.34169,1.34235,1506
2025-05-23 02:00:00+00:00,1.34236,1.34256,1.34181,1.3418999999999999,1545
2025-05-23 03:00:00+00:00,1.34188,1.34351,1.34179,1.34314,4208
2025-05-23 04:00:00+00:00,1.3431600000000001,1.34459,1.34291,1.34406,4272
2025-05-23 05:00:00+00:00,1.3440699999999999,1.34478,1.34372,1.34456,3180
2025-05-23 06:00:00+00:00,1.34455,1.3448,1.34422,1.34471,2160
2025-05-23 07:00:00+00:00,1.3447200000000001,1.34549,1.34449,1.34513,2183
2025-05-23 08:00:00+00:00,1.34514,1.34591,1.3445,1.34544,2838
2025-05-23 09:00:00+00:00,1.34538,1.34612,1.3443100000000001,1.34485,4742
2025-05-23 10:00:00+00:00,1.34485,1.34845,1.34446,1.34792,5468
2025-05-23 11:00:00+00:00,1.3479,1.3491,1.3477000000000001,1.34874,4569
2025-05-23 12:00:00+00:00,1.34875,1.35009,1.34848,1.34975,4483
2025-05-23 13:00:00+00:00,1.34976,1.3501400000000001,1.3492,1.3496299999999999,4113
2025-05-23 14:00:00+00:00,1.3496299999999999,1.35155,1.34734,1.34878,8342
2025-05-23 15:00:00+00:00,1.34879,1.3533,1.34767,1.3517299999999999,9556
2025-05-23 16:00:00+00:00,1.35174,1.3523399999999999,1.34811,1.34814,7713
2025-05-23 17:00:00+00:00,1.34814,1.35003,1.3479999999999999,1.34957,6947
2025-05-23 18:00:00+00:00,1.3495599999999999,1.35153,1.34932,1.3508,5927
2025-05-23 19:00:00+00:00,1.35081,1.35222,1.35041,1.35214,4840
2025-05-23 20:00:00+00:00,1.35215,1.3538700000000001,1.35206,1.35281,3775
2025-05-23 21:00:00+00:00,1.35277,1.35369,1.3526799999999999,1.35306,3633
2025-05-23 22:00:00+00:00,1.35307,1.3537,1.35255,1.35339,2766
2025-05-23 23:00:00+00:00,1.35339,1.35389,1.35301,1.3531900000000001,2002
2025-05-26 00:00:00+00:00,1.35212,1.35249,1.35203,1.35222,273
2025-05-26 01:00:00+00:00,1.35218,1.3538700000000001,1.3521,1.35345,3797
2025-05-26 02:00:00+00:00,1.35348,1.3541699999999999,1.35312,1.35374,2406
2025-05-26 03:00:00+00:00,1.35373,1.35608,1.3535599999999999,1.3560400000000001,4468
2025-05-26 04:00:00+00:00,1.3560400000000001,1.35859,1.35527,1.35835,5657
2025-05-26 05:00:00+00:00,1.35835,1.35929,1.35777,1.35816,4864
2025-05-26 06:00:00+00:00,1.35816,1.3584100000000001,1.35763,1.35785,3444
2025-05-26 07:00:00+00:00,1.3578299999999999,1.3585,1.35741,1.3582,3245
2025-05-26 08:00:00+00:00,1.35819,1.35922,1.35713,1.35886,2928
2025-05-26 09:00:00+00:00,1.35885,1.3592,1.35702,1.35728,4894
2025-05-26 10:00:00+00:00,1.35727,1.35781,1.35651,1.35663,4956
2025-05-26 11:00:00+00:00,1.35662,1.35707,1.35574,1.35637,3468
2025-05-26 12:00:00+00:00,1.35639,1.35677,1.3554599999999999,1.35612,2716
2025-05-26 13:00:00+00:00,1.35612,1.35649,1.35544,1.35619,2642
2025-05-26 14:00:00+00:00,1.35619,1.35662,1.35537,1.35591,2598
2025-05-26 15:00:00+00:00,1.35593,1.35623,1.35506,1.3555,2534
2025-05-26 16:00:00+00:00,1.35549,1.35671,1.35519,1.35663,2613
2025-05-26 17:00:00+00:00,1.3566500000000001,1.35675,1.35564,1.3562400000000001,2998
2025-05-26 18:00:00+00:00,1.35626,1.35643,1.35567,1.3562699999999999,1913
2025-05-26 19:00:00+00:00,1.3562699999999999,1.35644,1.3559,1.35636,1517
2025-05-26 20:00:00+00:00,1.35637,1.35645,1.35572,1.35614,972
2025-05-26 21:00:00+00:00,1.35611,1.35642,1.35606,1.35618,923
2025-05-26 22:00:00+00:00,1.35618,1.35643,1.35614,1.35637,686
2025-05-26 23:00:00+00:00,1.35638,1.35646,1.35572,1.35572,1078
2025-05-27 00:00:00+00:00,1.3556,1.35617,1.35523,1.35574,979
2025-05-27 01:00:00+00:00,1.3557000000000001,1.3568,1.35554,1.35648,1401
2025-05-27 02:00:00+00:00,1.35648,1.35659,1.3562699999999999,1.35647,1242
2025-05-27 03:00:00+00:00,1.35648,1.35847,1.35648,1.35819,3519
2025-05-27 04:00:00+00:00,1.35818,1.35864,1.3568500000000001,1.35732,3908
2025-05-27 05:00:00+00:00,1.35731,1.35807,1.35669,1.35686,3071
2025-05-27 06:00:00+00:00,1.35687,1.3575599999999999,1.35666,1.35687,2863
2025-05-27 07:00:00+00:00,1.35689,1.3574899999999999,1.35533,1.3554599999999999,2977
2025-05-27 08:00:00+00:00,1.35545,1.35557,1.35379,1.3554300000000001,5365
2025-05-27 09:00:00+00:00,1.3554,1.3573,1.35462,1.3547,6113
2025-05-27 10:00:00+00:00,1.3547,1.35568,1.35212,1.35245,6881
2025-05-27 11:00:00+00:00,1.35245,1.35468,1.35222,1.35364,5163
2025-05-27 12:00:00+00:00,1.3536299999999999,1.35496,1.35352,1.35449,5205
2025-05-27 13:00:00+00:00,1.3545099999999999,1.35452,1.35332,1.35406,4573
2025-05-27 14:00:00+00:00,1.35406,1.35533,1.35403,1.3548,4182
2025-05-27 15:00:00+00:00,1.35479,1.3562,1.35464,1.35616,4542
2025-05-27 16:00:00+00:00,1.35615,1.35645,1.35403,1.3542100000000001,5602
2025-05-27 17:00:00+00:00,1.35425,1.35538,1.35182,1.35199,7032
2025-05-27 18:00:00+00:00,1.35199,1.3520699999999999,1.34997,1.3502,5403
2025-05-27 19:00:00+00:00,1.35022,1.35115,1.35002,1.35066,4266
2025-05-27 20:00:00+00:00,1.35067,1.35104,1.3501400000000001,1.35083,2676
2025-05-27 21:00:00+00:00,1.3508499999999999,1.35147,1.3505099999999999,1.35117,3201
2025-05-27 22:00:00+00:00,1.35117,1.35144,1.35032,1.35046,3020
2025-05-27 23:00:00+00:00,1.3504,1.35083,1.3501400000000001,1.3501400000000001,1887
2025-05-28 00:00:00+00:00,1.3498999999999999,1.35096,1.3498999999999999,1.35094,1186
2025-05-28 01:00:00+00:00,1.35094,1.35132,1.35065,1.35119,892
2025-05-28 02:00:00+00:00,1.35119,1.35144,1.3509,1.35132,1050
2025-05-28 03:00:00+00:00,1.35137,1.3522,1.35127,1.35147,3201
2025-05-28 04:00:00+00:00,1.35148,1.35161,1.34885,1.34928,5231
2025-05-28 05:00:00+00:00,1.3492600000000001,1.35001,1.3479,1.34814,4734
2025-05-28 06:00:00+00:00,1.34818,1.34889,1.34756,1.3482,4164
2025-05-28 07:00:00+00:00,1.34819,1.34854,1.34703,1.3471600000000001,2854
2025-05-28 08:00:00+00:00,1.34717,1.34803,1.34606,1.34799,3583
2025-05-28 09:00:00+00:00,1.34796,1.3484099999999999,1.34708,1.34774,5241
2025-05-28 10:00:00+00:00,1.34771,1.35041,1.34755,1.34978,5244
2025-05-28 11:00:00+00:00,1.3498700000000001,1.35106,1.34959,1.35086,4419
2025-05-28 12:00:00+00:00,1.35086,1.35151,1.35046,1.35096,3902
2025-05-28 13:00:00+00:00,1.35095,1.35189,1.34886,1.34934,3891
2025-05-28 14:00:00+00:00,1.34935,1.34976,1.34758,1.34786,4380
2025-05-28 15:00:00+00:00,1.34785,1.34835,1.34654,1.3468499999999999,4837
2025-05-28 16:00:00+00:00,1.34686,1.34728,1.34494,1.34659,6663
2025-05-28 17:00:00+00:00,1.34659,1.34888,1.3463,1.34707,7690
2025-05-28 18:00:00+00:00,1.34706,1.34751,1.34535,1.3458999999999999,6426
2025-05-28 19:00:00+00:00,1.34589,1.34745,1.34588,1.34741,4188
2025-05-28 20:00:00+00:00,1.34742,1.34791,1.3467799999999999,1.34687,2825
2025-05-28 21:00:00+00:00,1.34686,1.34754,1.34615,1.34688,3809
2025-05-28 22:00:00+00:00,1.34688,1.34703,1.34618,1.34639,2828
2025-05-28 23:00:00+00:00,1.3464,1.34707,1.3462100000000001,1.34625,2144
2025-05-29 00:00:00+00:00,1.34639,1.34698,1.34616,1.34635,473
2025-05-29 01:00:00+00:00,1.3464,1.34706,1.34632,1.34656,1874
2025-05-29 02:00:00+00:00,1.34656,1.34665,1.34147,1.34279,6804
2025-05-29 03:00:00+00:00,1.3427799999999999,1.34432,1.3418700000000001,1.34277,8295
2025-05-29 04:00:00+00:00,1.34276,1.34449,1.3418,1.3444,6302
2025-05-29 05:00:00+00:00,1.3444099999999999,1.34462,1.3431600000000001,1.34329,4620
2025-05-29 06:00:00+00:00,1.3433,1.34421,1.34283,1.34355,3169
2025-05-29 07:00:00+00:00,1.34355,1.34455,1.34308,1.34393,2687
2025-05-29 08:00:00+00:00,1.34394,1.34416,1.34257,1.34334,3551
2025-05-29 09:00:00+00:00,1.34336,1.34573,1.34279,1.34562,5890
2025-05-29 10:00:00+00:00,1.3456299999999999,1.34702,1.34562,1.34643,5732
2025-05-29 11:00:00+00:00,1.34642,1.3474300000000001,1.34537,1.34596,5034
2025-05-29 12:00:00+00:00,1.34598,1.34768,1.34591,1.3468200000000001,3957
2025-05-29 13:00:00+00:00,1.3468200000000001,1.34836,1.34666,1.34723,4530
2025-05-29 14:00:00+00:00,1.34722,1.3477299999999999,1.34575,1.34599,5166
2025-05-29 15:00:00+00:00,1.34601,1.35046,1.34599,1.35012,8013
2025-05-29 16:00:00+00:00,1.35011,1.35066,1.34857,1.34921,7534
2025-05-29 17:00:00+00:00,1.3492199999999999,1.35001,1.34757,1.34824,8038
2025-05-29 18:00:00+00:00,1.34824,1.3495,1.34794,1.34876,6313
2025-05-29 19:00:00+00:00,1.34872,1.35045,1.34867,1.34925,5031
2025-05-29 20:00:00+00:00,1.3492600000000001,1.35043,1.34864,1.34964,4352
2025-05-29 21:00:00+00:00,1.34967,1.35041,1.34958,1.34976,4291
2025-05-29 22:00:00+00:00,1.34975,1.35003,1.3492199999999999,1.3494,3031
2025-05-29 23:00:00+00:00,1.34941,1.3496299999999999,1.3485800000000001,1.34863,2182
2025-05-30 00:00:00+00:00,1.34863,1.3492199999999999,1.34814,1.34879,1036
2025-05-30 01:00:00+00:00,1.34882,1.34991,1.3488,1.34938,1709
2025-05-30 02:00:00+00:00,1.34941,1.35006,1.3492199999999999,1.3498700000000001,1868
2025-05-30 03:00:00+00:00,1.34986,1.35093,1.34896,1.34959,4612
2025-05-30 04:00:00+00:00,1.34959,1.35106,1.34795,1.34815,5545
2025-05-30 05:00:00+00:00,1.34811,1.34863,1.347,1.3471899999999999,4001
2025-05-30 06:00:00+00:00,1.3472,1.34792,1.3467500000000001,1.34705,2894
2025-05-30 07:00:00+00:00,1.34705,1.34752,1.34688,1.3471,3016
2025-05-30 08:00:00+00:00,1.3471,1.3483,1.34676,1.3479,3256
2025-05-30 09:00:00+00:00,1.34791,1.34853,1.34637,1.34776,5296
2025-05-30 10:00:00+00:00,1.34775,1.34812,1.34545,1.3477700000000001,5722
2025-05-30 11:00:00+00:00,1.34779,1.34842,1.34641,1.34652,4534
2025-05-30 12:00:00+00:00,1.34649,1.34729,1.34618,1.34698,4218
2025-05-30 13:00:00+00:00,1.34699,1.34813,1.3467799999999999,1.3471600000000001,3823
2025-05-30 14:00:00+00:00,1.34717,1.3481,1.34666,1.3475,4111
2025-05-30 15:00:00+00:00,1.34749,1.34991,1.3473600000000001,1.34923,7365
2025-05-30 16:00:00+00:00,1.34923,1.34939,1.34506,1.34509,6538
2025-05-30 17:00:00+00:00,1.34515,1.34888,1.34474,1.34824,8483
2025-05-30 18:00:00+00:00,1.34824,1.34835,1.34654,1.34666,6516
2025-05-30 19:00:00+00:00,1.34665,1.34721,1.34543,1.34602,5149
2025-05-30 20:00:00+00:00,1.34599,1.3476,1.34599,1.34641,4521
2025-05-30 21:00:00+00:00,1.34639,1.34733,1.34638,1.34674,3385
2025-05-30 22:00:00+00:00,1.34674,1.34761,1.34637,1.34725,3133
2025-05-30 23:00:00+00:00,1.34725,1.34749,1.34535,1.34537,1975
2025-06-02 00:00:00+00:00,1.3462399999999999,1.34625,1.34494,1.3450199999999999,164
2025-06-02 01:00:00+00:00,1.3449900000000001,1.3465,1.34496,1.34635,1500
2025-06-02 02:00:00+00:00,1.34633,1.34728,1.3462399999999999,1.3467,1355
2025-06-02 03:00:00+00:00,1.34671,1.34918,1.34668,1.34879,3463
2025-06-02 04:00:00+00:00,1.34878,1.35053,1.34848,1.34888,5006
2025-06-02 05:00:00+00:00,1.34888,1.34955,1.34837,1.34849,3064
2025-06-02 06:00:00+00:00,1.3485,1.34873,1.34725,1.34821,3233
2025-06-02 07:00:00+00:00,1.34822,1.3489900000000001,1.34806,1.34881,2705
2025-06-02 08:00:00+00:00,1.34883,1.35032,1.34874,1.35009,3283
2025-06-02 09:00:00+00:00,1.3501,1.35336,1.34978,1.35306,5004
2025-06-02 10:00:00+00:00,1.35307,1.3557000000000001,1.35279,1.3547799999999999,5938
2025-06-02 11:00:00+00:00,1.35479,1.3552,1.35376,1.35429,5354
2025-06-02 12:00:00+00:00,1.35429,1.35547,1.35395,1.35405,5761
2025-06-02 13:00:00+00:00,1.35404,1.3545,1.35296,1.353,4730
2025-06-02 14:00:00+00:00,1.35301,1.3542399999999999,1.3526500000000001,1.35355,4295
2025-06-02 15:00:00+00:00,1.35355,1.35503,1.35313,1.35423,4642
2025-06-02 16:00:00+00:00,1.35423,1.35434,1.35178,1.3526799999999999,6149
2025-06-02 17:00:00+00:00,1.35328,1.35593,1.35277,1.35521,8080
2025-06-02 18:00:00+00:00,1.3552,1.35551,1.35435,1.35468,5603
2025-06-02 19:00:00+00:00,1.3547,1.3547799999999999,1.35183,1.3522,4517
2025-06-02 20:00:00+00:00,1.35219,1.35271,1.3517299999999999,1.35206,3728
2025-06-02 21:00:00+00:00,1.35206,1.35413,1.3516599999999999,1.35402,3836
2025-06-02 22:00:00+00:00,1.35402,1.35477,1.35349,1.3546,3053
2025-06-02 23:00:00+00:00,1.35459,1.35493,1.3541699999999999,1.3541699999999999,1778
2025-06-03 00:00:00+00:00,1.35385,1.35428,1.35321,1.35385,837
2025-06-03 01:00:00+00:00,1.35388,1.35481,1.3538000000000001,1.3548,1365
2025-06-03 02:00:00+00:00,1.35479,1.35587,1.35467,1.35565,1663
2025-06-03 03:00:00+00:00,1.35562,1.3557299999999999,1.3544800000000001,1.3547,3469
2025-06-03 04:00:00+00:00,1.35469,1.35471,1.35306,1.35333,4268
2025-06-03 05:00:00+00:00,1.35332,1.35333,1.35184,1.35214,3709
2025-06-03 06:00:00+00:00,1.35214,1.35249,1.35144,1.35179,3152
2025-06-03 07:00:00+00:00,1.3518,1.35253,1.35149,1.35236,2970
2025-06-03 08:00:00+00:00,1.35237,1.3526099999999999,1.35114,1.35235,3384
2025-06-03 09:00:00+00:00,1.3523399999999999,1.35371,1.35149,1.35316,4742
2025-06-03 10:00:00+00:00,1.35315,1.35325,1.35158,1.35188,5544
2025-06-03 11:00:00+00:00,1.35188,1.35198,1.35047,1.35141,4581
2025-06-03 12:00:00+00:00,1.3514300000000001,1.3526,1.35083,1.3514300000000001,3799
2025-06-03 13:00:00+00:00,1.35142,1.35191,1.35034,1.3505099999999999,3997
2025-06-03 14:00:00+00:00,1.3505099999999999,1.35072,1.34944,1.35032,4607
2025-06-03 15:00:00+00:00,1.35035,1.35047,1.34911,1.35034,4659
2025-06-03 16:00:00+00:00,1.35035,1.3522,1.34997,1.35121,5884
2025-06-03 17:00:00+00:00,1.35117,1.35331,1.34957,1.35283,7731
2025-06-03 18:00:00+00:00,1.35282,1.35315,1.35157,1.3519,5628
2025-06-03 19:00:00+00:00,1.3519,1.3525800000000001,1.35095,1.35179,4050
2025-06-03 20:00:00+00:00,1.35184,1.35286,1.35158,1.35269,3992
2025-06-03 21:00:00+00:00,1.35267,1.35274,1.35179,1.3524,2792
2025-06-03 22:00:00+00:00,1.35241,1.35255,1.35132,1.35149,2767
2025-06-03 23:00:00+00:00,1.35151,1.35223,1.35121,1.35134,1628
2025-06-04 00:00:00+00:00,1.35129,1.35175,1.35094,1.35123,686
2025-06-04 01:00:00+00:00,1.35123,1.35221,1.3511600000000001,1.3520699999999999,1180
2025-06-04 02:00:00+00:00,1.3520699999999999,1.35311,1.35203,1.353,1440
2025-06-04 03:00:00+00:00,1.353,1.3532600000000001,1.35249,1.3526099999999999,3848
2025-06-04 04:00:00+00:00,1.35262,1.3544,1.35148,1.35346,5346
2025-06-04 05:00:00+00:00,1.35344,1.3538000000000001,1.35195,1.35226,3066
2025-06-04 06:00:00+00:00,1.35225,1.3528,1.35134,1.35159,2958
2025-06-04 07:00:00+00:00,1.35159,1.3526500000000001,1.351,1.3511600000000001,3311
2025-06-04 08:00:00+00:00,1.35119,1.35159,1.35005,1.35097,3938
2025-06-04 09:00:00+00:00,1.35096,1.35267,1.35041,1.35262,5186
2025-06-04 10:00:00+00:00,1.35262,1.35407,1.3522,1.35279,4912
2025-06-04 11:00:00+00:00,1.35284,1.3545099999999999,1.35236,1.35396,4480
2025-06-04 12:00:00+00:00,1.35395,1.3542399999999999,1.35294,1.35352,4329
2025-06-04 13:00:00+00:00,1.35352,1.3538000000000001,1.35195,1.35236,4477
2025-06-04 14:00:00+00:00,1.35235,1.3526500000000001,1.35125,1.3513,3828
2025-06-04 15:00:00+00:00,1.3513,1.35438,1.35103,1.35425,6902
2025-06-04 16:00:00+00:00,1.35427,1.35484,1.35308,1.35359,6388
2025-06-04 17:00:00+00:00,1.3535599999999999,1.35795,1.3535599999999999,1.35762,8663
2025-06-04 18:00:00+00:00,1.35762,1.35773,1.3558,1.35675,6452
2025-06-04 19:00:00+00:00,1.35677,1.35713,1.3556,1.35709,5080
2025-06-04 20:00:00+00:00,1.35709,1.3572899999999999,1.3559,1.35605,3858
2025-06-04 21:00:00+00:00,1.3560400000000001,1.3565800000000001,1.3556599999999999,1.3558,3342
2025-06-04 22:00:00+00:00,1.35579,1.35594,1.35457,1.35457,2410
2025-06-04 23:00:00+00:00,1.35458,1.3555,1.3544800000000001,1.35506,1665
2025-06-05 00:00:00+00:00,1.355,1.35545,1.35456,1.35456,727
2025-06-05 01:00:00+00:00,1.3547500000000001,1.35534,1.3545,1.35504,929
2025-06-05 02:00:00+00:00,1.35503,1.35594,1.35497,1.35504,1554
2025-06-05 03:00:00+00:00,1.3550200000000001,1.35594,1.35459,1.35592,3679
2025-06-05 04:00:00+00:00,1.35594,1.35653,1.35426,1.35464,4260
2025-06-05 05:00:00+00:00,1.35463,1.35487,1.35401,1.35469,3052
2025-06-05 06:00:00+00:00,1.35471,1.35605,1.35438,1.35445,3311
2025-06-05 07:00:00+00:00,1.3544399999999999,1.35496,1.35423,1.35466,2758
2025-06-05 08:00:00+00:00,1.35468,1.35491,1.3542,1.35435,2958
2025-06-05 09:00:00+00:00,1.35439,1.35583,1.35438,1.35462,4589
2025-06-05 10:00:00+00:00,1.35461,1.35737,1.35445,1.3559999999999999,4475
2025-06-05 11:00:00+00:00,1.3559999999999999,1.35723,1.3559999999999999,1.35666,4476
2025-06-05 12:00:00+00:00,1.35666,1.35725,1.35599,1.35642,4297
2025-06-05 13:00:00+00:00,1.35641,1.35845,1.3563399999999999,1.3574,3770
2025-06-05 14:00:00+00:00,1.35741,1.35781,1.35654,1.357,4432
2025-06-05 15:00:00+00:00,1.35698,1.3594300000000001,1.35655,1.35784,8047
2025-06-05 16:00:00+00:00,1.35782,1.3616,1.35706,1.36022,9945
2025-06-05 17:00:00+00:00,1.36022,1.3606500000000001,1.3587,1.3591199999999999,8920
2025-06-05 18:00:00+00:00,1.3591,1.35982,1.3574899999999999,1.3581400000000001,6997
2025-06-05 19:00:00+00:00,1.35815,1.3587500000000001,1.35757,1.35859,5431
2025-06-05 20:00:00+00:00,1.35858,1.3589,1.3578700000000001,1.35886,4159
2025-06-05 21:00:00+00:00,1.35884,1.35886,1.35689,1.35795,3985
2025-06-05 22:00:00+00:00,1.35795,1.35805,1.3566099999999999,1.35733,4699
2025-06-05 23:00:00+00:00,1.35733,1.35757,1.3566500000000001,1.35666,1957
2025-06-06 00:00:00+00:00,1.35639,1.35751,1.35632,1.35732,989
2025-06-06 01:00:00+00:00,1.35733,1.35776,1.35712,1.35775,1343
2025-06-06 02:00:00+00:00,1.35776,1.35804,1.35743,1.3578299999999999,1748
2025-06-06 03:00:00+00:00,1.3578299999999999,1.3584100000000001,1.3578000000000001,1.35782,3303
2025-06-06 04:00:00+00:00,1.35781,1.35834,1.35721,1.35737,3526
2025-06-06 05:00:00+00:00,1.35738,1.35747,1.35651,1.3569200000000001,3362
2025-06-06 06:00:00+00:00,1.3569200000000001,1.35751,1.3568,1.35713,2540
2025-06-06 07:00:00+00:00,1.35712,1.35764,1.35708,1.35746,2237
2025-06-06 08:00:00+00:00,1.35746,1.35746,1.35614,1.3565800000000001,2800
2025-06-06 09:00:00+00:00,1.3565800000000001,1.35667,1.35434,1.35495,4026
2025-06-06 10:00:00+00:00,1.35494,1.35516,1.35344,1.35454,4983
2025-06-06 11:00:00+00:00,1.35453,1.35477,1.3534,1.35375,3879
2025-06-06 12:00:00+00:00,1.35376,1.35392,1.35289,1.35335,3403
2025-06-06 13:00:00+00:00,1.35335,1.35517,1.35333,1.35492,3569
2025-06-06 14:00:00+00:00,1.3549,1.35545,1.3542,1.35508,3771
2025-06-06 15:00:00+00:00,1.3550900000000001,1.35637,1.35172,1.35357,8953
2025-06-06 16:00:00+00:00,1.3535599999999999,1.35438,1.35069,1.35209,9873
2025-06-06 17:00:00+00:00,1.35209,1.35479,1.35159,1.3525800000000001,7516
2025-06-06 18:00:00+00:00,1.35259,1.35344,1.35163,1.35301,6743
2025-06-06 19:00:00+00:00,1.35302,1.3535300000000001,1.35172,1.35185,5356
2025-06-06 20:00:00+00:00,1.35186,1.35281,1.35152,1.35256,4365
2025-06-06 21:00:00+00:00,1.35257,1.3532899999999999,1.3525,1.35294,3837
2025-06-06 22:00:00+00:00,1.3529499999999999,1.35339,1.3526099999999999,1.35314,3032
2025-06-06 23:00:00+00:00,1.35317,1.35318,1.35225,1.3526,1125
2025-06-09 00:00:00+00:00,1.35205,1.3525800000000001,1.35184,1.3525800000000001,89
2025-06-09 01:00:00+00:00,1.35249,1.35348,1.35233,1.35342,984
2025-06-09 02:00:00+00:00,1.35342,1.35393,1.3532899999999999,1.35364,1444
2025-06-09 03:00:00+00:00,1.35365,1.35385,1.35276,1.35306,2911
2025-06-09 04:00:00+00:00,1.35306,1.35541,1.35306,1.35524,3812
2025-06-09 05:00:00+00:00,1.35525,1.35647,1.35511,1.35556,3374
2025-06-09 06:00:00+00:00,1.35556,1.3560400000000001,1.3551,1.3551199999999999,2787
2025-06-09 07:00:00+00:00,1.3551199999999999,1.35545,1.35489,1.3553899999999999,2157
2025-06-09 08:00:00+00:00,1.3553899999999999,1.35585,1.35481,1.3556599999999999,2198
2025-06-09 09:00:00+00:00,1.35565,1.3571900000000001,1.35531,1.35679,3968
2025-06-09 10:00:00+00:00,1.35677,1.35689,1.35584,1.3564,3539
2025-06-09 11:00:00+00:00,1.35642,1.35775,1.35629,1.3573,4520
2025-06-09 12:00:00+00:00,1.3572899999999999,1.3580999999999999,1.35703,1.3571,3409
2025-06-09 13:00:00+00:00,1.35709,1.3575,1.35572,1.35583,3117
2025-06-09 14:00:00+00:00,1.35584,1.3563100000000001,1.3554300000000001,1.35612,4047
2025-06-09 15:00:00+00:00,1.35611,1.35616,1.35332,1.3536000000000001,4755
2025-06-09 16:00:00+00:00,1.3536000000000001,1.35404,1.35239,1.35351,5610
2025-06-09 17:00:00+00:00,1.35351,1.35487,1.35275,1.35445,5415
2025-06-09 18:00:00+00:00,1.35446,1.35639,1.35434,1.35616,4267
2025-06-09 19:00:00+00:00,1.35619,1.35625,1.3553,1.35579,3207
2025-06-09 20:00:00+00:00,1.35578,1.35618,1.3550900000000001,1.35574,2544
2025-06-09 21:00:00+00:00,1.35572,1.35653,1.35554,1.35625,2959
2025-06-09 22:00:00+00:00,1.35623,1.35652,1.3556599999999999,1.3557299999999999,1802
2025-06-09 23:00:00+00:00,1.35574,1.35574,1.35429,1.3544100000000001,1628
2025-06-10 00:00:00+00:00,1.3542100000000001,1.3552,1.35386,1.3548,2045
2025-06-10 01:00:00+00:00,1.35476,1.35533,1.35473,1.35519,1091
2025-06-10 02:00:00+00:00,1.3552,1.35568,1.35496,1.35538,1126
2025-06-10 03:00:00+00:00,1.35538,1.35638,1.35514,1.35541,2760
2025-06-10 04:00:00+00:00,1.3554,1.3559999999999999,1.35266,1.35301,4464
2025-06-10 05:00:00+00:00,1.353,1.35398,1.35189,1.35375,4435
2025-06-10 06:00:00+00:00,1.35375,1.35438,1.35313,1.35432,2479
2025-06-10 07:00:00+00:00,1.35433,1.3544100000000001,1.35314,1.35375,2381
2025-06-10 08:00:00+00:00,1.35376,1.35456,1.35347,1.3538999999999999,5455
2025-06-10 09:00:00+00:00,1.35392,1.35393,1.34815,1.34815,5888
2025-06-10 10:00:00+00:00,1.34816,1.34852,1.3455599999999999,1.34717,6185
2025-06-10 11:00:00+00:00,1.3471600000000001,1.34965,1.3471600000000001,1.34872,4872
2025-06-10 12:00:00+00:00,1.34872,1.34947,1.34794,1.34913,4305
2025-06-10 13:00:00+00:00,1.34916,1.35067,1.34884,1.35058,3971
2025-06-10 14:00:00+00:00,1.35059,1.35079,1.34932,1.3504800000000001,4345
2025-06-10 15:00:00+00:00,1.3504800000000001,1.35121,1.34975,1.35066,5286
2025-06-10 16:00:00+00:00,1.35062,1.35339,1.35045,1.35324,6493
2025-06-10 17:00:00+00:00,1.35323,1.35362,1.3513,1.35138,5390
2025-06-10 18:00:00+00:00,1.35137,1.35163,1.3504399999999999,1.35064,5191
2025-06-10 19:00:00+00:00,1.35063,1.35088,1.34973,1.34981,3278
2025-06-10 20:00:00+00:00,1.34982,1.35046,1.34946,1.34999,3038
2025-06-10 21:00:00+00:00,1.34998,1.34999,1.34896,1.34936,2934
2025-06-10 22:00:00+00:00,1.34938,1.3507799999999999,1.3491,1.3501400000000001,2607
2025-06-10 23:00:00+00:00,1.35015,1.35031,1.34928,1.34938,1838
2025-06-11 00:00:00+00:00,1.34944,1.35016,1.3489,1.34959,1516
2025-06-11 01:00:00+00:00,1.34971,1.35033,1.3493,1.3501699999999999,1506
2025-06-11 02:00:00+00:00,1.35018,1.35096,1.3495300000000001,1.35068,2843
2025-06-11 03:00:00+00:00,1.3507,1.35094,1.34905,1.34915,4716
2025-06-11 04:00:00+00:00,1.34915,1.3495,1.34745,1.34758,3813
2025-06-11 05:00:00+00:00,1.34756,1.34824,1.34742,1.34799,3023
2025-06-11 06:00:00+00:00,1.34799,1.3483100000000001,1.34747,1.34815,2672
2025-06-11 07:00:00+00:00,1.34815,1.34857,1.34766,1.34818,2115
2025-06-11 08:00:00+00:00,1.34818,1.34909,1.34802,1.3489900000000001,2635
2025-06-11 09:00:00+00:00,1.34897,1.34907,1.34653,1.34669,3960
2025-06-11 10:00:00+00:00,1.34669,1.34886,1.34638,1.34828,4491
2025-06-11 11:00:00+00:00,1.34829,1.34957,1.34795,1.34939,4434
2025-06-11 12:00:00+00:00,1.34939,1.35053,1.34894,1.34968,4057
2025-06-11 13:00:00+00:00,1.34968,1.35028,1.34932,1.34955,3379
2025-06-11 14:00:00+00:00,1.34958,1.34968,1.34843,1.34948,4291
2025-06-11 15:00:00+00:00,1.34948,1.35494,1.34878,1.35182,8200
2025-06-11 16:00:00+00:00,1.35183,1.353,1.35012,1.35179,7422
2025-06-11 17:00:00+00:00,1.35179,1.35445,1.35159,1.3538299999999999,6680
2025-06-11 18:00:00+00:00,1.3538299999999999,1.35577,1.35323,1.35545,5917
2025-06-11 19:00:00+00:00,1.35544,1.35569,1.35407,1.35491,4358
2025-06-11 20:00:00+00:00,1.35492,1.35639,1.35465,1.35622,3859
2025-06-11 21:00:00+00:00,1.35621,1.35669,1.35468,1.35469,5269
2025-06-11 22:00:00+00:00,1.35467,1.35477,1.35355,1.35376,3411
2025-06-11 23:00:00+00:00,1.35374,1.3547799999999999,1.35374,1.35385,1963
2025-06-12 00:00:00+00:00,1.35374,1.35476,1.35374,1.35476,891
2025-06-12 01:00:00+00:00,1.35471,1.3568500000000001,1.35449,1.35656,1592
2025-06-12 02:00:00+00:00,1.35654,1.35724,1.35616,1.35671,2063
2025-06-12 03:00:00+00:00,1.3567,1.3588,1.35618,1.35827,4843
2025-06-12 04:00:00+00:00,1.35826,1.35929,1.35784,1.35828,4941
2025-06-12 05:00:00+00:00,1.35828,1.3583,1.3566500000000001,1.35727,3489
2025-06-12 06:00:00+00:00,1.3572600000000001,1.3584800000000001,1.3572,1.35828,2614
2025-06-12 07:00:00+00:00,1.35827,1.35856,1.35763,1.35821,2622
2025-06-12 08:00:00+00:00,1.35821,1.35895,1.35775,1.35873,3183
2025-06-12 09:00:00+00:00,1.3587799999999999,1.3587799999999999,1.35554,1.3564,6039
2025-06-12 10:00:00+00:00,1.35639,1.35639,1.35221,1.35425,6233
2025-06-12 11:00:00+00:00,1.35425,1.3566799999999999,1.35375,1.35655,5684
2025-06-12 12:00:00+00:00,1.35657,1.35862,1.35595,1.35769,5365
2025-06-12 13:00:00+00:00,1.35771,1.35974,1.35706,1.35889,6524
2025-06-12 14:00:00+00:00,1.35888,1.35987,1.35784,1.35919,5920
2025-06-12 15:00:00+00:00,1.3592,1.3618999999999999,1.35793,1.361,7959
2025-06-12 16:00:00+00:00,1.36097,1.36231,1.35874,1.35952,7988
2025-06-12 17:00:00+00:00,1.35953,1.36069,1.3593,1.3593899999999999,7322
2025-06-12 18:00:00+00:00,1.3593899999999999,1.35961,1.3581699999999999,1.35857,6642
2025-06-12 19:00:00+00:00,1.35859,1.35915,1.35816,1.3591,4909
2025-06-12 20:00:00+00:00,1.3590900000000001,1.35954,1.35835,1.3590499999999999,3802
2025-06-12 21:00:00+00:00,1.3590499999999999,1.35964,1.35855,1.35956,2804
2025-06-12 22:00:00+00:00,1.35956,1.3604,1.3593,1.3602400000000001,2204
2025-06-12 23:00:00+00:00,1.36022,1.36152,1.36005,1.36112,2389
2025-06-13 00:00:00+00:00,1.36111,1.36152,1.36019,1.3615,738
2025-06-13 01:00:00+00:00,1.36148,1.36206,1.3611900000000001,1.36165,1570
2025-06-13 02:00:00+00:00,1.36162,1.3630200000000001,1.36121,1.36284,1944
2025-06-13 03:00:00+00:00,1.36284,1.3632,1.35584,1.35696,10903
2025-06-13 04:00:00+00:00,1.3569499999999999,1.35711,1.35504,1.35644,7304
2025-06-13 05:00:00+00:00,1.35643,1.35686,1.35516,1.35561,5878
2025-06-13 06:00:00+00:00,1.35562,1.35575,1.35399,1.35521,5302
2025-06-13 07:00:00+00:00,1.35522,1.35529,1.35296,1.35332,4417
2025-06-13 08:00:00+00:00,1.35331,1.35456,1.35273,1.35384,4591
2025-06-13 09:00:00+00:00,1.35384,1.35533,1.35209,1.35371,7126
2025-06-13 10:00:00+00:00,1.35368,1.35696,1.35359,1.3559,6743
2025-06-13 11:00:00+00:00,1.3559,1.3568799999999999,1.35508,1.35585,4779
2025-06-13 12:00:00+00:00,1.35585,1.35623,1.35408,1.35436,5877
2025-06-13 13:00:00+00:00,1.35435,1.35525,1.35225,1.35337,5866
2025-06-13 14:00:00+00:00,1.35339,1.35474,1.35225,1.3538700000000001,5433
2025-06-13 15:00:00+00:00,1.35388,1.3541699999999999,1.35235,1.35335,4641
2025-06-13 16:00:00+00:00,1.35336,1.35423,1.35157,1.35406,5345
2025-06-13 17:00:00+00:00,1.35393,1.35755,1.35382,1.35747,6778
2025-06-13 18:00:00+00:00,1.35746,1.36026,1.35728,1.35918,5740
2025-06-13 19:00:00+00:00,1.35917,1.36005,1.359,1.3594,4046
2025-06-13 20:00:00+00:00,1.3594,1.3594,1.35728,1.35829,4244
2025-06-13 21:00:00+00:00,1.35829,1.35855,1.35593,1.3562,4519
2025-06-13 22:00:00+00:00,1.35621,1.3571,1.3558,1.35701,3177
2025-06-13 23:00:00+00:00,1.35702,1.3572899999999999,1.35585,1.3572199999999999,2466
2025-06-16 00:00:00+00:00,1.35594,1.3559700000000001,1.35403,1.3541699999999999,605
2025-06-16 01:00:00+00:00,1.3548200000000001,1.3559700000000001,1.35339,1.35544,5642
2025-06-16 02:00:00+00:00,1.35548,1.35558,1.35401,1.35481,3250
2025-06-16 03:00:00+00:00,1.3548200000000001,1.35552,1.35432,1.35495,4584
2025-06-16 04:00:00+00:00,1.35493,1.3558,1.35446,1.35467,4651
2025-06-16 05:00:00+00:00,1.35467,1.35527,1.35413,1.35423,3633
2025-06-16 06:00:00+00:00,1.35422,1.3547,1.35339,1.35355,3965
2025-06-16 07:00:00+00:00,1.35355,1.35474,1.3535300000000001,1.35464,3489
2025-06-16 08:00:00+00:00,1.35464,1.35741,1.35464,1.35705,4019
2025-06-16 09:00:00+00:00,1.35706,1.35901,1.3557299999999999,1.35856,5615
2025-06-16 10:00:00+00:00,1.35856,1.35922,1.35776,1.35839,5393
2025-06-16 11:00:00+00:00,1.35838,1.35888,1.35766,1.35785,4565
2025-06-16 12:00:00+00:00,1.35789,1.35906,1.35773,1.35849,4058
2025-06-16 13:00:00+00:00,1.35849,1.35879,1.35752,1.35802,4007
2025-06-16 14:00:00+00:00,1.35803,1.35901,1.35758,1.3577,4037
2025-06-16 15:00:00+00:00,1.3577,1.35835,1.35733,1.35821,5061
2025-06-16 16:00:00+00:00,1.35821,1.36143,1.35821,1.36109,6906
2025-06-16 17:00:00+00:00,1.36111,1.3622,1.3593899999999999,1.35954,7622
2025-06-16 18:00:00+00:00,1.35954,1.35995,1.35887,1.35969,5701
2025-06-16 19:00:00+00:00,1.3597000000000001,1.3608500000000001,1.35951,1.36076,3787
2025-06-16 20:00:00+00:00,1.36076,1.36103,1.35915,1.35959,3244
2025-06-16 21:00:00+00:00,1.35958,1.35996,1.35934,1.35959,3617
2025-06-16 22:00:00+00:00,1.35959,1.3596,1.35731,1.35739,4205
2025-06-16 23:00:00+00:00,1.35737,1.3583,1.35699,1.35715,1993
2025-06-17 00:00:00+00:00,1.35708,1.35775,1.35619,1.35732,1106
2025-06-17 01:00:00+00:00,1.35732,1.35775,1.35679,1.35728,3121
2025-06-17 02:00:00+00:00,1.35727,1.35789,1.35628,1.35676,2685
2025-06-17 03:00:00+00:00,1.35678,1.3568,1.35567,1.35663,5246
2025-06-17 04:00:00+00:00,1.35664,1.3574899999999999,1.35653,1.35677,3953
2025-06-17 05:00:00+00:00,1.35676,1.35712,1.35581,1.3569200000000001,4075
2025-06-17 06:00:00+00:00,1.3569,1.35758,1.35664,1.35735,4313
2025-06-17 07:00:00+00:00,1.35737,1.3578999999999999,1.35708,1.35725,2940
2025-06-17 08:00:00+00:00,1.35725,1.35784,1.35645,1.35681,3526
2025-06-17 09:00:00+00:00,1.35683,1.35769,1.35596,1.35619,4656
2025-06-17 10:00:00+00:00,1.35619,1.35733,1.35535,1.3565,4309
2025-06-17 11:00:00+00:00,1.3565,1.3566500000000001,1.35477,1.35477,3359
2025-06-17 12:00:00+00:00,1.3547799999999999,1.35583,1.35413,1.35439,3307
2025-06-17 13:00:00+00:00,1.35436,1.3563,1.35426,1.35581,2515
2025-06-17 14:00:00+00:00,1.35579,1.35711,1.35554,1.35615,3023
2025-06-17 15:00:00+00:00,1.35618,1.35733,1.35468,1.35474,4389
2025-06-17 16:00:00+00:00,1.35476,1.35648,1.35431,1.35436,5519
2025-06-17 17:00:00+00:00,1.35434,1.3545,1.34955,1.35118,6358
2025-06-17 18:00:00+00:00,1.3511600000000001,1.35183,1.34975,1.35137,4345
2025-06-17 19:00:00+00:00,1.35138,1.35165,1.34661,1.34711,4026
2025-06-17 20:00:00+00:00,1.34711,1.34745,1.34334,1.34447,4606
2025-06-17 21:00:00+00:00,1.34447,1.34474,1.3427,1.34279,3022
2025-06-17 22:00:00+00:00,1.34277,1.3437000000000001,1.34227,1.3425799999999999,3009
2025-06-17 23:00:00+00:00,1.34261,1.3431199999999999,1.34151,1.34276,2199
2025-06-18 00:00:00+00:00,1.34199,1.34348,1.34168,1.34192,704
2025-06-18 01:00:00+00:00,1.34218,1.3433,1.3413300000000001,1.34233,1403
2025-06-18 02:00:00+00:00,1.34236,1.3431,1.34223,1.3428499999999999,1181
2025-06-18 03:00:00+00:00,1.34284,1.34378,1.34277,1.3430900000000001,4329
2025-06-18 04:00:00+00:00,1.3430900000000001,1.34397,1.34263,1.34375,3495
2025-06-18 05:00:00+00:00,1.34374,1.34386,1.34298,1.34355,3284
2025-06-18 06:00:00+00:00,1.34356,1.34462,1.3434,1.34379,2650
2025-06-18 07:00:00+00:00,1.3437999999999999,1.3447,1.34353,1.34432,2616
2025-06-18 08:00:00+00:00,1.3443,1.34489,1.3437700000000001,1.34442,2256
2025-06-18 09:00:00+00:00,1.34426,1.34664,1.34403,1.34626,4884
2025-06-18 10:00:00+00:00,1.34625,1.34758,1.3454,1.34586,3165
2025-06-18 11:00:00+00:00,1.34583,1.34659,1.34482,1.34527,2874
2025-06-18 12:00:00+00:00,1.34528,1.34677,1.34493,1.34637,2515
2025-06-18 13:00:00+00:00,1.34636,1.34681,1.34393,1.3441100000000001,2718
2025-06-18 14:00:00+00:00,1.34409,1.34549,1.34378,1.34506,3244
2025-06-18 15:00:00+00:00,1.34508,1.34637,1.34428,1.3447,4045
2025-06-18 16:00:00+00:00,1.3446799999999999,1.34549,1.34347,1.34405,5677
2025-06-18 17:00:00+00:00,1.34405,1.34727,1.3437299999999999,1.34517,8003
2025-06-18 18:00:00+00:00,1.34517,1.34733,1.34489,1.34684,4716
2025-06-18 19:00:00+00:00,1.3468499999999999,1.34753,1.3455300000000001,1.3456299999999999,3527
2025-06-18 20:00:00+00:00,1.34562,1.34613,1.34333,1.34375,3111
2025-06-18 21:00:00+00:00,1.34387,1.34754,1.34101,1.34147,10659
2025-06-18 22:00:00+00:00,1.34149,1.34256,1.3400400000000001,1.3409200000000001,7744
2025-06-18 23:00:00+00:00,1.34091,1.34225,1.34073,1.34155,3027
2025-06-19 00:00:00+00:00,1.34155,1.3422399999999999,1.3407200000000001,1.34207,1573
2025-06-19 01:00:00+00:00,1.34208,1.34263,1.34157,1.34201,2236
2025-06-19 02:00:00+00:00,1.34202,1.34228,1.34103,1.3413300000000001,2187
2025-06-19 03:00:00+00:00,1.3413599999999999,1.34169,1.34073,1.34147,4007
2025-06-19 04:00:00+00:00,1.34147,1.3415300000000001,1.33929,1.33937,4849
2025-06-19 05:00:00+00:00,1.33937,1.33996,1.33865,1.33954,3398
2025-06-19 06:00:00+00:00,1.33956,1.3409499999999999,1.33947,1.34071,2622
2025-06-19 07:00:00+00:00,1.3407,1.34111,1.3404099999999999,1.34106,2292
2025-06-19 08:00:00+00:00,1.34107,1.3411,1.3389199999999999,1.3394300000000001,3419
2025-06-19 09:00:00+00:00,1.33942,1.34074,1.33823,1.34059,4218
2025-06-19 10:00:00+00:00,1.34059,1.34171,1.34006,1.34017,4705
2025-06-19 11:00:00+00:00,1.34016,1.34279,1.33971,1.34269,4881
2025-06-19 12:00:00+00:00,1.34268,1.3434,1.34167,1.3421,3084
2025-06-19 13:00:00+00:00,1.34209,1.34393,1.34199,1.34235,3576
2025-06-19 14:00:00+00:00,1.34236,1.34486,1.34037,1.34467,4967
2025-06-19 15:00:00+00:00,1.3446799999999999,1.34481,1.34235,1.3440699999999999,4290
2025-06-19 16:00:00+00:00,1.34406,1.34445,1.34208,1.34353,4807
2025-06-19 17:00:00+00:00,1.3435000000000001,1.3445,1.34166,1.3425799999999999,4326
2025-06-19 18:00:00+00:00,1.34257,1.34336,1.34227,1.34295,3127
2025-06-19 19:00:00+00:00,1.3429,1.34294,1.3421699999999999,1.34247,1970
2025-06-19 20:00:00+00:00,1.34246,1.34588,1.34241,1.34536,2125
2025-06-19 21:00:00+00:00,1.34535,1.34601,1.34517,1.34576,1829
2025-06-19 22:00:00+00:00,1.34576,1.34695,1.34565,1.3468200000000001,1792
2025-06-19 23:00:00+00:00,1.3468200000000001,1.34693,1.34633,1.34633,1025
2025-06-20 00:00:00+00:00,1.34498,1.34657,1.34469,1.3459699999999999,520
2025-06-20 01:00:00+00:00,1.34598,1.3471899999999999,1.3459699999999999,1.34666,1724
2025-06-20 02:00:00+00:00,1.34673,1.34795,1.34657,1.34756,2116
2025-06-20 03:00:00+00:00,1.34756,1.34897,1.34753,1.34874,4257
2025-06-20 04:00:00+00:00,1.34874,1.34894,1.34783,1.34785,4350
2025-06-20 05:00:00+00:00,1.34785,1.3489,1.34765,1.34862,3427
2025-06-20 06:00:00+00:00,1.3486099999999999,1.3498999999999999,1.34847,1.34968,3134
2025-06-20 07:00:00+00:00,1.34967,1.34992,1.34932,1.34948,1864
2025-06-20 08:00:00+00:00,1.34949,1.35004,1.34905,1.34951,3008
2025-06-20 09:00:00+00:00,1.34957,1.34957,1.3465799999999999,1.34666,4543
2025-06-20 10:00:00+00:00,1.34666,1.34809,1.34619,1.34757,4671
2025-06-20 11:00:00+00:00,1.34756,1.34969,1.34705,1.34906,4974
2025-06-20 12:00:00+00:00,1.34905,1.34954,1.34869,1.34937,3521
2025-06-20 13:00:00+00:00,1.34937,1.34973,1.34877,1.34949,3045
2025-06-20 14:00:00+00:00,1.34949,1.34999,1.3485800000000001,1.34969,3776
2025-06-20 15:00:00+00:00,1.34968,1.35107,1.34849,1.35012,5534
2025-06-20 16:00:00+00:00,1.35013,1.35056,1.34846,1.34871,5244
2025-06-20 17:00:00+00:00,1.34871,1.34903,1.34531,1.34644,5793
2025-06-20 18:00:00+00:00,1.34643,1.34805,1.34576,1.34641,5506
2025-06-20 19:00:00+00:00,1.34642,1.34796,1.34625,1.34703,3928
2025-06-20 20:00:00+00:00,1.34704,1.34762,1.34635,1.34674,3786
2025-06-20 21:00:00+00:00,1.34676,1.3472,1.34626,1.34645,2712
2025-06-20 22:00:00+00:00,1.34646,1.34659,1.3445,1.34452,2395
2025-06-20 23:00:00+00:00,1.34454,1.34523,1.34395,1.34401,1603
2025-06-23 00:00:00+00:00,1.33975,1.34062,1.33958,1.34002,153
2025-06-23 01:00:00+00:00,1.33999,1.3430900000000001,1.33997,1.34262,3026
2025-06-23 02:00:00+00:00,1.34265,1.34414,1.34231,1.34341,3372
2025-06-23 03:00:00+00:00,1.34342,1.34379,1.3411,1.34213,4933
2025-06-23 04:00:00+00:00,1.34213,1.3424800000000001,1.34027,1.3421699999999999,4383
2025-06-23 05:00:00+00:00,1.3421699999999999,1.34378,1.3421699999999999,1.34244,3658
2025-06-23 06:00:00+00:00,1.34243,1.34294,1.34152,1.34167,3629
2025-06-23 07:00:00+00:00,1.34166,1.34219,1.34047,1.34089,3000
2025-06-23 08:00:00+00:00,1.34089,1.3430900000000001,1.34089,1.34307,4211
2025-06-23 09:00:00+00:00,1.34308,1.34413,1.3425500000000001,1.34368,4935
2025-06-23 10:00:00+00:00,1.34369,1.34484,1.34322,1.34393,5695
2025-06-23 11:00:00+00:00,1.34387,1.34459,1.3413599999999999,1.34137,4431
2025-06-23 12:00:00+00:00,1.34138,1.34165,1.3369900000000001,1.33841,5916
2025-06-23 13:00:00+00:00,1.3384,1.33932,1.3375,1.3379699999999999,3673
2025-06-23 14:00:00+00:00,1.33792,1.33954,1.33718,1.33942,4160
2025-06-23 15:00:00+00:00,1.3394300000000001,1.33975,1.33734,1.33914,5071
2025-06-23 16:00:00+00:00,1.33914,1.34298,1.33868,1.34243,5881
2025-06-23 17:00:00+00:00,1.34242,1.34945,1.34242,1.34877,8245
2025-06-23 18:00:00+00:00,1.34877,1.35054,1.34864,1.34888,6262
2025-06-23 19:00:00+00:00,1.34889,1.35055,1.34699,1.34917,6684
2025-06-23 20:00:00+00:00,1.3491900000000001,1.35225,1.34893,1.35201,6370
2025-06-23 21:00:00+00:00,1.35202,1.35306,1.35157,1.35202,5013
2025-06-23 22:00:00+00:00,1.35201,1.35285,1.35191,1.35266,3640
2025-06-23 23:00:00+00:00,1.35267,1.353,1.35209,1.35209,1785
2025-06-24 00:00:00+00:00,1.35155,1.3525,1.35076,1.35176,892
2025-06-24 01:00:00+00:00,1.35182,1.35462,1.3517700000000001,1.3538000000000001,2790
2025-06-24 02:00:00+00:00,1.35381,1.35544,1.35306,1.35449,3794
2025-06-24 03:00:00+00:00,1.3545,1.35527,1.35374,1.35481,5356
2025-06-24 04:00:00+00:00,1.3548,1.35561,1.35384,1.35396,4346
2025-06-24 05:00:00+00:00,1.35396,1.35552,1.35348,1.35537,3932
2025-06-24 06:00:00+00:00,1.35538,1.35663,1.35538,1.3563399999999999,2884
2025-06-24 07:00:00+00:00,1.35635,1.3572199999999999,1.35576,1.35643,2399
2025-06-24 08:00:00+00:00,1.35642,1.35705,1.35591,1.35687,3312
2025-06-24 09:00:00+00:00,1.35689,1.35937,1.35657,1.35812,5947
2025-06-24 10:00:00+00:00,1.35812,1.3587,1.3560400000000001,1.35792,6337
2025-06-24 11:00:00+00:00,1.35785,1.3603100000000001,1.35776,1.3599700000000001,5213
2025-06-24 12:00:00+00:00,1.35999,1.36171,1.3599700000000001,1.36089,4116
2025-06-24 13:00:00+00:00,1.36087,1.36129,1.36039,1.3608,3397
2025-06-24 14:00:00+00:00,1.3608,1.36261,1.36074,1.36128,3953
2025-06-24 15:00:00+00:00,1.36129,1.36138,1.35941,1.3600400000000001,4378
2025-06-24 16:00:00+00:00,1.3600400000000001,1.36059,1.3590200000000001,1.35986,6229
2025-06-24 17:00:00+00:00,1.35988,1.36481,1.3597000000000001,1.36215,7953
2025-06-24 18:00:00+00:00,1.36212,1.3633899999999999,1.36121,1.36137,5446
2025-06-24 19:00:00+00:00,1.36137,1.36263,1.36098,1.3624800000000001,4066
2025-06-24 20:00:00+00:00,1.3624800000000001,1.36387,1.36227,1.36348,3420
2025-06-24 21:00:00+00:00,1.36348,1.36374,1.36255,1.36307,3191
2025-06-24 22:00:00+00:00,1.36306,1.36323,1.36184,1.36194,2820
2025-06-24 23:00:00+00:00,1.36198,1.36236,1.3612,1.3612,2158
2025-06-25 00:00:00+00:00,1.36129,1.36178,1.36082,1.36108,297
2025-06-25 01:00:00+00:00,1.36104,1.36144,1.36097,1.36131,1214
2025-06-25 02:00:00+00:00,1.36136,1.3618299999999999,1.36129,1.36145,1330
2025-06-25 03:00:00+00:00,1.36145,1.36189,1.3613,1.36167,4001
2025-06-25 04:00:00+00:00,1.36167,1.36286,1.3614,1.36279,3958
2025-06-25 05:00:00+00:00,1.3628,1.36281,1.3618299999999999,1.36188,3744
2025-06-25 06:00:00+00:00,1.3618700000000001,1.36208,1.3611,1.36118,2974
2025-06-25 07:00:00+00:00,1.36117,1.36159,1.36106,1.36158,2470
2025-06-25 08:00:00+00:00,1.36159,1.36243,1.36139,1.36226,2704
2025-06-25 09:00:00+00:00,1.36227,1.36296,1.36154,1.36253,3761
2025-06-25 10:00:00+00:00,1.36254,1.3633,1.36057,1.3614,4306
2025-06-25 11:00:00+00:00,1.36141,1.3624,1.36096,1.36212,4079
2025-06-25 12:00:00+00:00,1.3620999999999999,1.3621699999999999,1.36026,1.3612199999999999,3749
2025-06-25 13:00:00+00:00,1.36121,1.36136,1.36013,1.36047,3112
2025-06-25 14:00:00+00:00,1.36046,1.36172,1.36033,1.36068,4124
2025-06-25 15:00:00+00:00,1.36067,1.36069,1.3590200000000001,1.35962,3976
2025-06-25 16:00:00+00:00,1.3596300000000001,1.36172,1.35935,1.36082,4371
2025-06-25 17:00:00+00:00,1.36082,1.36272,1.3607,1.36239,5270
2025-06-25 18:00:00+00:00,1.36239,1.36264,1.36164,1.36242,4369
2025-06-25 19:00:00+00:00,1.36243,1.36429,1.36242,1.3639999999999999,4153
2025-06-25 20:00:00+00:00,1.36399,1.36501,1.36359,1.3649200000000001,3499
2025-06-25 21:00:00+00:00,1.36491,1.36623,1.3646,1.36622,2815
2025-06-25 22:00:00+00:00,1.3662,1.36712,1.36613,1.3665,3754
2025-06-25 23:00:00+00:00,1.36649,1.36679,1.36601,1.36605,2151
2025-06-26 00:00:00+00:00,1.3658000000000001,1.3660999999999999,1.3651,1.3656,740
2025-06-26 01:00:00+00:00,1.36561,1.3666,1.36561,1.36654,1292
2025-06-26 02:00:00+00:00,1.36655,1.36909,1.36653,1.36891,3477
2025-06-26 03:00:00+00:00,1.3689,1.36951,1.36871,1.36889,2817
2025-06-26 04:00:00+00:00,1.3689,1.36941,1.36762,1.3691499999999999,3451
2025-06-26 05:00:00+00:00,1.36913,1.37084,1.36887,1.37061,3311
2025-06-26 06:00:00+00:00,1.37061,1.37243,1.37049,1.37104,3897
2025-06-26 07:00:00+00:00,1.3710499999999999,1.37107,1.3698000000000001,1.37003,2864
2025-06-26 08:00:00+00:00,1.37002,1.3711,1.36961,1.37087,3177
2025-06-26 09:00:00+00:00,1.37089,1.37187,1.36977,1.37185,5319
2025-06-26 10:00:00+00:00,1.37185,1.37401,1.37182,1.37361,5484
2025-06-26 11:00:00+00:00,1.37362,1.37642,1.3733,1.3749,5829
2025-06-26 12:00:00+00:00,1.37489,1.37531,1.37339,1.37433,4863
2025-06-26 13:00:00+00:00,1.37433,1.3750200000000001,1.37277,1.37277,3763
2025-06-26 14:00:00+00:00,1.3727800000000001,1.37291,1.3699,1.37069,4456
2025-06-26 15:00:00+00:00,1.37063,1.3727800000000001,1.36989,1.37179,6195
2025-06-26 16:00:00+00:00,1.37182,1.37412,1.37065,1.3740299999999999,7209
2025-06-26 17:00:00+00:00,1.37404,1.3753,1.37272,1.3732,8058
2025-06-26 18:00:00+00:00,1.3732,1.37524,1.3724,1.37514,5801
2025-06-26 19:00:00+00:00,1.37515,1.37702,1.37375,1.37544,4722
2025-06-26 20:00:00+00:00,1.37544,1.37626,1.37535,1.3757,3680
2025-06-26 21:00:00+00:00,1.37569,1.37595,1.3746800000000001,1.37479,3119
2025-06-26 22:00:00+00:00,1.37479,1.37479,1.37279,1.37318,2782
2025-06-26 23:00:00+00:00,1.37318,1.37357,1.37222,1.37241,1961
2025-06-27 00:00:00+00:00,1.37222,1.3729,1.37183,1.37257,834
2025-06-27 01:00:00+00:00,1.37263,1.37271,1.3715899999999999,1.37192,1968
2025-06-27 02:00:00+00:00,1.3719000000000001,1.37299,1.37189,1.37245,1494
2025-06-27 03:00:00+00:00,1.37249,1.37352,1.3724,1.373,3706
2025-06-27 04:00:00+00:00,1.37302,1.37401,1.37233,1.37369,4118
2025-06-27 05:00:00+00:00,1.37369,1.37443,1.3734199999999999,1.37427,3180
2025-06-27 06:00:00+00:00,1.37427,1.37493,1.3735,1.37354,2792
2025-06-27 07:00:00+00:00,1.37353,1.37371,1.37221,1.37223,2047
2025-06-27 08:00:00+00:00,1.37222,1.37301,1.3719700000000001,1.37257,2567
2025-06-27 09:00:00+00:00,1.37255,1.37474,1.37216,1.3747099999999999,4146
2025-06-27 10:00:00+00:00,1.37473,1.37492,1.37336,1.37392,4273
2025-06-27 11:00:00+00:00,1.37394,1.3749799999999999,1.37316,1.37425,3714
2025-06-27 12:00:00+00:00,1.37429,1.37454,1.37336,1.37394,3368
2025-06-27 13:00:00+00:00,1.37399,1.3746399999999999,1.37205,1.37235,3583
2025-06-27 14:00:00+00:00,1.37236,1.37381,1.37232,1.37369,3445
2025-06-27 15:00:00+00:00,1.37371,1.37521,1.37194,1.37401,6519
2025-06-27 16:00:00+00:00,1.37401,1.37463,1.3713899999999999,1.37199,6373
2025-06-27 17:00:00+00:00,1.37189,1.37282,1.37027,1.37144,5954
2025-06-27 18:00:00+00:00,1.37145,1.37276,1.37065,1.37169,5269
2025-06-27 19:00:00+00:00,1.37168,1.37241,1.37025,1.37069,3617
2025-06-27 20:00:00+00:00,1.3706800000000001,1.37117,1.36845,1.36916,5396
2025-06-27 21:00:00+00:00,1.36913,1.36984,1.3682400000000001,1.3696,5112
2025-06-27 22:00:00+00:00,1.3696,1.371,1.36954,1.37063,3502
2025-06-27 23:00:00+00:00,1.37062,1.37199,1.37059,1.37152,2159
2025-06-30 00:00:00+00:00,1.36993,1.37154,1.3698299999999999,1.37134,454
2025-06-30 01:00:00+00:00,1.37127,1.3725800000000001,1.37112,1.37237,2672
2025-06-30 02:00:00+00:00,1.37242,1.3727800000000001,1.37169,1.37177,2044
2025-06-30 03:00:00+00:00,1.3718,1.37216,1.37072,1.37133,3579
2025-06-30 04:00:00+00:00,1.37133,1.37292,1.37107,1.3719299999999999,3386
2025-06-30 05:00:00+00:00,1.3719000000000001,1.37264,1.37158,1.37171,4098
2025-06-30 06:00:00+00:00,1.37171,1.37211,1.3710499999999999,1.37121,2546
2025-06-30 07:00:00+00:00,1.37121,1.37302,1.37108,1.3728799999999999,2630
2025-06-30 08:00:00+00:00,1.37289,1.37401,1.37262,1.37272,3161
2025-06-30 09:00:00+00:00,1.37273,1.3737300000000001,1.37216,1.37339,4281
2025-06-30 10:00:00+00:00,1.37339,1.3734199999999999,1.3701400000000001,1.3702,4947
2025-06-30 11:00:00+00:00,1.3702,1.3704399999999999,1.36927,1.36989,4413
2025-06-30 12:00:00+00:00,1.36988,1.37029,1.36908,1.36936,3578
2025-06-30 13:00:00+00:00,1.36935,1.3701699999999999,1.369,1.37005,2887
2025-06-30 14:00:00+00:00,1.37006,1.37113,1.36958,1.37046,3036
2025-06-30 15:00:00+00:00,1.37048,1.37062,1.36843,1.36929,4203
2025-06-30 16:00:00+00:00,1.36929,1.3694,1.3676300000000001,1.36853,5047
2025-06-30 17:00:00+00:00,1.3685,1.37147,1.3673600000000001,1.37033,7452
2025-06-30 18:00:00+00:00,1.37032,1.3722400000000001,1.36958,1.3719299999999999,6140
2025-06-30 19:00:00+00:00,1.37192,1.3722400000000001,1.36979,1.37137,4270
2025-06-30 20:00:00+00:00,1.3713600000000001,1.3717,1.37029,1.37083,3679
2025-06-30 21:00:00+00:00,1.37085,1.37202,1.37073,1.37173,3671
2025-06-30 22:00:00+00:00,1.37173,1.37274,1.37152,1.3725399999999999,2615
2025-06-30 23:00:00+00:00,1.3725399999999999,1.37348,1.3722699999999999,1.3722699999999999,2322
2025-07-01 00:00:00+00:00,1.37212,1.37327,1.37157,1.37276,1142
2025-07-01 01:00:00+00:00,1.37275,1.37366,1.3726099999999999,1.3731,1468
2025-07-01 02:00:00+00:00,1.3731,1.37329,1.37286,1.37303,1103
2025-07-01 03:00:00+00:00,1.37303,1.37408,1.37303,1.3740299999999999,3309
2025-07-01 04:00:00+00:00,1.37404,1.37482,1.37247,1.3726099999999999,3525
2025-07-01 05:00:00+00:00,1.3726099999999999,1.3737599999999999,1.37234,1.37363,2776
2025-07-01 06:00:00+00:00,1.37364,1.37459,1.37355,1.3737300000000001,2499
2025-07-01 07:00:00+00:00,1.3737599999999999,1.3746800000000001,1.37356,1.3740299999999999,2626
2025-07-01 08:00:00+00:00,1.37404,1.37482,1.37382,1.3746,2626
2025-07-01 09:00:00+00:00,1.37461,1.3749799999999999,1.37366,1.37386,3619
2025-07-01 10:00:00+00:00,1.37388,1.37677,1.37314,1.37668,4484
2025-07-01 11:00:00+00:00,1.37661,1.37831,1.37564,1.37732,4732
2025-07-01 12:00:00+00:00,1.37736,1.3780999999999999,1.37577,1.3774899999999999,5115
2025-07-01 13:00:00+00:00,1.3774899999999999,1.37882,1.37743,1.37748,3427
2025-07-01 14:00:00+00:00,1.37744,1.3778000000000001,1.37535,1.3754,3752
2025-07-01 15:00:00+00:00,1.3754,1.3759299999999999,1.37398,1.37408,4592
2025-07-01 16:00:00+00:00,1.37409,1.3743,1.37283,1.3732199999999999,4902
2025-07-01 17:00:00+00:00,1.37324,1.3734199999999999,1.37077,1.37176,6161
2025-07-01 18:00:00+00:00,1.37175,1.37239,1.3703400000000001,1.37238,4720
2025-07-01 19:00:00+00:00,1.37241,1.37253,1.37115,1.37243,3652
2025-07-01 20:00:00+00:00,1.37246,1.37385,1.37211,1.37364,3108
2025-07-01 21:00:00+00:00,1.37363,1.3737300000000001,1.37309,1.3737,2697
2025-07-01 22:00:00+00:00,1.3737,1.37423,1.37338,1.37397,3299
2025-07-01 23:00:00+00:00,1.37396,1.37497,1.37385,1.37424,2151
2025-07-02 00:00:00+00:00,1.37411,1.37459,1.37365,1.37456,382
2025-07-02 01:00:00+00:00,1.37451,1.37462,1.37406,1.37419,1191
2025-07-02 02:00:00+00:00,1.3742,1.3746800000000001,1.37408,1.37451,882
2025-07-02 03:00:00+00:00,1.3745,1.37487,1.37415,1.37476,2824
2025-07-02 04:00:00+00:00,1.37477,1.3752,1.37357,1.37375,3065
2025-07-02 05:00:00+00:00,1.37375,1.3748,1.3731499999999999,1.37456,2749
2025-07-02 06:00:00+00:00,1.37454,1.37508,1.37394,1.37451,2455
2025-07-02 07:00:00+00:00,1.37453,1.37455,1.37428,1.37435,1776
2025-07-02 08:00:00+00:00,1.37433,1.37451,1.37314,1.37358,2772
2025-07-02 09:00:00+00:00,1.37358,1.374,1.37186,1.37275,3398
2025-07-02 10:00:00+00:00,1.37275,1.37275,1.37052,1.37053,4685
2025-07-02 11:00:00+00:00,1.37053,1.37099,1.36937,1.3697300000000001,3402
2025-07-02 12:00:00+00:00,1.36972,1.37001,1.36874,1.36899,3870
2025-07-02 13:00:00+00:00,1.36899,1.37083,1.3689,1.37031,3147
2025-07-02 14:00:00+00:00,1.3703,1.37125,1.36543,1.3662,4988
2025-07-02 15:00:00+00:00,1.36618,1.3667,1.3588,1.36072,10362
2025-07-02 16:00:00+00:00,1.36071,1.36225,1.35794,1.35856,7919
2025-07-02 17:00:00+00:00,1.35859,1.36023,1.35621,1.35929,6457
2025-07-02 18:00:00+00:00,1.3593,1.36227,1.35872,1.36204,4761
2025-07-02 19:00:00+00:00,1.36204,1.36318,1.36129,1.3630200000000001,4289
2025-07-02 20:00:00+00:00,1.36304,1.36438,1.36298,1.36325,4072
2025-07-02 21:00:00+00:00,1.36325,1.36405,1.36293,1.36357,3167
2025-07-02 22:00:00+00:00,1.36358,1.36376,1.36267,1.36348,2774
2025-07-02 23:00:00+00:00,1.36347,1.36347,1.36264,1.36311,1474
2025-07-03 00:00:00+00:00,1.36304,1.36659,1.36285,1.36493,1528
2025-07-03 01:00:00+00:00,1.3649499999999999,1.36559,1.36455,1.36543,1025
2025-07-03 02:00:00+00:00,1.36543,1.36544,1.36476,1.3648799999999999,1088
2025-07-03 03:00:00+00:00,1.3648799999999999,1.36533,1.3643399999999999,1.36466,3197
2025-07-03 04:00:00+00:00,1.36468,1.36532,1.3642699999999999,1.36483,3041
2025-07-03 05:00:00+00:00,1.36484,1.36484,1.36279,1.3633600000000001,2628
2025-07-03 06:00:00+00:00,1.3633600000000001,1.3637299999999999,1.36242,1.3627099999999999,1909
2025-07-03 07:00:00+00:00,1.3627,1.36294,1.3623,1.36285,1546
2025-07-03 08:00:00+00:00,1.36286,1.36412,1.36245,1.36389,2450
2025-07-03 09:00:00+00:00,1.36388,1.36505,1.36368,1.36497,3696
2025-07-03 10:00:00+00:00,1.36498,1.36747,1.3649200000000001,1.36543,4315
2025-07-03 11:00:00+00:00,1.36545,1.36751,1.36541,1.36636,3949
2025-07-03 12:00:00+00:00,1.36636,1.36665,1.36504,1.36544,4051
2025-07-03 13:00:00+00:00,1.36543,1.3667500000000001,1.36453,1.36602,3467
2025-07-03 14:00:00+00:00,1.36599,1.36628,1.36536,1.36566,3436
2025-07-03 15:00:00+00:00,1.36566,1.36588,1.35853,1.36144,8668
2025-07-03 16:00:00+00:00,1.36145,1.36621,1.36109,1.36573,8454
2025-07-03 17:00:00+00:00,1.3657,1.36735,1.36315,1.36457,7576
2025-07-03 18:00:00+00:00,1.36456,1.36608,1.3639299999999999,1.36524,5541
2025-07-03 19:00:00+00:00,1.36523,1.36541,1.36351,1.36497,3834
2025-07-03 20:00:00+00:00,1.365,1.36511,1.36423,1.36462,1873
2025-07-03 21:00:00+00:00,1.36462,1.3649,1.36398,1.36407,1615
2025-07-03 22:00:00+00:00,1.36406,1.36462,1.36388,1.3645800000000001,1185
2025-07-03 23:00:00+00:00,1.36459,1.36547,1.3643100000000001,1.36534,1416
2025-07-04 00:00:00+00:00,1.3654,1.36548,1.36417,1.3651,802
2025-07-04 01:00:00+00:00,1.3651200000000001,1.3653,1.36498,1.36529,1125
2025-07-04 02:00:00+00:00,1.3653,1.36682,1.36524,1.36653,1146
2025-07-04 03:00:00+00:00,1.36654,1.36673,1.36577,1.36629,2972
2025-07-04 04:00:00+00:00,1.36629,1.3665,1.36445,1.36476,3121
2025-07-04 05:00:00+00:00,1.36475,1.36557,1.36452,1.36527,2985
2025-07-04 06:00:00+00:00,1.36527,1.36613,1.36514,1.36573,2732
2025-07-04 07:00:00+00:00,1.36573,1.3673899999999999,1.36565,1.3673199999999999,2196
2025-07-04 08:00:00+00:00,1.36733,1.36807,1.36733,1.36756,2594
2025-07-04 09:00:00+00:00,1.36758,1.36806,1.36656,1.36756,3917
2025-07-04 10:00:00+00:00,1.36755,1.36778,1.36562,1.3657599999999999,4642
2025-07-04 11:00:00+00:00,1.36577,1.36666,1.36562,1.36636,3797
2025-07-04 12:00:00+00:00,1.36634,1.3664100000000001,1.36514,1.36566,3422
2025-07-04 13:00:00+00:00,1.36566,1.36604,1.36463,1.36476,3525
2025-07-04 14:00:00+00:00,1.36476,1.36552,1.36411,1.36471,3301
2025-07-04 15:00:00+00:00,1.36473,1.36478,1.36342,1.36346,2855
2025-07-04 16:00:00+00:00,1.36347,1.36517,1.36344,1.3648799999999999,3318
2025-07-04 17:00:00+00:00,1.36489,1.3653,1.36371,1.3642,3851
2025-07-04 18:00:00+00:00,1.36418,1.36467,1.36391,1.36438,2973
2025-07-04 19:00:00+00:00,1.36439,1.36508,1.36411,1.36465,2605
2025-07-04 20:00:00+00:00,1.36464,1.36516,1.36462,1.36478,4972
2025-07-04 21:00:00+00:00,1.36478,1.36533,1.36465,1.36532,1374
2025-07-04 22:00:00+00:00,1.36533,1.36538,1.36476,1.36486,8081
2025-07-04 23:00:00+00:00,1.36481,1.36568,1.36364,1.36394,10979
2025-07-07 00:00:00+00:00,1.36506,1.36545,1.36471,1.36474,264
2025-07-07 01:00:00+00:00,1.36479,1.36538,1.36463,1.36521,894
2025-07-07 02:00:00+00:00,1.36523,1.36537,1.36455,1.36503,1271
2025-07-07 03:00:00+00:00,1.36499,1.36571,1.36444,1.36465,3648
2025-07-07 04:00:00+00:00,1.36465,1.36465,1.36314,1.36331,3824
2025-07-07 05:00:00+00:00,1.3632900000000001,1.3637299999999999,1.36249,1.3627799999999999,3209
2025-07-07 06:00:00+00:00,1.3627799999999999,1.36328,1.3625099999999999,1.3627099999999999,2612
2025-07-07 07:00:00+00:00,1.36272,1.36293,1.36152,1.36166,2634
2025-07-07 08:00:00+00:00,1.36165,1.36247,1.36102,1.36222,3067
2025-07-07 09:00:00+00:00,1.36223,1.36258,1.36022,1.3612199999999999,4228
2025-07-07 10:00:00+00:00,1.36121,1.36233,1.3602400000000001,1.36036,4739
2025-07-07 11:00:00+00:00,1.36037,1.36057,1.3578700000000001,1.358,4546
2025-07-07 12:00:00+00:00,1.35799,1.36116,1.35747,1.3608500000000001,4160
2025-07-07 13:00:00+00:00,1.36087,1.36087,1.35941,1.36016,3302
2025-07-07 14:00:00+00:00,1.36015,1.36209,1.3599,1.3615,3148
2025-07-07 15:00:00+00:00,1.3615,1.36204,1.36109,1.36167,3608
2025-07-07 16:00:00+00:00,1.36169,1.36324,1.36132,1.36276,4319
2025-07-07 17:00:00+00:00,1.3627500000000001,1.36471,1.36274,1.36353,4511
2025-07-07 18:00:00+00:00,1.36354,1.36432,1.36282,1.36354,4410
2025-07-07 19:00:00+00:00,1.36357,1.36401,1.3593600000000001,1.35947,5845
2025-07-07 20:00:00+00:00,1.35947,1.36116,1.35886,1.36045,5481
2025-07-07 21:00:00+00:00,1.36043,1.36143,1.35904,1.36112,4736
2025-07-07 22:00:00+00:00,1.36112,1.36162,1.36066,1.36091,3367
2025-07-07 23:00:00+00:00,1.36091,1.36094,1.3596300000000001,1.3596300000000001,2267
2025-07-08 00:00:00+00:00,1.3596,1.36076,1.35947,1.36012,902
2025-07-08 01:00:00+00:00,1.36014,1.36185,1.36014,1.36173,1700
2025-07-08 02:00:00+00:00,1.36174,1.36243,1.36144,1.36229,1449
2025-07-08 03:00:00+00:00,1.3623,1.3636300000000001,1.3623,1.36283,3937
2025-07-08 04:00:00+00:00,1.36282,1.3633,1.36171,1.36249,3727
2025-07-08 05:00:00+00:00,1.3624800000000001,1.36384,1.36225,1.36307,2846
2025-07-08 06:00:00+00:00,1.3630499999999999,1.36386,1.36279,1.36325,2362
2025-07-08 07:00:00+00:00,1.36326,1.36421,1.36291,1.3631,3290
2025-07-08 08:00:00+00:00,1.36308,1.3633899999999999,1.36228,1.36281,3593
2025-07-08 09:00:00+00:00,1.36285,1.36324,1.36235,1.36269,3827
2025-07-08 10:00:00+00:00,1.3626800000000001,1.3645800000000001,1.36267,1.36401,4146
2025-07-08 11:00:00+00:00,1.36402,1.36404,1.36094,1.36115,4169
2025-07-08 12:00:00+00:00,1.36114,1.36141,1.3592,1.35947,3459
2025-07-08 13:00:00+00:00,1.35948,1.3595,1.3575300000000001,1.35767,3325
2025-07-08 14:00:00+00:00,1.35768,1.3585099999999999,1.35723,1.35727,3426
2025-07-08 15:00:00+00:00,1.3572600000000001,1.35842,1.35629,1.35778,4620
2025-07-08 16:00:00+00:00,1.35777,1.35789,1.35396,1.35521,5787
2025-07-08 17:00:00+00:00,1.35519,1.35615,1.35252,1.35443,6789
2025-07-08 18:00:00+00:00,1.35445,1.35786,1.35394,1.35718,5260
2025-07-08 19:00:00+00:00,1.3571900000000001,1.35816,1.35628,1.3578000000000001,5586
2025-07-08 20:00:00+00:00,1.3578299999999999,1.35925,1.35768,1.3591199999999999,5158
2025-07-08 21:00:00+00:00,1.35913,1.35964,1.3584800000000001,1.3593199999999999,4055
2025-07-08 22:00:00+00:00,1.35931,1.35969,1.35843,1.35888,3819
2025-07-08 23:00:00+00:00,1.35881,1.35951,1.35811,1.35811,2097
2025-07-09 00:00:00+00:00,1.35818,1.35898,1.35768,1.3582,1424
2025-07-09 01:00:00+00:00,1.35821,1.35941,1.35805,1.3592,928
2025-07-09 02:00:00+00:00,1.35924,1.35929,1.35832,1.3584100000000001,1231
2025-07-09 03:00:00+00:00,1.35842,1.3587,1.35757,1.35853,3139
2025-07-09 04:00:00+00:00,1.35856,1.3590200000000001,1.35762,1.35859,3801
2025-07-09 05:00:00+00:00,1.35857,1.35923,1.35641,1.35738,4013
2025-07-09 06:00:00+00:00,1.35739,1.35739,1.35639,1.35683,2943
2025-07-09 07:00:00+00:00,1.35684,1.35859,1.3565800000000001,1.3585,2983
2025-07-09 08:00:00+00:00,1.35852,1.35961,1.35834,1.35864,3203
2025-07-09 09:00:00+00:00,1.35864,1.36059,1.3580999999999999,1.36023,3774
2025-07-09 10:00:00+00:00,1.36022,1.36045,1.35784,1.35853,5080
2025-07-09 11:00:00+00:00,1.3585,1.36045,1.35818,1.3600400000000001,4081
2025-07-09 12:00:00+00:00,1.36005,1.36078,1.35916,1.35962,3752
2025-07-09 13:00:00+00:00,1.3596300000000001,1.36032,1.35813,1.35824,3393
2025-07-09 14:00:00+00:00,1.35824,1.35876,1.35732,1.35769,3161
2025-07-09 15:00:00+00:00,1.3577,1.36123,1.35758,1.36077,4744
2025-07-09 16:00:00+00:00,1.36079,1.36193,1.3584100000000001,1.35853,5343
2025-07-09 17:00:00+00:00,1.35854,1.36161,1.3582,1.35876,4011
2025-07-09 18:00:00+00:00,1.35876,1.35938,1.35804,1.35827,3221
2025-07-09 19:00:00+00:00,1.35828,1.35873,1.35786,1.35835,1683
2025-07-09 20:00:00+00:00,1.35831,1.3590900000000001,1.35801,1.35884,1835
2025-07-09 21:00:00+00:00,1.3587799999999999,1.35986,1.3583,1.3587500000000001,1842
2025-07-09 22:00:00+00:00,1.35877,1.36001,1.35865,1.35946,1518
2025-07-09 23:00:00+00:00,1.35946,1.35951,1.35834,1.35839,1187
2025-07-10 00:00:00+00:00,1.3578999999999999,1.35856,1.35768,1.35839,413
2025-07-10 01:00:00+00:00,1.35839,1.35916,1.35822,1.3589,482
2025-07-10 02:00:00+00:00,1.3589,1.35982,1.3587500000000001,1.35976,908
2025-07-10 03:00:00+00:00,1.3597299999999999,1.36129,1.3594300000000001,1.36091,3503
2025-07-10 04:00:00+00:00,1.36082,1.36114,1.36025,1.36063,2762
2025-07-10 05:00:00+00:00,1.36066,1.36118,1.36044,1.36064,2030
2025-07-10 06:00:00+00:00,1.3606500000000001,1.3608799999999999,1.36036,1.36038,1771
2025-07-10 07:00:00+00:00,1.36038,1.36051,1.35994,1.36045,1671
2025-07-10 08:00:00+00:00,1.36046,1.36098,1.36035,1.36089,2272
2025-07-10 09:00:00+00:00,1.36089,1.36169,1.36052,1.36106,2322
2025-07-10 10:00:00+00:00,1.36104,1.36189,1.36016,1.36116,2695
2025-07-10 11:00:00+00:00,1.3612,1.36148,1.3604,1.36052,2255
2025-07-10 12:00:00+00:00,1.36053,1.36157,1.3605,1.36087,1631
2025-07-10 13:00:00+00:00,1.36091,1.3612600000000001,1.3597000000000001,1.35987,1372
2025-07-10 14:00:00+00:00,1.35984,1.35991,1.35716,1.35801,2661
2025-07-10 15:00:00+00:00,1.35801,1.35859,1.35565,1.3559700000000001,3612
2025-07-10 16:00:00+00:00,1.35596,1.35703,1.3544100000000001,1.35523,3574
2025-07-10 17:00:00+00:00,1.35522,1.35569,1.35325,1.3554599999999999,5060
2025-07-10 18:00:00+00:00,1.35547,1.35709,1.35533,1.35667,3796
2025-07-10 19:00:00+00:00,1.35666,1.3572199999999999,1.35595,1.3563399999999999,2728
2025-07-10 20:00:00+00:00,1.35633,1.3575,1.35603,1.35709,1853
2025-07-10 21:00:00+00:00,1.35707,1.35751,1.35689,1.35738,2251
2025-07-10 22:00:00+00:00,1.35739,1.35822,1.35727,1.35752,1502
2025-07-10 23:00:00+00:00,1.35752,1.35832,1.35733,1.35777,1254
2025-07-11 00:00:00+00:00,1.35691,1.35778,1.3563,1.35727,288
2025-07-11 01:00:00+00:00,1.35727,1.35849,1.35697,1.35838,520
2025-07-11 02:00:00+00:00,1.35839,1.35849,1.35765,1.35796,862
2025-07-11 03:00:00+00:00,1.35795,1.3580999999999999,1.35445,1.3554599999999999,4856
2025-07-11 04:00:00+00:00,1.3554,1.3569200000000001,1.35487,1.35585,3859
2025-07-11 05:00:00+00:00,1.35584,1.35609,1.3553,1.3553600000000001,3539
2025-07-11 06:00:00+00:00,1.3553600000000001,1.35659,1.35527,1.35645,3129
2025-07-11 07:00:00+00:00,1.35646,1.35651,1.3548200000000001,1.35556,1917
2025-07-11 08:00:00+00:00,1.35557,1.35638,1.35538,1.35611,2216
2025-07-11 09:00:00+00:00,1.35592,1.35592,1.3531900000000001,1.35334,3427
2025-07-11 10:00:00+00:00,1.35344,1.3556300000000001,1.35344,1.35407,3029
2025-07-11 11:00:00+00:00,1.35408,1.35465,1.35281,1.35349,3216
2025-07-11 12:00:00+00:00,1.35348,1.35522,1.35336,1.35425,2789
2025-07-11 13:00:00+00:00,1.35426,1.35494,1.35283,1.35289,2772
2025-07-11 14:00:00+00:00,1.35289,1.35375,1.34969,1.35025,3553
2025-07-11 15:00:00+00:00,1.35025,1.35101,1.3495599999999999,1.35037,3923
2025-07-11 16:00:00+00:00,1.35035,1.35193,1.34905,1.34946,5104
2025-07-11 17:00:00+00:00,1.34945,1.35074,1.3480699999999999,1.35043,4861
2025-07-11 18:00:00+00:00,1.35043,1.35121,1.34976,1.35018,3695
2025-07-11 19:00:00+00:00,1.3501699999999999,1.3513899999999999,1.34955,1.3506,3145
2025-07-11 20:00:00+00:00,1.35059,1.35154,1.35052,1.35126,1762
2025-07-11 21:00:00+00:00,1.35128,1.35167,1.35084,1.35086,1901
2025-07-11 22:00:00+00:00,1.35087,1.35087,1.34957,1.34967,2224
2025-07-11 23:00:00+00:00,1.34968,1.34971,1.3483800000000001,1.34886,1365
2025-07-14 00:00:00+00:00,1.34826,1.34907,1.34796,1.34845,411
2025-07-14 01:00:00+00:00,1.3484099999999999,1.34954,1.3481,1.34836,2040
2025-07-14 02:00:00+00:00,1.34839,1.34951,1.34828,1.34949,1779
2025-07-14 03:00:00+00:00,1.34949,1.35037,1.34946,1.3498299999999999,3909
2025-07-14 04:00:00+00:00,1.34984,1.35019,1.34877,1.34887,3744
2025-07-14 05:00:00+00:00,1.34887,1.34932,1.34713,1.3473600000000001,2371
2025-07-14 06:00:00+00:00,1.34735,1.34848,1.34728,1.34812,3040
2025-07-14 07:00:00+00:00,1.34812,1.34812,1.34754,1.34755,2533
2025-07-14 08:00:00+00:00,1.34755,1.34781,1.34644,1.34649,3056
2025-07-14 09:00:00+00:00,1.34646,1.34653,1.3451,1.3456000000000001,2726
2025-07-14 10:00:00+00:00,1.34562,1.34878,1.34555,1.34829,3305
2025-07-14 11:00:00+00:00,1.34829,1.34887,1.3473899999999999,1.34749,2794
2025-07-14 12:00:00+00:00,1.34749,1.34877,1.34711,1.3484099999999999,2973
2025-07-14 13:00:00+00:00,1.3483100000000001,1.3492899999999999,1.34798,1.34878,1972
2025-07-14 14:00:00+00:00,1.34878,1.34908,1.34772,1.34821,2538
2025-07-14 15:00:00+00:00,1.34821,1.34916,1.34698,1.3477299999999999,3220
2025-07-14 16:00:00+00:00,1.3477299999999999,1.3484099999999999,1.34674,1.34817,3553
2025-07-14 17:00:00+00:00,1.34819,1.3483100000000001,1.34426,1.3446799999999999,4336
2025-07-14 18:00:00+00:00,1.3446799999999999,1.34585,1.34304,1.34328,4151
2025-07-14 19:00:00+00:00,1.34327,1.34422,1.34264,1.34347,3296
2025-07-14 20:00:00+00:00,1.3434599999999999,1.34403,1.34259,1.34328,1696
2025-07-14 21:00:00+00:00,1.34327,1.34344,1.34261,1.3428,1669
2025-07-14 22:00:00+00:00,1.3428,1.34335,1.34237,1.34259,1461
2025-07-14 23:00:00+00:00,1.3425799999999999,1.343,1.34244,1.34256,758
2025-07-15 00:00:00+00:00,1.34225,1.34308,1.34183,1.3424800000000001,471
2025-07-15 01:00:00+00:00,1.34249,1.34298,1.34239,1.3426,3186
2025-07-15 02:00:00+00:00,1.34261,1.3428499999999999,1.34208,1.34272,1092
2025-07-15 03:00:00+00:00,1.34274,1.34401,1.3425799999999999,1.3435000000000001,2709
2025-07-15 04:00:00+00:00,1.34349,1.34387,1.34262,1.34329,2752
2025-07-15 05:00:00+00:00,1.34332,1.34349,1.34265,1.34324,2798
2025-07-15 06:00:00+00:00,1.34325,1.34342,1.3428,1.34289,1719
2025-07-15 07:00:00+00:00,1.34289,1.34332,1.3427799999999999,1.3430900000000001,1011
2025-07-15 08:00:00+00:00,1.34311,1.34418,1.34308,1.34389,1599
2025-07-15 09:00:00+00:00,1.34381,1.34432,1.343,1.3434300000000001,2487
2025-07-15 10:00:00+00:00,1.34342,1.3452899999999999,1.34272,1.3452899999999999,3277
2025-07-15 11:00:00+00:00,1.3452899999999999,1.3452899999999999,1.34405,1.34457,2599
2025-07-15 12:00:00+00:00,1.34457,1.34578,1.3445,1.34543,2538
2025-07-15 13:00:00+00:00,1.34549,1.34589,1.34477,1.34555,2308
2025-07-15 14:00:00+00:00,1.3455599999999999,1.34559,1.34419,1.34429,2620
2025-07-15 15:00:00+00:00,1.34429,1.34668,1.34313,1.34475,5196
2025-07-15 16:00:00+00:00,1.34475,1.345,1.33991,1.3403800000000001,6477
2025-07-15 17:00:00+00:00,1.34039,1.3409,1.3384800000000001,1.3395299999999999,6153
2025-07-15 18:00:00+00:00,1.33961,1.33997,1.3379699999999999,1.3395000000000001,5009
2025-07-15 19:00:00+00:00,1.33952,1.33984,1.33818,1.33863,4047
2025-07-15 20:00:00+00:00,1.33868,1.33877,1.33785,1.33846,3053
2025-07-15 21:00:00+00:00,1.33846,1.33926,1.33817,1.3389199999999999,2403
2025-07-15 22:00:00+00:00,1.33891,1.33911,1.33829,1.33856,1429
2025-07-15 23:00:00+00:00,1.33856,1.33866,1.33803,1.33814,1331
2025-07-16 00:00:00+00:00,1.33772,1.33833,1.3376299999999999,1.33803,533
2025-07-16 01:00:00+00:00,1.33818,1.3385,1.33805,1.3384800000000001,661
2025-07-16 02:00:00+00:00,1.33849,1.33929,1.33838,1.33926,955
2025-07-16 03:00:00+00:00,1.33925,1.33983,1.33847,1.3393,3820
2025-07-16 04:00:00+00:00,1.33928,1.33999,1.33908,1.33958,3317
2025-07-16 05:00:00+00:00,1.33959,1.3396,1.3383,1.3385099999999999,2162
2025-07-16 06:00:00+00:00,1.33852,1.33938,1.3382,1.33878,2254
2025-07-16 07:00:00+00:00,1.33879,1.3396,1.33862,1.33958,2353
2025-07-16 08:00:00+00:00,1.33958,1.33991,1.33903,1.33965,2139
2025-07-16 09:00:00+00:00,1.33955,1.3416000000000001,1.33936,1.34079,3460
2025-07-16 10:00:00+00:00,1.34079,1.34098,1.3388499999999999,1.33929,3142
2025-07-16 11:00:00+00:00,1.3393,1.34009,1.3389,1.33905,3153
2025-07-16 12:00:00+00:00,1.33908,1.33969,1.33834,1.33959,3108
2025-07-16 13:00:00+00:00,1.33958,1.34055,1.33898,1.34052,2502
2025-07-16 14:00:00+00:00,1.34051,1.34112,1.33961,1.34003,3169
2025-07-16 15:00:00+00:00,1.34002,1.34118,1.3382399999999999,1.3392,5151
2025-07-16 16:00:00+00:00,1.3391899999999999,1.33974,1.33644,1.33757,5972
2025-07-16 17:00:00+00:00,1.33761,1.3401,1.33659,1.33917,5095
2025-07-16 18:00:00+00:00,1.33918,1.34853,1.33918,1.34233,12171
2025-07-16 19:00:00+00:00,1.34237,1.34462,1.34112,1.34211,7377
2025-07-16 20:00:00+00:00,1.34212,1.34401,1.3418700000000001,1.3419699999999999,4073
2025-07-16 21:00:00+00:00,1.34198,1.3422100000000001,1.34048,1.34082,2462
2025-07-16 22:00:00+00:00,1.34082,1.34188,1.3404,1.34171,2284
2025-07-16 23:00:00+00:00,1.34171,1.34216,1.34143,1.34186,1627
2025-07-17 00:00:00+00:00,1.3415,1.34225,1.34112,1.34123,962
2025-07-17 01:00:00+00:00,1.34131,1.34196,1.34125,1.34132,1044
2025-07-17 02:00:00+00:00,1.3413599999999999,1.34164,1.34083,1.34097,975
2025-07-17 03:00:00+00:00,1.3409499999999999,1.34103,1.33951,1.3399,3562
2025-07-17 04:00:00+00:00,1.3399,1.34046,1.3391600000000001,1.3403399999999999,3306
2025-07-17 05:00:00+00:00,1.34032,1.3403399999999999,1.33862,1.33874,2630
2025-07-17 06:00:00+00:00,1.33874,1.33924,1.33835,1.33918,2232
2025-07-17 07:00:00+00:00,1.3392,1.3395000000000001,1.33875,1.33948,1629
2025-07-17 08:00:00+00:00,1.33948,1.33998,1.33903,1.33923,2321
2025-07-17 09:00:00+00:00,1.33932,1.34018,1.33737,1.33829,4871
2025-07-17 10:00:00+00:00,1.3383099999999999,1.33984,1.33799,1.33826,3708
2025-07-17 11:00:00+00:00,1.33826,1.3409900000000001,1.338,1.3409900000000001,2775
2025-07-17 12:00:00+00:00,1.3409900000000001,1.34131,1.33922,1.33981,2808
2025-07-17 13:00:00+00:00,1.33978,1.3403399999999999,1.33913,1.33996,2428
2025-07-17 14:00:00+00:00,1.33997,1.34023,1.33856,1.3391600000000001,2705
2025-07-17 15:00:00+00:00,1.3391600000000001,1.341,1.33795,1.34003,5116
2025-07-17 16:00:00+00:00,1.3400400000000001,1.34083,1.33921,1.33987,4597
2025-07-17 17:00:00+00:00,1.33988,1.34134,1.33942,1.34087,4523
2025-07-17 18:00:00+00:00,1.34086,1.34185,1.34058,1.34121,3417
2025-07-17 19:00:00+00:00,1.34121,1.34202,1.33964,1.33999,2744
2025-07-17 20:00:00+00:00,1.34,1.34081,1.33986,1.3403100000000001,2394
2025-07-17 21:00:00+00:00,1.34029,1.34114,1.34015,1.3409,1385
2025-07-17 22:00:00+00:00,1.3409,1.34195,1.34087,1.3418,1361
2025-07-17 23:00:00+00:00,1.3418,1.34193,1.3413,1.34149,1326
2025-07-18 00:00:00+00:00,1.3407200000000001,1.34179,1.34056,1.34137,526
2025-07-18 01:00:00+00:00,1.3415300000000001,1.3431199999999999,1.34073,1.34292,1332
2025-07-18 02:00:00+00:00,1.34293,1.34342,1.3428499999999999,1.34306,947
2025-07-18 03:00:00+00:00,1.34307,1.34374,1.34274,1.34311,3186
2025-07-18 04:00:00+00:00,1.3431,1.3439999999999999,1.3428499999999999,1.3433899999999999,2861
2025-07-18 05:00:00+00:00,1.3434,1.34388,1.3428,1.34369,2727
2025-07-18 06:00:00+00:00,1.3437000000000001,1.34378,1.34264,1.34288,2193
2025-07-18 07:00:00+00:00,1.34288,1.34291,1.34232,1.34233,1498
2025-07-18 08:00:00+00:00,1.34233,1.34233,1.3412600000000001,1.34155,1478
2025-07-18 09:00:00+00:00,1.34157,1.34322,1.34101,1.3431,2442
2025-07-18 10:00:00+00:00,1.3431199999999999,1.34388,1.34263,1.34297,2859
2025-07-18 11:00:00+00:00,1.34298,1.34422,1.34295,1.34363,2805
2025-07-18 12:00:00+00:00,1.34364,1.34427,1.34344,1.34403,2214
2025-07-18 13:00:00+00:00,1.34403,1.34532,1.34353,1.34513,2198
2025-07-18 14:00:00+00:00,1.34513,1.3457,1.3449200000000001,1.34565,2365
2025-07-18 15:00:00+00:00,1.34566,1.34718,1.345,1.34572,3585
2025-07-18 16:00:00+00:00,1.34572,1.34749,1.3453300000000001,1.3465799999999999,4419
2025-07-18 17:00:00+00:00,1.3469,1.34705,1.3439,1.34415,5692
2025-07-18 18:00:00+00:00,1.34416,1.34477,1.34337,1.34369,4222
2025-07-18 19:00:00+00:00,1.34366,1.34381,1.3416299999999999,1.34182,3679
2025-07-18 20:00:00+00:00,1.34183,1.34209,1.34112,1.3418700000000001,2503
2025-07-18 21:00:00+00:00,1.3418999999999999,1.34209,1.3414,1.3416299999999999,2293
2025-07-18 22:00:00+00:00,1.34164,1.34173,1.34082,1.3413,1887
2025-07-18 23:00:00+00:00,1.34128,1.3415599999999999,1.33999,1.34059,1326
2025-07-21 00:00:00+00:00,1.3412600000000001,1.3425799999999999,1.34123,1.3413300000000001,523
2025-07-21 01:00:00+00:00,1.34134,1.3418999999999999,1.3407499999999999,1.34122,2139
2025-07-21 02:00:00+00:00,1.34122,1.34174,1.34097,1.34144,2223
2025-07-21 03:00:00+00:00,1.34143,1.34193,1.34026,1.34033,3140
2025-07-21 04:00:00+00:00,1.3403100000000001,1.34149,1.34017,1.34116,3806
2025-07-21 05:00:00+00:00,1.34118,1.3415,1.34057,1.34113,2293
2025-07-21 06:00:00+00:00,1.34114,1.34173,1.34103,1.3415300000000001,1840
2025-07-21 07:00:00+00:00,1.3415300000000001,1.3418700000000001,1.34134,1.34181,1865
2025-07-21 08:00:00+00:00,1.34181,1.34246,1.34165,1.34226,2019
2025-07-21 09:00:00+00:00,1.34225,1.34433,1.342,1.34426,2572
2025-07-21 10:00:00+00:00,1.34429,1.3447,1.34351,1.34444,3313
2025-07-21 11:00:00+00:00,1.34445,1.34656,1.34405,1.34515,2972
2025-07-21 12:00:00+00:00,1.34516,1.34585,1.34445,1.34568,2951
2025-07-21 13:00:00+00:00,1.34569,1.34591,1.34459,1.34576,2574
2025-07-21 14:00:00+00:00,1.34577,1.34794,1.34561,1.34779,4229
2025-07-21 15:00:00+00:00,1.34778,1.34832,1.34734,1.34795,3506
2025-07-21 16:00:00+00:00,1.34795,1.34796,1.34662,1.34683,3133
2025-07-21 17:00:00+00:00,1.34683,1.34962,1.34681,1.34921,4376
2025-07-21 18:00:00+00:00,1.34921,1.351,1.34915,1.3495300000000001,3859
2025-07-21 19:00:00+00:00,1.34952,1.34993,1.3489499999999999,1.34938,2831
2025-07-21 20:00:00+00:00,1.34937,1.3495300000000001,1.34832,1.34855,2030
2025-07-21 21:00:00+00:00,1.34857,1.34921,1.34833,1.34898,1704
2025-07-21 22:00:00+00:00,1.34897,1.34917,1.34829,1.3483399999999999,1769
2025-07-21 23:00:00+00:00,1.34833,1.34924,1.34825,1.34896,1865
2025-07-22 00:00:00+00:00,1.34851,1.34882,1.3479999999999999,1.34843,486
2025-07-22 01:00:00+00:00,1.34833,1.34921,1.34833,1.34884,524
2025-07-22 02:00:00+00:00,1.34884,1.34894,1.34851,1.34888,573
2025-07-22 03:00:00+00:00,1.34888,1.34894,1.34785,1.34827,3041
2025-07-22 04:00:00+00:00,1.34827,1.34842,1.3476,1.3479,2736
2025-07-22 05:00:00+00:00,1.34788,1.34871,1.34786,1.34818,2322
2025-07-22 06:00:00+00:00,1.34817,1.34823,1.34772,1.34783,1943
2025-07-22 07:00:00+00:00,1.34783,1.34814,1.34734,1.34762,1965
2025-07-22 08:00:00+00:00,1.34763,1.34788,1.34691,1.34729,2128
2025-07-22 09:00:00+00:00,1.34726,1.34733,1.34657,1.34708,2308
2025-07-22 10:00:00+00:00,1.3470900000000001,1.34737,1.3461400000000001,1.34665,2823
2025-07-22 11:00:00+00:00,1.34664,1.34918,1.34642,1.34893,3516
2025-07-22 12:00:00+00:00,1.3489200000000001,1.34954,1.34856,1.34948,2582
2025-07-22 13:00:00+00:00,1.34947,1.34991,1.34755,1.34772,2477
2025-07-22 14:00:00+00:00,1.34771,1.34877,1.34745,1.34855,2662
2025-07-22 15:00:00+00:00,1.34856,1.34889,1.3475,1.34806,3540
2025-07-22 16:00:00+00:00,1.34805,1.34884,1.34761,1.34842,4435
2025-07-22 17:00:00+00:00,1.3484099999999999,1.3507799999999999,1.34705,1.35006,5788
2025-07-22 18:00:00+00:00,1.35005,1.3519,1.3495599999999999,1.35188,4231
2025-07-22 19:00:00+00:00,1.35188,1.35321,1.35171,1.3529200000000001,3266
2025-07-22 20:00:00+00:00,1.3529200000000001,1.35301,1.35198,1.35225,2547
2025-07-22 21:00:00+00:00,1.35223,1.35271,1.35185,1.35267,1901
2025-07-22 22:00:00+00:00,1.35267,1.35321,1.35242,1.35306,1969
2025-07-22 23:00:00+00:00,1.35306,1.35333,1.35253,1.35314,1323
2025-07-23 00:00:00+00:00,1.35248,1.35297,1.35222,1.35227,490
2025-07-23 01:00:00+00:00,1.3522,1.35274,1.35216,1.35251,696
2025-07-23 02:00:00+00:00,1.35252,1.35343,1.35182,1.35205,1822
2025-07-23 03:00:00+00:00,1.35205,1.35267,1.35168,1.3526,3751
2025-07-23 04:00:00+00:00,1.3526,1.35278,1.3516,1.3522,3669
2025-07-23 05:00:00+00:00,1.35222,1.35291,1.35158,1.35191,4171
2025-07-23 06:00:00+00:00,1.35191,1.35344,1.35188,1.35272,2593
2025-07-23 07:00:00+00:00,1.3527,1.35307,1.35216,1.3526799999999999,2176
2025-07-23 08:00:00+00:00,1.35269,1.35302,1.3519,1.35222,2501
2025-07-23 09:00:00+00:00,1.35222,1.35328,1.35148,1.35325,3333
2025-07-23 10:00:00+00:00,1.35325,1.35481,1.35318,1.35429,3128
2025-07-23 11:00:00+00:00,1.35429,1.3548,1.35358,1.35412,3401
2025-07-23 12:00:00+00:00,1.35413,1.3548200000000001,1.3536000000000001,1.3545099999999999,2693
2025-07-23 13:00:00+00:00,1.3545099999999999,1.35456,1.35342,1.35344,2599
2025-07-23 14:00:00+00:00,1.35344,1.3543,1.35324,1.35391,3042
2025-07-23 15:00:00+00:00,1.35391,1.35452,1.35296,1.35449,3410
2025-07-23 16:00:00+00:00,1.3545,1.35472,1.3523,1.35442,4496
2025-07-23 17:00:00+00:00,1.35442,1.3563,1.3538700000000001,1.3559700000000001,4628
2025-07-23 18:00:00+00:00,1.3559700000000001,1.35759,1.35526,1.35653,4807
2025-07-23 19:00:00+00:00,1.35654,1.35713,1.35533,1.35609,5078
2025-07-23 20:00:00+00:00,1.3561,1.3573,1.3556599999999999,1.35673,3838
2025-07-23 21:00:00+00:00,1.35673,1.35802,1.35673,1.35778,2525
2025-07-23 22:00:00+00:00,1.35782,1.35832,1.3575,1.35811,2887
2025-07-23 23:00:00+00:00,1.35811,1.35834,1.35765,1.35793,2130
2025-07-24 00:00:00+00:00,1.35711,1.35793,1.35711,1.3578299999999999,176
2025-07-24 01:00:00+00:00,1.35793,1.35855,1.3578000000000001,1.35824,992
2025-07-24 02:00:00+00:00,1.3583,1.35867,1.35774,1.35781,1069
2025-07-24 03:00:00+00:00,1.3578000000000001,1.3578299999999999,1.35705,1.35733,3950
2025-07-24 04:00:00+00:00,1.35734,1.35881,1.3572899999999999,1.35816,4305
2025-07-24 05:00:00+00:00,1.35816,1.35834,1.3574,1.35802,2835
2025-07-24 06:00:00+00:00,1.35802,1.35845,1.35763,1.35779,2707
2025-07-24 07:00:00+00:00,1.35778,1.35809,1.35744,1.35789,2575
2025-07-24 08:00:00+00:00,1.35791,1.3581400000000001,1.35752,1.35776,2931
2025-07-24 09:00:00+00:00,1.35776,1.35776,1.35613,1.35621,3183
2025-07-24 10:00:00+00:00,1.35621,1.35671,1.35561,1.35598,3515
2025-07-24 11:00:00+00:00,1.35596,1.35654,1.35422,1.35433,3905
2025-07-24 12:00:00+00:00,1.35432,1.35474,1.35395,1.35472,3863
2025-07-24 13:00:00+00:00,1.35471,1.3550200000000001,1.35348,1.3538299999999999,2812
2025-07-24 14:00:00+00:00,1.35384,1.3551,1.35366,1.3551,2862
2025-07-24 15:00:00+00:00,1.3551,1.3553600000000001,1.3531,1.35348,4011
2025-07-24 16:00:00+00:00,1.35347,1.35534,1.35323,1.35517,6496
2025-07-24 17:00:00+00:00,1.35519,1.35621,1.35314,1.3541400000000001,5192
2025-07-24 18:00:00+00:00,1.35415,1.35423,1.35215,1.3523100000000001,5543
2025-07-24 19:00:00+00:00,1.3523,1.35267,1.35045,1.35107,3420
2025-07-24 20:00:00+00:00,1.35107,1.35275,1.35096,1.35178,2688
2025-07-24 21:00:00+00:00,1.35178,1.35208,1.3513899999999999,1.35156,2237
2025-07-24 22:00:00+00:00,1.35156,1.35194,1.35065,1.3507,2655
2025-07-24 23:00:00+00:00,1.35074,1.35106,1.3502399999999999,1.35086,2534
2025-07-25 00:00:00+00:00,1.35056,1.35099,1.35016,1.3505,833
2025-07-25 01:00:00+00:00,1.35059,1.35065,1.35023,1.35049,909
2025-07-25 02:00:00+00:00,1.3505099999999999,1.35101,1.35032,1.35079,1331
2025-07-25 03:00:00+00:00,1.3508,1.3511600000000001,1.35023,1.35067,3860
2025-07-25 04:00:00+00:00,1.35066,1.35117,1.34966,1.34989,3930
2025-07-25 05:00:00+00:00,1.3498999999999999,1.35002,1.34896,1.34931,2452
2025-07-25 06:00:00+00:00,1.34931,1.34966,1.34878,1.34938,1615
2025-07-25 07:00:00+00:00,1.34939,1.34986,1.3485800000000001,1.34907,3075
2025-07-25 08:00:00+00:00,1.34906,1.3504,1.34881,1.3502,2518
2025-07-25 09:00:00+00:00,1.35007,1.35023,1.3480699999999999,1.3489499999999999,3606
2025-07-25 10:00:00+00:00,1.34896,1.3491900000000001,1.34663,1.34679,4263
2025-07-25 11:00:00+00:00,1.3468,1.3476,1.3458999999999999,1.3462399999999999,4479
2025-07-25 12:00:00+00:00,1.34623,1.34633,1.34501,1.34625,2978
2025-07-25 13:00:00+00:00,1.34623,1.34637,1.3452,1.34571,2751
2025-07-25 14:00:00+00:00,1.3457,1.34596,1.34383,1.34501,3749
2025-07-25 15:00:00+00:00,1.34506,1.34543,1.34228,1.34328,3788
2025-07-25 16:00:00+00:00,1.3433,1.34392,1.34157,1.34368,6910
2025-07-25 17:00:00+00:00,1.34374,1.3443,1.34277,1.34296,5377
2025-07-25 18:00:00+00:00,1.34295,1.3437999999999999,1.3417,1.34265,4298
2025-07-25 19:00:00+00:00,1.34263,1.3429,1.3416299999999999,1.34203,3244
2025-07-25 20:00:00+00:00,1.34202,1.34293,1.3418999999999999,1.34269,2082
2025-07-25 21:00:00+00:00,1.34271,1.34358,1.34252,1.34347,2122
2025-07-25 22:00:00+00:00,1.3434599999999999,1.34375,1.34318,1.34372,1766
2025-07-25 23:00:00+00:00,1.34374,1.34386,1.34279,1.3431899999999999,2067
2025-07-28 00:00:00+00:00,1.3421699999999999,1.34387,1.3421699999999999,1.34383,182
2025-07-28 01:00:00+00:00,1.34383,1.3446500000000001,1.3429,1.34342,1855
2025-07-28 02:00:00+00:00,1.3434300000000001,1.34424,1.3431600000000001,1.34374,1404
2025-07-28 03:00:00+00:00,1.34372,1.34486,1.34354,1.3443,4363
2025-07-28 04:00:00+00:00,1.34429,1.34521,1.34304,1.3435000000000001,4263
2025-07-28 05:00:00+00:00,1.34351,1.34426,1.34295,1.34387,2931
2025-07-28 06:00:00+00:00,1.34386,1.34423,1.34337,1.3442,2335
2025-07-28 07:00:00+00:00,1.34422,1.34444,1.3432,1.34355,2482
2025-07-28 08:00:00+00:00,1.34356,1.3436,1.34253,1.34264,2575
2025-07-28 09:00:00+00:00,1.34265,1.34303,1.3406,1.34209,4392
2025-07-28 10:00:00+00:00,1.34209,1.3430900000000001,1.34055,1.34083,5169
2025-07-28 11:00:00+00:00,1.34084,1.34284,1.3406,1.34204,4382
2025-07-28 12:00:00+00:00,1.34203,1.34264,1.34107,1.3414,3298
2025-07-28 13:00:00+00:00,1.3414,1.34211,1.3408,1.34181,3421
2025-07-28 14:00:00+00:00,1.34184,1.34292,1.34022,1.34262,4217
2025-07-28 15:00:00+00:00,1.34266,1.3437700000000001,1.34215,1.34372,5233
2025-07-28 16:00:00+00:00,1.34372,1.34394,1.34087,1.3415,5100
2025-07-28 17:00:00+00:00,1.34149,1.34256,1.34087,1.34117,5426
2025-07-28 18:00:00+00:00,1.34117,1.34134,1.33906,1.33906,4542
2025-07-28 19:00:00+00:00,1.33906,1.33915,1.33755,1.33783,2885
2025-07-28 20:00:00+00:00,1.33782,1.3379699999999999,1.33567,1.33592,2456
2025-07-28 21:00:00+00:00,1.33592,1.33598,1.33517,1.33531,2307
2025-07-28 22:00:00+00:00,1.33532,1.33551,1.33507,1.33539,1362
2025-07-28 23:00:00+00:00,1.33545,1.33579,1.33518,1.33538,1298
2025-07-29 00:00:00+00:00,1.33499,1.33578,1.33499,1.33561,977
2025-07-29 01:00:00+00:00,1.33564,1.33603,1.33525,1.33599,926
2025-07-29 02:00:00+00:00,1.33598,1.3361,1.3355000000000001,1.3359,1018
2025-07-29 03:00:00+00:00,1.3359,1.33592,1.33444,1.33448,3219
2025-07-29 04:00:00+00:00,1.33448,1.33579,1.33447,1.33488,4052
2025-07-29 05:00:00+00:00,1.3349199999999999,1.33562,1.3348499999999999,1.33555,3401
2025-07-29 06:00:00+00:00,1.33554,1.3357,1.33401,1.33404,2830
2025-07-29 07:00:00+00:00,1.33403,1.335,1.33359,1.3348900000000001,2817
2025-07-29 08:00:00+00:00,1.3349,1.3353,1.33433,1.3348200000000001,2003
2025-07-29 09:00:00+00:00,1.3348200000000001,1.33532,1.33237,1.33263,3789
2025-07-29 10:00:00+00:00,1.3326500000000001,1.33359,1.33149,1.33324,4185
2025-07-29 11:00:00+00:00,1.33321,1.33479,1.33281,1.33411,3695
2025-07-29 12:00:00+00:00,1.33411,1.33583,1.33411,1.33531,3619
2025-07-29 13:00:00+00:00,1.3353,1.33613,1.33491,1.33499,3071
2025-07-29 14:00:00+00:00,1.33499,1.33523,1.33266,1.3339699999999999,4624
2025-07-29 15:00:00+00:00,1.33398,1.33432,1.33148,1.33149,3997
2025-07-29 16:00:00+00:00,1.33149,1.33256,1.33073,1.33251,5242
2025-07-29 17:00:00+00:00,1.33251,1.33365,1.33091,1.33276,7038
2025-07-29 18:00:00+00:00,1.33276,1.3343099999999999,1.33258,1.33378,5179
2025-07-29 19:00:00+00:00,1.33377,1.3347,1.33372,1.3338,3661
2025-07-29 20:00:00+00:00,1.33381,1.3352,1.33362,1.3338999999999999,2841
2025-07-29 21:00:00+00:00,1.33389,1.3355299999999999,1.3335,1.33551,2489
2025-07-29 22:00:00+00:00,1.33551,1.3363399999999999,1.33523,1.33559,2460
2025-07-29 23:00:00+00:00,1.3356,1.33594,1.33467,1.33467,1880
2025-07-30 00:00:00+00:00,1.33416,1.3351,1.3341,1.33435,416
2025-07-30 01:00:00+00:00,1.33435,1.33529,1.33408,1.33518,742
2025-07-30 02:00:00+00:00,1.33518,1.3353,1.3348900000000001,1.33529,604
2025-07-30 03:00:00+00:00,1.33529,1.33658,1.3352,1.3365,3404
2025-07-30 04:00:00+00:00,1.33651,1.33687,1.33559,1.33565,4378
2025-07-30 05:00:00+00:00,1.33564,1.33642,1.33544,1.3359,2700
2025-07-30 06:00:00+00:00,1.33589,1.33684,1.33557,1.33589,2881
2025-07-30 07:00:00+00:00,1.33589,1.33591,1.33491,1.33501,3590
2025-07-30 08:00:00+00:00,1.33501,1.33547,1.33463,1.33476,2435
2025-07-30 09:00:00+00:00,1.33478,1.33648,1.33411,1.3364,3290
2025-07-30 10:00:00+00:00,1.33639,1.33679,1.33581,1.3360400000000001,3127
2025-07-30 11:00:00+00:00,1.33608,1.33685,1.3357999999999999,1.33669,3401
2025-07-30 12:00:00+00:00,1.33667,1.33813,1.3365,1.33809,3517
2025-07-30 13:00:00+00:00,1.33807,1.3385,1.33615,1.33628,3466
2025-07-30 14:00:00+00:00,1.33625,1.33732,1.33568,1.33724,2839
2025-07-30 15:00:00+00:00,1.3372600000000001,1.33792,1.33066,1.3308499999999999,6956
2025-07-30 16:00:00+00:00,1.3308499999999999,1.33132,1.32741,1.32812,6646
2025-07-30 17:00:00+00:00,1.32813,1.32945,1.32783,1.3290199999999999,5811
2025-07-30 18:00:00+00:00,1.32901,1.32911,1.32709,1.32722,5249
2025-07-30 19:00:00+00:00,1.32724,1.3281399999999999,1.32691,1.3281100000000001,2994
2025-07-30 20:00:00+00:00,1.32813,1.32917,1.32797,1.3290199999999999,2514
2025-07-30 21:00:00+00:00,1.32903,1.33125,1.32381,1.32381,9836
2025-07-30 22:00:00+00:00,1.32382,1.3251,1.32273,1.32443,6469
2025-07-30 23:00:00+00:00,1.32443,1.32538,1.32342,1.32352,3466
2025-07-31 00:00:00+00:00,1.32267,1.32351,1.32267,1.32336,667
2025-07-31 01:00:00+00:00,1.32336,1.32541,1.32336,1.3253,1045
2025-07-31 02:00:00+00:00,1.32531,1.32582,1.32483,1.32552,1170
2025-07-31 03:00:00+00:00,1.32553,1.32571,1.32431,1.32505,4002
2025-07-31 04:00:00+00:00,1.3250600000000001,1.32583,1.32412,1.32571,4464
2025-07-31 05:00:00+00:00,1.3256999999999999,1.32614,1.32517,1.32595,3841
2025-07-31 06:00:00+00:00,1.3259400000000001,1.32625,1.32458,1.32589,3032
2025-07-31 07:00:00+00:00,1.32589,1.3269199999999999,1.32552,1.32683,2481
2025-07-31 08:00:00+00:00,1.32682,1.32715,1.32635,1.32639,2690
2025-07-31 09:00:00+00:00,1.32639,1.32813,1.32621,1.32774,3435
2025-07-31 10:00:00+00:00,1.32773,1.32779,1.3244,1.32587,3932
2025-07-31 11:00:00+00:00,1.32585,1.32605,1.3239,1.32493,4194
2025-07-31 12:00:00+00:00,1.32493,1.32495,1.32284,1.32287,2936
2025-07-31 13:00:00+00:00,1.3229,1.32337,1.32093,1.32277,3487
2025-07-31 14:00:00+00:00,1.32278,1.32413,1.32216,1.3238699999999999,3359
2025-07-31 15:00:00+00:00,1.32388,1.32399,1.3208199999999999,1.3216,5286
2025-07-31 16:00:00+00:00,1.32161,1.32179,1.31872,1.31883,5528
2025-07-31 17:00:00+00:00,1.31882,1.3238699999999999,1.31852,1.32314,6620
2025-07-31 18:00:00+00:00,1.32313,1.32364,1.32176,1.32191,5784
2025-07-31 19:00:00+00:00,1.32191,1.32366,1.3216999999999999,1.32222,3339
2025-07-31 20:00:00+00:00,1.32221,1.32225,1.3202099999999999,1.3203,3874
2025-07-31 21:00:00+00:00,1.32031,1.3223500000000001,1.3198699999999999,1.32183,2072
2025-07-31 22:00:00+00:00,1.32183,1.3226499999999999,1.32053,1.32057,2195
2025-07-31 23:00:00+00:00,1.32056,1.321,1.31992,1.32042,2487
2025-08-01 00:00:00+00:00,1.32056,1.32122,1.31966,1.31978,756
2025-08-01 01:00:00+00:00,1.31979,1.32084,1.31976,1.32058,1003
2025-08-01 02:00:00+00:00,1.32056,1.3211,1.31992,1.32073,2127
2025-08-01 03:00:00+00:00,1.32073,1.32128,1.32008,1.32095,4345
2025-08-01 04:00:00+00:00,1.32095,1.32123,1.3192,1.31951,4041
2025-08-01 05:00:00+00:00,1.31951,1.31975,1.31894,1.31947,3123
2025-08-01 06:00:00+00:00,1.31945,1.3204099999999999,1.31941,1.32003,2804
2025-08-01 07:00:00+00:00,1.32004,1.3201,1.31934,1.31983,2189
2025-08-01 08:00:00+00:00,1.31982,1.32063,1.31951,1.3202099999999999,2659
2025-08-01 09:00:00+00:00,1.32016,1.32126,1.31977,1.32039,2940
2025-08-01 10:00:00+00:00,1.32042,1.32067,1.31855,1.3194,3730
2025-08-01 11:00:00+00:00,1.31941,1.31942,1.31596,1.31602,3612
2025-08-01 12:00:00+00:00,1.31603,1.31659,1.31409,1.31475,3389
2025-08-01 13:00:00+00:00,1.31476,1.31666,1.31459,1.31665,3428
2025-08-01 14:00:00+00:00,1.31664,1.31732,1.31569,1.31575,3489
2025-08-01 15:00:00+00:00,1.31577,1.33026,1.31397,1.3284099999999999,9821
2025-08-01 16:00:00+00:00,1.3284,1.33101,1.32625,1.32701,12474
2025-08-01 17:00:00+00:00,1.32693,1.32892,1.32568,1.3263,11201
2025-08-01 18:00:00+00:00,1.32629,1.3271899999999999,1.3244099999999999,1.32574,6324
2025-08-01 19:00:00+00:00,1.32573,1.32644,1.32417,1.32447,4090
2025-08-01 20:00:00+00:00,1.32446,1.3245,1.32151,1.32282,3888
2025-08-01 21:00:00+00:00,1.32281,1.32501,1.32217,1.3225799999999999,3318
2025-08-01 22:00:00+00:00,1.32259,1.32764,1.32243,1.32607,4390
2025-08-01 23:00:00+00:00,1.3261,1.32917,1.32603,1.32792,2818
2025-08-04 00:00:00+00:00,1.32764,1.32802,1.32709,1.32715,448
2025-08-04 01:00:00+00:00,1.3271,1.3285,1.3271,1.32776,2088
2025-08-04 02:00:00+00:00,1.32782,1.32916,1.32754,1.32904,1828
2025-08-04 03:00:00+00:00,1.32905,1.32925,1.32579,1.3261,4861
2025-08-04 04:00:00+00:00,1.3261,1.32772,1.32531,1.3276,4331
2025-08-04 05:00:00+00:00,1.32759,1.3284099999999999,1.32722,1.32806,3579
2025-08-04 06:00:00+00:00,1.32804,1.32892,1.32804,1.32823,3123
2025-08-04 07:00:00+00:00,1.32824,1.32873,1.32772,1.32773,2296
2025-08-04 08:00:00+00:00,1.32774,1.32825,1.32694,1.32752,1990
2025-08-04 09:00:00+00:00,1.32752,1.3290600000000001,1.3268499999999999,1.3283800000000001,3890
2025-08-04 10:00:00+00:00,1.32839,1.32847,1.3264,1.32763,4336
2025-08-04 11:00:00+00:00,1.32763,1.32785,1.32652,1.32774,3929
2025-08-04 12:00:00+00:00,1.32773,1.33057,1.32751,1.32918,4012
2025-08-04 13:00:00+00:00,1.32918,1.32974,1.32703,1.32965,3547
2025-08-04 14:00:00+00:00,1.32965,1.33135,1.32903,1.32942,3796
2025-08-04 15:00:00+00:00,1.32943,1.33113,1.32821,1.32971,4800
2025-08-04 16:00:00+00:00,1.3296999999999999,1.33125,1.32948,1.33014,5283
2025-08-04 17:00:00+00:00,1.33016,1.33303,1.32869,1.32928,6506
2025-08-04 18:00:00+00:00,1.32927,1.32984,1.3277700000000001,1.32869,3889
2025-08-04 19:00:00+00:00,1.3287,1.32921,1.3277,1.32847,2638
2025-08-04 20:00:00+00:00,1.32847,1.32853,1.32758,1.32809,2557
2025-08-04 21:00:00+00:00,1.3281100000000001,1.32852,1.32729,1.32751,2478
2025-08-04 22:00:00+00:00,1.32752,1.3281100000000001,1.32717,1.32758,2182
2025-08-04 23:00:00+00:00,1.32762,1.32877,1.32742,1.32823,2410
2025-08-05 00:00:00+00:00,1.32795,1.32876,1.32755,1.32781,589
2025-08-05 01:00:00+00:00,1.32781,1.32932,1.32749,1.32919,1266
2025-08-05 02:00:00+00:00,1.32927,1.32991,1.3291,1.3296999999999999,1548
2025-08-05 03:00:00+00:00,1.32971,1.33023,1.32891,1.32983,3666
2025-08-05 04:00:00+00:00,1.32984,1.32988,1.32869,1.32887,3812
2025-08-05 05:00:00+00:00,1.32889,1.32891,1.328,1.32835,3492
2025-08-05 06:00:00+00:00,1.32835,1.32843,1.32759,1.32765,2804
2025-08-05 07:00:00+00:00,1.32764,1.32869,1.32751,1.32851,2564
2025-08-05 08:00:00+00:00,1.32853,1.32853,1.32706,1.3274,2459
2025-08-05 09:00:00+00:00,1.32743,1.32921,1.3271899999999999,1.32785,2275
2025-08-05 10:00:00+00:00,1.32786,1.32947,1.32591,1.32722,3654
2025-08-05 11:00:00+00:00,1.32721,1.32883,1.3266,1.32793,3827
2025-08-05 12:00:00+00:00,1.32794,1.32943,1.32763,1.32916,3244
2025-08-05 13:00:00+00:00,1.32916,1.32944,1.32826,1.32855,3029
2025-08-05 14:00:00+00:00,1.32853,1.32853,1.3265799999999999,1.32801,3289
2025-08-05 15:00:00+00:00,1.32802,1.32888,1.32695,1.32812,4796
2025-08-05 16:00:00+00:00,1.32812,1.32946,1.32681,1.32724,4862
2025-08-05 17:00:00+00:00,1.32828,1.32924,1.32679,1.32894,8092
2025-08-05 18:00:00+00:00,1.32893,1.33086,1.32884,1.33067,5533
2025-08-05 19:00:00+00:00,1.33069,1.33154,1.33035,1.3308900000000001,3243
2025-08-05 20:00:00+00:00,1.3309,1.3315000000000001,1.33008,1.33039,2586
2025-08-05 21:00:00+00:00,1.33037,1.33054,1.32907,1.32943,3620
2025-08-05 22:00:00+00:00,1.32944,1.32962,1.32883,1.32956,2739
2025-08-05 23:00:00+00:00,1.32956,1.33013,1.32917,1.32981,1879
2025-08-06 00:00:00+00:00,1.32941,1.32954,1.32862,1.3293300000000001,902
2025-08-06 01:00:00+00:00,1.32934,1.32984,1.32913,1.32965,1320
2025-08-06 02:00:00+00:00,1.32966,1.33004,1.32952,1.32978,1138
2025-08-06 03:00:00+00:00,1.32976,1.33053,1.3296999999999999,1.3300100000000001,2945
2025-08-06 04:00:00+00:00,1.33002,1.33002,1.32944,1.32974,2620
2025-08-06 05:00:00+00:00,1.32974,1.33042,1.32952,1.32999,2685
2025-08-06 06:00:00+00:00,1.33,1.3309199999999999,1.33,1.33086,2237
2025-08-06 07:00:00+00:00,1.33086,1.33133,1.33071,1.33109,2314
2025-08-06 08:00:00+00:00,1.33108,1.33113,1.33018,1.33049,2111
2025-08-06 09:00:00+00:00,1.33043,1.3308499999999999,1.33,1.3301,2668
2025-08-06 10:00:00+00:00,1.33011,1.33033,1.32895,1.33025,3124
2025-08-06 11:00:00+00:00,1.3302800000000001,1.3302800000000001,1.3281,1.32833,3107
2025-08-06 12:00:00+00:00,1.32831,1.33016,1.3283,1.32975,2320
2025-08-06 13:00:00+00:00,1.32974,1.33231,1.3295,1.33166,3648
2025-08-06 14:00:00+00:00,1.33165,1.33296,1.3311,1.33171,2969
2025-08-06 15:00:00+00:00,1.33172,1.3320400000000001,1.33075,1.33167,2944
2025-08-06 16:00:00+00:00,1.33166,1.33286,1.3314300000000001,1.33251,4437
2025-08-06 17:00:00+00:00,1.33254,1.33314,1.33122,1.3329900000000001,5020
2025-08-06 18:00:00+00:00,1.33298,1.3357999999999999,1.33274,1.3357700000000001,4578
2025-08-06 19:00:00+00:00,1.33576,1.33618,1.33415,1.33465,4171
2025-08-06 20:00:00+00:00,1.33462,1.33597,1.33446,1.33549,3221
2025-08-06 21:00:00+00:00,1.33552,1.33676,1.33539,1.33625,2109
2025-08-06 22:00:00+00:00,1.33625,1.33644,1.33536,1.33565,1646
2025-08-06 23:00:00+00:00,1.33563,1.33595,1.33491,1.33549,1954
2025-08-07 00:00:00+00:00,1.3348499999999999,1.33549,1.33449,1.33535,1138
2025-08-07 01:00:00+00:00,1.3354599999999999,1.33597,1.3348,1.33576,1499
2025-08-07 02:00:00+00:00,1.3357700000000001,1.33598,1.33549,1.33568,1237
2025-08-07 03:00:00+00:00,1.3357,1.3357700000000001,1.33457,1.33473,2694
2025-08-07 04:00:00+00:00,1.33472,1.33589,1.33452,1.3354,2614
2025-08-07 05:00:00+00:00,1.3354,1.33596,1.3349,1.33515,2058
2025-08-07 06:00:00+00:00,1.33514,1.3360400000000001,1.33479,1.33592,2453
2025-08-07 07:00:00+00:00,1.33592,1.33681,1.3357299999999999,1.33677,2448
2025-08-07 08:00:00+00:00,1.33677,1.33705,1.33628,1.33696,1888
2025-08-07 09:00:00+00:00,1.337,1.33762,1.33655,1.3373599999999999,2588
2025-08-07 10:00:00+00:00,1.33737,1.3379400000000001,1.3367,1.33738,2617
2025-08-07 11:00:00+00:00,1.33737,1.3379400000000001,1.33626,1.33686,4240
2025-08-07 12:00:00+00:00,1.33685,1.3372,1.33647,1.33677,2571
2025-08-07 13:00:00+00:00,1.33677,1.3378700000000001,1.33647,1.33774,2793
2025-08-07 14:00:00+00:00,1.33774,1.34314,1.33741,1.34124,5639
2025-08-07 15:00:00+00:00,1.34124,1.34361,1.34117,1.34202,5482
2025-08-07 16:00:00+00:00,1.34204,1.34305,1.3414,1.34232,5368
2025-08-07 17:00:00+00:00,1.34232,1.3425799999999999,1.3395000000000001,1.3403100000000001,7308
2025-08-07 18:00:00+00:00,1.34032,1.34338,1.33901,1.34305,4439
2025-08-07 19:00:00+00:00,1.34306,1.34326,1.34235,1.34294,3099
2025-08-07 20:00:00+00:00,1.34293,1.34322,1.34184,1.3419699999999999,3311
2025-08-07 21:00:00+00:00,1.3419699999999999,1.34238,1.3403100000000001,1.3409499999999999,2133
2025-08-07 22:00:00+00:00,1.3409499999999999,1.34435,1.34066,1.34426,4158
2025-08-07 23:00:00+00:00,1.34424,1.34477,1.34396,1.34437,2889
2025-08-08 00:00:00+00:00,1.3439,1.34406,1.3433,1.3437700000000001,804
2025-08-08 01:00:00+00:00,1.3437999999999999,1.34491,1.34367,1.34477,1521
2025-08-08 02:00:00+00:00,1.34478,1.34518,1.34457,1.34506,1287
2025-08-08 03:00:00+00:00,1.34508,1.34528,1.34429,1.34477,3479
2025-08-08 04:00:00+00:00,1.34477,1.3450199999999999,1.34337,1.34365,3112
2025-08-08 05:00:00+00:00,1.34365,1.34446,1.34363,1.34419,1835
2025-08-08 06:00:00+00:00,1.34419,1.34419,1.3435000000000001,1.34383,1874
2025-08-08 07:00:00+00:00,1.34384,1.3439,1.3434300000000001,1.34347,1243
2025-08-08 08:00:00+00:00,1.3434599999999999,1.34355,1.34243,1.34252,1982
2025-08-08 09:00:00+00:00,1.34252,1.3431199999999999,1.34238,1.3428499999999999,1862
2025-08-08 10:00:00+00:00,1.34286,1.34483,1.34284,1.34413,3289
2025-08-08 11:00:00+00:00,1.34415,1.34504,1.34266,1.3434,3916
2025-08-08 12:00:00+00:00,1.3434,1.34527,1.3431899999999999,1.34463,3461
2025-08-08 13:00:00+00:00,1.34463,1.34477,1.34317,1.34414,2989
2025-08-08 14:00:00+00:00,1.34414,1.34519,1.34364,1.3439999999999999,3126
2025-08-08 15:00:00+00:00,1.34399,1.3441100000000001,1.34174,1.34223,3683
2025-08-08 16:00:00+00:00,1.3422399999999999,1.34409,1.3422399999999999,1.34274,4609
2025-08-08 17:00:00+00:00,1.34273,1.34471,1.34247,1.34376,5296
2025-08-08 18:00:00+00:00,1.34376,1.34536,1.34359,1.34416,3831
2025-08-08 19:00:00+00:00,1.34416,1.34471,1.34383,1.3446799999999999,2622
2025-08-08 20:00:00+00:00,1.34469,1.34582,1.34435,1.34534,1946
2025-08-08 21:00:00+00:00,1.34535,1.3455599999999999,1.34452,1.34524,3132
2025-08-08 22:00:00+00:00,1.3452,1.34525,1.34423,1.3449499999999999,2650
2025-08-08 23:00:00+00:00,1.34496,1.34528,1.34436,1.34485,1474
2025-08-11 00:00:00+00:00,1.3440400000000001,1.34451,1.34295,1.34353,211
2025-08-11 01:00:00+00:00,1.34345,1.345,1.34345,1.34419,966
2025-08-11 02:00:00+00:00,1.3442,1.3446799999999999,1.34408,1.34426,817
2025-08-11 03:00:00+00:00,1.34426,1.34448,1.3436,1.34422,1701
2025-08-11 04:00:00+00:00,1.3442,1.34506,1.34405,1.34505,2158
2025-08-11 05:00:00+00:00,1.34506,1.3458,1.34506,1.34549,1726
2025-08-11 06:00:00+00:00,1.34549,1.34657,1.34537,1.3464800000000001,1922
2025-08-11 07:00:00+00:00,1.34649,1.34677,1.34629,1.34657,1020
2025-08-11 08:00:00+00:00,1.34657,1.34688,1.34628,1.34673,1287
2025-08-11 09:00:00+00:00,1.34679,1.34765,1.34645,1.34679,2400
2025-08-11 10:00:00+00:00,1.34679,1.34679,1.34475,1.3453,2442
2025-08-11 11:00:00+00:00,1.3453,1.3466,1.34515,1.34638,2244
2025-08-11 12:00:00+00:00,1.34637,1.34686,1.3446799999999999,1.3453,2126
2025-08-11 13:00:00+00:00,1.34531,1.3458,1.34446,1.34454,1736
2025-08-11 14:00:00+00:00,1.34454,1.34469,1.3424800000000001,1.34294,3120
2025-08-11 15:00:00+00:00,1.34294,1.34322,1.3412,1.34226,3913
2025-08-11 16:00:00+00:00,1.34226,1.3426,1.34189,1.34205,3919
2025-08-11 17:00:00+00:00,1.34206,1.34212,1.33985,1.34064,4489
2025-08-11 18:00:00+00:00,1.34066,1.3416299999999999,1.34016,1.34139,3254
2025-08-11 19:00:00+00:00,1.34141,1.34253,1.3414,1.34241,2079
2025-08-11 20:00:00+00:00,1.34241,1.3431199999999999,1.3417,1.34297,2545
2025-08-11 21:00:00+00:00,1.34296,1.34367,1.34272,1.34349,2173
2025-08-11 22:00:00+00:00,1.34351,1.34351,1.3423,1.34269,2095
2025-08-11 23:00:00+00:00,1.34268,1.34352,1.34264,1.34307,1426
2025-08-12 00:00:00+00:00,1.34244,1.34317,1.34143,1.3428499999999999,963
2025-08-12 01:00:00+00:00,1.34291,1.3433,1.34291,1.34328,689
2025-08-12 02:00:00+00:00,1.34329,1.3434599999999999,1.3431899999999999,1.3433,775
2025-08-12 03:00:00+00:00,1.3433,1.34367,1.34277,1.34297,2614
2025-08-12 04:00:00+00:00,1.34295,1.34378,1.34275,1.34306,2430
2025-08-12 05:00:00+00:00,1.34305,1.34369,1.34294,1.34369,1544
2025-08-12 06:00:00+00:00,1.34369,1.3439,1.34307,1.34322,1651
2025-08-12 07:00:00+00:00,1.34321,1.3437999999999999,1.34238,1.3437700000000001,2072
2025-08-12 08:00:00+00:00,1.3437700000000001,1.34398,1.34198,1.34233,2960
2025-08-12 09:00:00+00:00,1.34235,1.34458,1.34226,1.34337,4055
2025-08-12 10:00:00+00:00,1.34336,1.34595,1.34311,1.34584,3032
2025-08-12 11:00:00+00:00,1.34583,1.34708,1.34471,1.34683,3820
2025-08-12 12:00:00+00:00,1.34684,1.34717,1.3452,1.34588,2885
2025-08-12 13:00:00+00:00,1.34589,1.34632,1.3455,1.34564,2613
2025-08-12 14:00:00+00:00,1.34566,1.34586,1.34458,1.34566,3041
2025-08-12 15:00:00+00:00,1.34566,1.35091,1.34541,1.34848,7786
2025-08-12 16:00:00+00:00,1.34847,1.34991,1.34627,1.34876,8987
2025-08-12 17:00:00+00:00,1.34876,1.3497,1.34782,1.34874,6115
2025-08-12 18:00:00+00:00,1.34873,1.3523100000000001,1.34856,1.3506,5455
2025-08-12 19:00:00+00:00,1.3506,1.3520400000000001,1.34993,1.3515,4653
2025-08-12 20:00:00+00:00,1.3515,1.35154,1.35065,1.35065,3181
2025-08-12 21:00:00+00:00,1.3507,1.35107,1.34915,1.3495,2515
2025-08-12 22:00:00+00:00,1.34948,1.34965,1.34877,1.34948,1997
2025-08-12 23:00:00+00:00,1.34948,1.35,1.3491900000000001,1.34976,1280
2025-08-13 00:00:00+00:00,1.34961,1.34995,1.34921,1.3496299999999999,965
2025-08-13 01:00:00+00:00,1.34977,1.35011,1.34945,1.34997,1797
2025-08-13 02:00:00+00:00,1.34998,1.35054,1.34989,1.35037,1000
2025-08-13 03:00:00+00:00,1.35035,1.35056,1.34967,1.3502,2345
2025-08-13 04:00:00+00:00,1.3502100000000001,1.35072,1.34969,1.3498,2263
2025-08-13 05:00:00+00:00,1.34981,1.35041,1.34921,1.35025,1850
2025-08-13 06:00:00+00:00,1.35025,1.35059,1.35004,1.35027,1472
2025-08-13 07:00:00+00:00,1.35025,1.3505099999999999,1.35008,1.35042,1266
2025-08-13 08:00:00+00:00,1.35041,1.3507500000000001,1.34991,1.35065,1846
2025-08-13 09:00:00+00:00,1.3507500000000001,1.35168,1.35063,1.35152,2716
2025-08-13 10:00:00+00:00,1.35151,1.35467,1.35151,1.3544,3071
2025-08-13 11:00:00+00:00,1.35439,1.35626,1.35428,1.35567,3348
2025-08-13 12:00:00+00:00,1.35568,1.35774,1.35558,1.3575599999999999,2585
2025-08-13 13:00:00+00:00,1.35752,1.35779,1.35659,1.35676,2907
2025-08-13 14:00:00+00:00,1.35677,1.35778,1.35644,1.35761,2884
2025-08-13 15:00:00+00:00,1.35762,1.35791,1.35584,1.3559999999999999,3982
2025-08-13 16:00:00+00:00,1.35601,1.35767,1.35533,1.35735,3862
2025-08-13 17:00:00+00:00,1.35734,1.35845,1.35687,1.35711,4097
2025-08-13 18:00:00+00:00,1.35712,1.35751,1.35613,1.35704,3518
2025-08-13 19:00:00+00:00,1.35706,1.35784,1.35678,1.35727,2338
2025-08-13 20:00:00+00:00,1.35728,1.35767,1.35672,1.35698,2397
2025-08-13 21:00:00+00:00,1.35698,1.35709,1.35629,1.35667,1772
2025-08-13 22:00:00+00:00,1.35666,1.35739,1.35638,1.3573,1532
2025-08-13 23:00:00+00:00,1.35731,1.35802,1.3572600000000001,1.35736,1255
2025-08-14 00:00:00+00:00,1.35659,1.3571,1.35647,1.3566799999999999,833
2025-08-14 01:00:00+00:00,1.35664,1.35798,1.35656,1.35796,1107
2025-08-14 02:00:00+00:00,1.35795,1.3584800000000001,1.3578999999999999,1.35845,867
2025-08-14 03:00:00+00:00,1.35847,1.3587,1.3581400000000001,1.35852,2463
2025-08-14 04:00:00+00:00,1.35853,1.3591199999999999,1.35818,1.35829,3343
2025-08-14 05:00:00+00:00,1.35829,1.35842,1.35718,1.35771,2552
2025-08-14 06:00:00+00:00,1.35771,1.35773,1.35701,1.35731,2344
2025-08-14 07:00:00+00:00,1.3572899999999999,1.35771,1.35711,1.35751,1342
2025-08-14 08:00:00+00:00,1.3575,1.35761,1.35682,1.3572,1817
2025-08-14 09:00:00+00:00,1.35731,1.3590499999999999,1.3572199999999999,1.35784,4162
2025-08-14 10:00:00+00:00,1.35785,1.35906,1.35681,1.3572600000000001,4411
2025-08-14 11:00:00+00:00,1.3572899999999999,1.35825,1.35625,1.35715,3206
2025-08-14 12:00:00+00:00,1.35716,1.35917,1.35681,1.35775,2959
2025-08-14 13:00:00+00:00,1.35775,1.35942,1.35743,1.35801,3013
2025-08-14 14:00:00+00:00,1.35801,1.35833,1.3572,1.35733,3005
2025-08-14 15:00:00+00:00,1.35739,1.3581699999999999,1.35458,1.35523,6764
2025-08-14 16:00:00+00:00,1.35526,1.35558,1.35344,1.35346,6208
2025-08-14 17:00:00+00:00,1.35345,1.35565,1.35332,1.35556,5324
2025-08-14 18:00:00+00:00,1.35555,1.3556300000000001,1.35267,1.35294,4978
2025-08-14 19:00:00+00:00,1.35294,1.35308,1.35203,1.35225,3188
2025-08-14 20:00:00+00:00,1.35228,1.35327,1.35225,1.35314,2857
2025-08-14 21:00:00+00:00,1.35314,1.35336,1.3523800000000001,1.35324,2169
2025-08-14 22:00:00+00:00,1.35325,1.35389,1.35317,1.3536299999999999,1796
2025-08-14 23:00:00+00:00,1.35362,1.3538000000000001,1.35286,1.35293,1572
2025-08-15 00:00:00+00:00,1.3523100000000001,1.35323,1.35226,1.35259,772
2025-08-15 01:00:00+00:00,1.35253,1.35317,1.35246,1.35282,822
2025-08-15 02:00:00+00:00,1.35284,1.35308,1.35254,1.3529200000000001,833
2025-08-15 03:00:00+00:00,1.35293,1.35345,1.35264,1.35337,2551
2025-08-15 04:00:00+00:00,1.35341,1.35394,1.35303,1.35366,2787
2025-08-15 05:00:00+00:00,1.35366,1.35438,1.35347,1.35428,2190
2025-08-15 06:00:00+00:00,1.35432,1.35506,1.35432,1.35468,1908
2025-08-15 07:00:00+00:00,1.35467,1.35489,1.35442,1.3547,1506
2025-08-15 08:00:00+00:00,1.3547,1.35522,1.35435,1.35513,1528
2025-08-15 09:00:00+00:00,1.3551199999999999,1.35544,1.3542100000000001,1.35522,2392
2025-08-15 10:00:00+00:00,1.35523,1.35596,1.35473,1.3554599999999999,2742
2025-08-15 11:00:00+00:00,1.3554599999999999,1.35574,1.35459,1.35459,2438
2025-08-15 12:00:00+00:00,1.35456,1.3557299999999999,1.35456,1.35565,2328
2025-08-15 13:00:00+00:00,1.3556599999999999,1.35628,1.35511,1.35586,2157
2025-08-15 14:00:00+00:00,1.35585,1.35636,1.35545,1.35592,2286
2025-08-15 15:00:00+00:00,1.35591,1.35687,1.35452,1.35605,4387
2025-08-15 16:00:00+00:00,1.35605,1.35745,1.35535,1.35648,5037
2025-08-15 17:00:00+00:00,1.35637,1.35718,1.35572,1.35589,4932
2025-08-15 18:00:00+00:00,1.3559,1.35708,1.35581,1.35619,3947
2025-08-15 19:00:00+00:00,1.3562,1.35635,1.35535,1.35568,1693
2025-08-15 20:00:00+00:00,1.35568,1.35585,1.35516,1.35548,1957
2025-08-15 21:00:00+00:00,1.35549,1.35568,1.35506,1.35535,2380
2025-08-15 22:00:00+00:00,1.35535,1.3556300000000001,1.35494,1.3554599999999999,1487
2025-08-15 23:00:00+00:00,1.3554599999999999,1.35579,1.3552,1.35535,2208
2025-08-18 00:00:00+00:00,1.35488,1.35588,1.35481,1.35572,454
2025-08-18 01:00:00+00:00,1.35578,1.35628,1.35541,1.35609,1170
2025-08-18 02:00:00+00:00,1.3561,1.35617,1.35534,1.35554,1334
2025-08-18 03:00:00+00:00,1.35554,1.35616,1.3552,1.35524,2724
2025-08-18 04:00:00+00:00,1.35523,1.35601,1.35493,1.35582,2217
2025-08-18 05:00:00+00:00,1.35583,1.35599,1.3548499999999999,1.35493,1388
2025-08-18 06:00:00+00:00,1.35493,1.35567,1.35492,1.35556,1422
2025-08-18 07:00:00+00:00,1.35556,1.35645,1.35547,1.3562400000000001,1376
2025-08-18 08:00:00+00:00,1.35623,1.3563399999999999,1.35585,1.35606,1947
2025-08-18 09:00:00+00:00,1.35605,1.3562699999999999,1.35401,1.35445,2765
2025-08-18 10:00:00+00:00,1.3545,1.35537,1.35376,1.3538299999999999,3644
2025-08-18 11:00:00+00:00,1.35379,1.35535,1.35304,1.35458,3558
2025-08-18 12:00:00+00:00,1.35457,1.35498,1.35385,1.35393,3183
2025-08-18 13:00:00+00:00,1.35394,1.35456,1.3536299999999999,1.35375,2031
2025-08-18 14:00:00+00:00,1.35375,1.35469,1.35347,1.35375,2231
2025-08-18 15:00:00+00:00,1.35378,1.35435,1.3535,1.35435,2650
2025-08-18 16:00:00+00:00,1.35435,1.35459,1.35354,1.35375,3119
2025-08-18 17:00:00+00:00,1.35375,1.35438,1.35125,1.35155,3930
2025-08-18 18:00:00+00:00,1.35156,1.35218,1.35106,1.35187,2878
2025-08-18 19:00:00+00:00,1.35183,1.35208,1.35065,1.3508499999999999,2083
2025-08-18 20:00:00+00:00,1.3508499999999999,1.3515,1.35066,1.35091,1934
2025-08-18 21:00:00+00:00,1.3509,1.35094,1.35026,1.3505,1647
2025-08-18 22:00:00+00:00,1.35049,1.3511600000000001,1.35047,1.35056,1753
2025-08-18 23:00:00+00:00,1.35055,1.35073,1.35013,1.35029,977
2025-08-19 00:00:00+00:00,1.34975,1.3506,1.34975,1.35011,953
2025-08-19 01:00:00+00:00,1.35046,1.35131,1.35013,1.35076,1165
2025-08-19 02:00:00+00:00,1.35077,1.35081,1.35009,1.35073,1193
2025-08-19 03:00:00+00:00,1.35071,1.35092,1.35005,1.3502,3128
2025-08-19 04:00:00+00:00,1.3502,1.35035,1.34864,1.3495,3152
2025-08-19 05:00:00+00:00,1.34948,1.35012,1.34931,1.34979,2017
2025-08-19 06:00:00+00:00,1.34979,1.35041,1.34961,1.35001,2055
2025-08-19 07:00:00+00:00,1.35001,1.35059,1.34966,1.35047,2044
2025-08-19 08:00:00+00:00,1.3504800000000001,1.35088,1.34972,1.3498999999999999,1958
2025-08-19 09:00:00+00:00,1.34991,1.35141,1.34958,1.35137,2720
2025-08-19 10:00:00+00:00,1.35137,1.35222,1.3513,1.3520400000000001,3140
2025-08-19 11:00:00+00:00,1.35205,1.3522,1.35128,1.35194,2075
2025-08-19 12:00:00+00:00,1.35196,1.3523399999999999,1.351,1.35174,2164
2025-08-19 13:00:00+00:00,1.3517299999999999,1.35307,1.35161,1.35216,2003
2025-08-19 14:00:00+00:00,1.35216,1.35256,1.35135,1.3520699999999999,1663
2025-08-19 15:00:00+00:00,1.3521,1.35252,1.3503,1.3509,3290
2025-08-19 16:00:00+00:00,1.35088,1.35119,1.3495599999999999,1.35102,2981
2025-08-19 17:00:00+00:00,1.35102,1.35152,1.3495,1.35018,3502
2025-08-19 18:00:00+00:00,1.35019,1.3505099999999999,1.34898,1.34925,2441
2025-08-19 19:00:00+00:00,1.34928,1.34948,1.34848,1.34887,2813
2025-08-19 20:00:00+00:00,1.34888,1.3495,1.34854,1.3489200000000001,1529
2025-08-19 21:00:00+00:00,1.34893,1.34897,1.34771,1.34848,1545
2025-08-19 22:00:00+00:00,1.34847,1.34901,1.34814,1.34891,1579
2025-08-19 23:00:00+00:00,1.34891,1.34923,1.34873,1.3489499999999999,1199
2025-08-20 00:00:00+00:00,1.34843,1.3491,1.3480400000000001,1.34833,438
2025-08-20 01:00:00+00:00,1.34839,1.3492199999999999,1.34839,1.34901,974
2025-08-20 02:00:00+00:00,1.349,1.34906,1.34842,1.34843,1481
2025-08-20 03:00:00+00:00,1.34842,1.34853,1.3474300000000001,1.34794,2287
2025-08-20 04:00:00+00:00,1.34794,1.34829,1.347,1.34727,2571
2025-08-20 05:00:00+00:00,1.34727,1.34728,1.34613,1.34664,3375
2025-08-20 06:00:00+00:00,1.34664,1.34763,1.34663,1.34718,2229
2025-08-20 07:00:00+00:00,1.34717,1.3477999999999999,1.34715,1.3473899999999999,1368
2025-08-20 08:00:00+00:00,1.3473899999999999,1.34875,1.34714,1.34784,1486
2025-08-20 09:00:00+00:00,1.34764,1.35084,1.34756,1.34885,4556
2025-08-20 10:00:00+00:00,1.34885,1.35087,1.34883,1.35083,4029
2025-08-20 11:00:00+00:00,1.35084,1.35088,1.349,1.35004,2957
2025-08-20 12:00:00+00:00,1.35,1.3504800000000001,1.34962,1.35005,2164
2025-08-20 13:00:00+00:00,1.35005,1.35037,1.3489900000000001,1.34939,1965
2025-08-20 14:00:00+00:00,1.3494,1.3495599999999999,1.34711,1.3471199999999999,1793
2025-08-20 15:00:00+00:00,1.34717,1.3495,1.34717,1.34884,3525
2025-08-20 16:00:00+00:00,1.34883,1.3491,1.34698,1.34772,3441
2025-08-20 17:00:00+00:00,1.34772,1.34832,1.34602,1.34724,5012
2025-08-20 18:00:00+00:00,1.34725,1.34733,1.3447,1.34483,4074
2025-08-20 19:00:00+00:00,1.34483,1.34625,1.34483,1.346,2466
2025-08-20 20:00:00+00:00,1.346,1.347,1.34584,1.34689,1821
2025-08-20 21:00:00+00:00,1.34687,1.34687,1.3450199999999999,1.34515,2345
2025-08-20 22:00:00+00:00,1.34514,1.34562,1.34477,1.34534,1125
2025-08-20 23:00:00+00:00,1.34534,1.34573,1.34491,1.34546,1442
2025-08-21 00:00:00+00:00,1.34491,1.34562,1.34491,1.34524,759
2025-08-21 01:00:00+00:00,1.34524,1.34569,1.34517,1.34548,1586
2025-08-21 02:00:00+00:00,1.34548,1.34662,1.345,1.3465500000000001,795
2025-08-21 03:00:00+00:00,1.3465099999999999,1.34652,1.34509,1.3456299999999999,2489
2025-08-21 04:00:00+00:00,1.34562,1.34642,1.34525,1.34581,2801
2025-08-21 05:00:00+00:00,1.3458,1.34593,1.34501,1.34507,1994
2025-08-21 06:00:00+00:00,1.34506,1.34558,1.3447200000000001,1.34531,1426
2025-08-21 07:00:00+00:00,1.34531,1.34546,1.3451,1.34516,884
2025-08-21 08:00:00+00:00,1.34516,1.34534,1.34478,1.34531,1298
2025-08-21 09:00:00+00:00,1.34528,1.34581,1.3440699999999999,1.34448,2611
2025-08-21 10:00:00+00:00,1.34449,1.34569,1.34348,1.34551,3672
2025-08-21 11:00:00+00:00,1.34549,1.34715,1.34506,1.34654,3050
2025-08-21 12:00:00+00:00,1.3465500000000001,1.3482,1.3464800000000001,1.34751,2427
2025-08-21 13:00:00+00:00,1.34749,1.3475,1.34649,1.34728,2397
2025-08-21 14:00:00+00:00,1.34728,1.34744,1.34539,1.3454,2959
2025-08-21 15:00:00+00:00,1.34541,1.34725,1.34414,1.34457,3742
2025-08-21 16:00:00+00:00,1.34456,1.34589,1.34236,1.34256,5158
2025-08-21 17:00:00+00:00,1.34256,1.3443100000000001,1.34231,1.34259,5868
2025-08-21 18:00:00+00:00,1.34259,1.3434300000000001,1.34093,1.34137,5113
2025-08-21 19:00:00+00:00,1.3413599999999999,1.34212,1.3405,1.34185,3160
2025-08-21 20:00:00+00:00,1.34185,1.34262,1.34176,1.34219,2723
2025-08-21 21:00:00+00:00,1.34218,1.34243,1.34168,1.3418,2461
2025-08-21 22:00:00+00:00,1.3418,1.34189,1.34118,1.34122,1359
2025-08-21 23:00:00+00:00,1.34119,1.3415,1.34108,1.34123,892
2025-08-22 00:00:00+00:00,1.34061,1.3412600000000001,1.34056,1.34081,703
2025-08-22 01:00:00+00:00,1.34089,1.34177,1.34076,1.34169,694
2025-08-22 02:00:00+00:00,1.3417,1.34191,1.34134,1.34173,631
2025-08-22 03:00:00+00:00,1.34172,1.34198,1.34143,1.34196,2009
2025-08-22 04:00:00+00:00,1.34196,1.34228,1.34069,1.34103,2714
2025-08-22 05:00:00+00:00,1.3410199999999999,1.34158,1.34079,1.34111,2192
2025-08-22 06:00:00+00:00,1.3411,1.3413,1.34002,1.34009,1941
2025-08-22 07:00:00+00:00,1.34008,1.34039,1.33926,1.33934,1500
2025-08-22 08:00:00+00:00,1.33932,1.3397000000000001,1.33915,1.33932,1677
2025-08-22 09:00:00+00:00,1.33922,1.3404,1.339,1.34012,2784
2025-08-22 10:00:00+00:00,1.3401100000000001,1.34098,1.34009,1.34056,2680
2025-08-22 11:00:00+00:00,1.34056,1.3414,1.34047,1.3413,2309
2025-08-22 12:00:00+00:00,1.34131,1.3418700000000001,1.34101,1.34108,2166
2025-08-22 13:00:00+00:00,1.34109,1.34149,1.34069,1.34101,1675
2025-08-22 14:00:00+00:00,1.34101,1.34181,1.34096,1.34147,2866
2025-08-22 15:00:00+00:00,1.34148,1.34199,1.34108,1.34125,3256
2025-08-22 16:00:00+00:00,1.3412600000000001,1.34315,1.34117,1.3422100000000001,3814
2025-08-22 17:00:00+00:00,1.34219,1.35242,1.34219,1.35241,12081
2025-08-22 18:00:00+00:00,1.35241,1.35436,1.35213,1.35247,6690
2025-08-22 19:00:00+00:00,1.35248,1.3538000000000001,1.3520699999999999,1.35249,4689
2025-08-22 20:00:00+00:00,1.35249,1.35436,1.35249,1.35361,3431
2025-08-22 21:00:00+00:00,1.35362,1.35396,1.35224,1.35248,3226
2025-08-22 22:00:00+00:00,1.35248,1.3525800000000001,1.35167,1.35178,1744
2025-08-22 23:00:00+00:00,1.35178,1.35291,1.35175,1.35262,1601
2025-08-25 00:00:00+00:00,1.35119,1.35233,1.35114,1.35115,1642
2025-08-25 01:00:00+00:00,1.35121,1.35241,1.35121,1.3515,1118
2025-08-25 02:00:00+00:00,1.35153,1.35172,1.35076,1.35079,1285
2025-08-25 03:00:00+00:00,1.35081,1.3508499999999999,1.34945,1.34967,2294
2025-08-25 04:00:00+00:00,1.34968,1.35009,1.3489,1.3493,2068
2025-08-25 05:00:00+00:00,1.3492899999999999,1.35008,1.34904,1.34991,1513
2025-08-25 06:00:00+00:00,1.34991,1.35119,1.34991,1.3510499999999999,1174
2025-08-25 07:00:00+00:00,1.35106,1.3514300000000001,1.35086,1.35111,1175
2025-08-25 08:00:00+00:00,1.3511,1.3511199999999999,1.35065,1.35104,1805
2025-08-25 09:00:00+00:00,1.3510499999999999,1.35267,1.3510499999999999,1.35188,2013
2025-08-25 10:00:00+00:00,1.35188,1.3519,1.35022,1.35029,2471
2025-08-25 11:00:00+00:00,1.3503,1.3508200000000001,1.3501699999999999,1.35026,1970
2025-08-25 12:00:00+00:00,1.35026,1.35041,1.3491900000000001,1.34942,1610
2025-08-25 13:00:00+00:00,1.34943,1.34961,1.34833,1.34901,1992
2025-08-25 14:00:00+00:00,1.3490199999999999,1.35189,1.34898,1.35188,2295
2025-08-25 15:00:00+00:00,1.35187,1.35202,1.34988,1.35041,2556
2025-08-25 16:00:00+00:00,1.3504,1.35125,1.34998,1.3508200000000001,3329
2025-08-25 17:00:00+00:00,1.3508200000000001,1.35111,1.34999,1.35019,4537
2025-08-25 18:00:00+00:00,1.35019,1.35026,1.3484099999999999,1.34887,4300
2025-08-25 19:00:00+00:00,1.34887,1.3492199999999999,1.34842,1.34874,3268
2025-08-25 20:00:00+00:00,1.34874,1.3489200000000001,1.34768,1.34786,3028
2025-08-25 21:00:00+00:00,1.34787,1.34806,1.34576,1.34601,2990
2025-08-25 22:00:00+00:00,1.34601,1.34613,1.34455,1.3453300000000001,2626
2025-08-25 23:00:00+00:00,1.34532,1.3461400000000001,1.34516,1.34524,1430
2025-08-26 00:00:00+00:00,1.3455,1.34593,1.34447,1.34551,1121
2025-08-26 01:00:00+00:00,1.34558,1.34569,1.34522,1.34552,872
2025-08-26 02:00:00+00:00,1.34551,1.34565,1.34493,1.34538,970
2025-08-26 03:00:00+00:00,1.3454,1.3489900000000001,1.34477,1.34803,6464
2025-08-26 04:00:00+00:00,1.34802,1.34822,1.34669,1.34711,3932
2025-08-26 05:00:00+00:00,1.34711,1.34762,1.34609,1.34642,2713
2025-08-26 06:00:00+00:00,1.34642,1.34642,1.345,1.34512,2891
2025-08-26 07:00:00+00:00,1.34511,1.34579,1.34497,1.34562,1822
2025-08-26 08:00:00+00:00,1.3456299999999999,1.3467500000000001,1.34531,1.34652,2479
2025-08-26 09:00:00+00:00,1.3464800000000001,1.34653,1.3445,1.34588,3723
2025-08-26 10:00:00+00:00,1.3458700000000001,1.34632,1.3434,1.3455,4929
2025-08-26 11:00:00+00:00,1.34551,1.34689,1.34548,1.34629,3812
2025-08-26 12:00:00+00:00,1.3463,1.34809,1.34609,1.34793,2759
2025-08-26 13:00:00+00:00,1.34795,1.34815,1.3471899999999999,1.34783,2477
2025-08-26 14:00:00+00:00,1.34785,1.34928,1.34761,1.34873,2850
2025-08-26 15:00:00+00:00,1.34874,1.34921,1.34766,1.34783,4447
2025-08-26 16:00:00+00:00,1.34784,1.34822,1.34699,1.34796,3713
2025-08-26 17:00:00+00:00,1.34798,1.34889,1.34698,1.3477999999999999,5176
2025-08-26 18:00:00+00:00,1.3477999999999999,1.34891,1.34749,1.34811,3793
2025-08-26 19:00:00+00:00,1.34815,1.34923,1.34766,1.3477000000000001,2969
2025-08-26 20:00:00+00:00,1.3477000000000001,1.34801,1.34721,1.34721,2066
2025-08-26 21:00:00+00:00,1.34721,1.34815,1.34677,1.34791,2294
2025-08-26 22:00:00+00:00,1.34792,1.3485,1.3477700000000001,1.34781,1612
2025-08-26 23:00:00+00:00,1.3477999999999999,1.3477999999999999,1.34722,1.34768,1191
2025-08-27 00:00:00+00:00,1.34724,1.34796,1.34713,1.3473899999999999,1842
2025-08-27 01:00:00+00:00,1.3473899999999999,1.34819,1.3473899999999999,1.34801,920
2025-08-27 02:00:00+00:00,1.3479999999999999,1.34805,1.3474599999999999,1.34762,1208
2025-08-27 03:00:00+00:00,1.34763,1.34775,1.3468200000000001,1.3470900000000001,2402
2025-08-27 04:00:00+00:00,1.3470900000000001,1.34742,1.3468200000000001,1.34692,2675
2025-08-27 05:00:00+00:00,1.34693,1.347,1.34596,1.34618,2034
2025-08-27 06:00:00+00:00,1.3461699999999999,1.34659,1.34551,1.34569,1398
2025-08-27 07:00:00+00:00,1.34568,1.34572,1.34463,1.34479,1735
2025-08-27 08:00:00+00:00,1.34478,1.3455300000000001,1.34463,1.34552,1289
2025-08-27 09:00:00+00:00,1.3455300000000001,1.3465099999999999,1.34519,1.34633,2057
2025-08-27 10:00:00+00:00,1.34633,1.34652,1.3441100000000001,1.34528,3712
2025-08-27 11:00:00+00:00,1.34528,1.34528,1.34302,1.34445,3031
2025-08-27 12:00:00+00:00,1.34447,1.34493,1.34398,1.34409,2231
2025-08-27 13:00:00+00:00,1.3441,1.3441,1.34207,1.34218,2583
2025-08-27 14:00:00+00:00,1.34219,1.34345,1.34162,1.34302,2561
2025-08-27 15:00:00+00:00,1.34301,1.34445,1.34301,1.34409,2972
2025-08-27 16:00:00+00:00,1.34409,1.34554,1.34353,1.34466,3742
2025-08-27 17:00:00+00:00,1.3446500000000001,1.34607,1.34433,1.34598,5050
2025-08-27 18:00:00+00:00,1.34598,1.3473,1.34598,1.3465799999999999,3685
2025-08-27 19:00:00+00:00,1.34656,1.34969,1.34656,1.34957,3252
2025-08-27 20:00:00+00:00,1.34957,1.35015,1.3492600000000001,1.35009,2643
2025-08-27 21:00:00+00:00,1.35005,1.35007,1.34898,1.34968,1939
2025-08-27 22:00:00+00:00,1.34968,1.34984,1.34927,1.3497,2050
2025-08-27 23:00:00+00:00,1.34971,1.34989,1.3493,1.34971,1666
2025-08-28 00:00:00+00:00,1.34875,1.34967,1.3483800000000001,1.34935,764
2025-08-28 01:00:00+00:00,1.3495300000000001,1.35007,1.34949,1.3498700000000001,1208
2025-08-28 02:00:00+00:00,1.34986,1.35056,1.34976,1.35031,795
2025-08-28 03:00:00+00:00,1.35032,1.35046,1.34967,1.3504399999999999,2652
2025-08-28 04:00:00+00:00,1.3504399999999999,1.3511600000000001,1.35005,1.35037,2088
2025-08-28 05:00:00+00:00,1.35037,1.3517700000000001,1.35031,1.35158,1916
2025-08-28 06:00:00+00:00,1.35157,1.3518,1.35072,1.35077,1388
2025-08-28 07:00:00+00:00,1.35077,1.35087,1.35026,1.35037,1057
2025-08-28 08:00:00+00:00,1.35035,1.35057,1.34993,1.35037,1408
2025-08-28 09:00:00+00:00,1.35035,1.35128,1.35016,1.35035,2445
2025-08-28 10:00:00+00:00,1.35034,1.35064,1.34874,1.34986,3047
2025-08-28 11:00:00+00:00,1.34986,1.35006,1.34826,1.3498299999999999,2867
2025-08-28 12:00:00+00:00,1.34984,1.35067,1.3498299999999999,1.35012,2407
2025-08-28 13:00:00+00:00,1.35009,1.35259,1.34993,1.3520699999999999,2521
2025-08-28 14:00:00+00:00,1.35206,1.35241,1.35117,1.3514,2502
2025-08-28 15:00:00+00:00,1.35141,1.35187,1.34969,1.35026,4557
2025-08-28 16:00:00+00:00,1.35026,1.35107,1.34885,1.35057,4073
2025-08-28 17:00:00+00:00,1.35062,1.35266,1.35009,1.35111,5664
2025-08-28 18:00:00+00:00,1.3511199999999999,1.3517700000000001,1.35045,1.3514300000000001,3589
2025-08-28 19:00:00+00:00,1.35142,1.35242,1.35129,1.35216,2722
2025-08-28 20:00:00+00:00,1.35217,1.353,1.3517700000000001,1.3520699999999999,2390
2025-08-28 21:00:00+00:00,1.35206,1.35222,1.35129,1.35154,2058
2025-08-28 22:00:00+00:00,1.35154,1.3516599999999999,1.35102,1.35114,1459
2025-08-28 23:00:00+00:00,1.35113,1.35124,1.35066,1.3511,1948
2025-08-29 00:00:00+00:00,1.35066,1.3508499999999999,1.35034,1.3507,603
2025-08-29 01:00:00+00:00,1.35071,1.35106,1.35061,1.35064,1116
2025-08-29 02:00:00+00:00,1.35063,1.35108,1.35063,1.35077,913
2025-08-29 03:00:00+00:00,1.35076,1.3510499999999999,1.35023,1.3508,2140
2025-08-29 04:00:00+00:00,1.35081,1.3511,1.34951,1.34977,3679
2025-08-29 05:00:00+00:00,1.34978,1.35041,1.34978,1.3501400000000001,2209
2025-08-29 06:00:00+00:00,1.3501400000000001,1.3501699999999999,1.34952,1.34982,1585
2025-08-29 07:00:00+00:00,1.34981,1.35025,1.34935,1.35025,1322
2025-08-29 08:00:00+00:00,1.35025,1.35026,1.34923,1.3498999999999999,1568
2025-08-29 09:00:00+00:00,1.34991,1.35015,1.34894,1.34901,2470
2025-08-29 10:00:00+00:00,1.349,1.34945,1.34833,1.34908,2920
2025-08-29 11:00:00+00:00,1.34909,1.34936,1.34688,1.34767,3258
2025-08-29 12:00:00+00:00,1.34768,1.34783,1.34591,1.34593,2641
2025-08-29 13:00:00+00:00,1.3459400000000001,1.3464800000000001,1.34535,1.3461400000000001,2353
2025-08-29 14:00:00+00:00,1.34612,1.34616,1.3450199999999999,1.3452600000000001,2477
2025-08-29 15:00:00+00:00,1.3452600000000001,1.3462,1.34457,1.3459699999999999,3656
2025-08-29 16:00:00+00:00,1.3459699999999999,1.3468499999999999,1.34461,1.34672,4733
2025-08-29 17:00:00+00:00,1.34677,1.35134,1.34671,1.3509,9441
2025-08-29 18:00:00+00:00,1.35086,1.35156,1.3502,1.35069,5982
2025-08-29 19:00:00+00:00,1.35068,1.35131,1.3498700000000001,1.35069,3947
2025-08-29 20:00:00+00:00,1.35068,1.35072,1.35008,1.3502399999999999,2957
2025-08-29 21:00:00+00:00,1.35025,1.35104,1.3498700000000001,1.35092,3199
2025-08-29 22:00:00+00:00,1.35091,1.35147,1.35047,1.35147,3009
2025-08-29 23:00:00+00:00,1.35144,1.3516599999999999,1.34981,1.35041,1505
2025-09-01 00:00:00+00:00,1.3491,1.3502399999999999,1.34903,1.34958,448
2025-09-01 01:00:00+00:00,1.34985,1.35066,1.34968,1.3501699999999999,926
2025-09-01 02:00:00+00:00,1.35025,1.35047,1.3498999999999999,1.3502100000000001,1003
2025-09-01 03:00:00+00:00,1.35022,1.35187,1.3501400000000001,1.35174,2186
2025-09-01 04:00:00+00:00,1.3517299999999999,1.35183,1.35043,1.35111,3331
2025-09-01 05:00:00+00:00,1.3511199999999999,1.35278,1.35111,1.35256,3479
2025-09-01 06:00:00+00:00,1.35256,1.35283,1.35188,1.35221,2207
2025-09-01 07:00:00+00:00,1.35221,1.35226,1.35158,1.3517000000000001,1976
2025-09-01 08:00:00+00:00,1.35171,1.35271,1.35162,1.35241,2591
2025-09-01 09:00:00+00:00,1.35242,1.354,1.35219,1.35307,3995
2025-09-01 10:00:00+00:00,1.35311,1.35355,1.35141,1.35291,4394
2025-09-01 11:00:00+00:00,1.35291,1.35367,1.35235,1.35341,3793
2025-09-01 12:00:00+00:00,1.35341,1.35364,1.35228,1.3529200000000001,3150
2025-09-01 13:00:00+00:00,1.35298,1.35335,1.35222,1.35233,2215
2025-09-01 14:00:00+00:00,1.35233,1.35324,1.35214,1.3523,3151
2025-09-01 15:00:00+00:00,1.35229,1.3532899999999999,1.35228,1.35323,3089
2025-09-01 16:00:00+00:00,1.35324,1.3544100000000001,1.35304,1.35362,3764
2025-09-01 17:00:00+00:00,1.35361,1.35492,1.35341,1.35467,4009
2025-09-01 18:00:00+00:00,1.35461,1.35488,1.35372,1.35408,3073
2025-09-01 19:00:00+00:00,1.35407,1.3545,1.35392,1.35415,1467
2025-09-01 20:00:00+00:00,1.3541400000000001,1.35427,1.35396,1.3542100000000001,1071
2025-09-01 21:00:00+00:00,1.3542100000000001,1.35436,1.35406,1.35432,823
2025-09-01 22:00:00+00:00,1.35433,1.35486,1.35428,1.3548,882
2025-09-01 23:00:00+00:00,1.35477,1.35493,1.35413,1.35416,636
2025-09-02 00:00:00+00:00,1.3541400000000001,1.35443,1.35313,1.3541,1190
2025-09-02 01:00:00+00:00,1.3541,1.3548,1.3541,1.3544100000000001,700
2025-09-02 02:00:00+00:00,1.35443,1.35488,1.35435,1.35457,808
2025-09-02 03:00:00+00:00,1.35456,1.35477,1.35345,1.3537,3139
2025-09-02 04:00:00+00:00,1.35369,1.35412,1.35325,1.35355,3581
2025-09-02 05:00:00+00:00,1.35357,1.35357,1.3523,1.35284,2850
2025-09-02 06:00:00+00:00,1.35283,1.35301,1.35236,1.35252,1593
2025-09-02 07:00:00+00:00,1.35254,1.3529499999999999,1.35226,1.3526799999999999,1731
2025-09-02 08:00:00+00:00,1.35267,1.35304,1.35196,1.35203,1623
2025-09-02 09:00:00+00:00,1.35203,1.35332,1.35203,1.35309,2480
2025-09-02 10:00:00+00:00,1.35309,1.35327,1.33934,1.34021,8329
2025-09-02 11:00:00+00:00,1.34028,1.34335,1.33749,1.34124,7777
2025-09-02 12:00:00+00:00,1.34122,1.34171,1.33805,1.33987,5841
2025-09-02 13:00:00+00:00,1.33988,1.34009,1.33709,1.3378,5375
2025-09-02 14:00:00+00:00,1.33779,1.33843,1.33688,1.3383,4452
2025-09-02 15:00:00+00:00,1.3383099999999999,1.33967,1.33396,1.33511,7318
2025-09-02 16:00:00+00:00,1.3351199999999999,1.3395299999999999,1.33418,1.33895,6253
2025-09-02 17:00:00+00:00,1.33886,1.3418,1.33886,1.33964,7576
2025-09-02 18:00:00+00:00,1.33965,1.33997,1.33738,1.33891,5561
2025-09-02 19:00:00+00:00,1.33891,1.33925,1.33826,1.33918,3481
2025-09-02 20:00:00+00:00,1.3391899999999999,1.33934,1.33835,1.33838,2724
2025-09-02 21:00:00+00:00,1.33838,1.33862,1.33745,1.33786,2393
2025-09-02 22:00:00+00:00,1.33788,1.33907,1.33785,1.33899,2307
2025-09-02 23:00:00+00:00,1.33901,1.33963,1.33861,1.33878,1902
2025-09-03 00:00:00+00:00,1.3388,1.33905,1.33812,1.33905,322
2025-09-03 01:00:00+00:00,1.33911,1.3395299999999999,1.3385500000000001,1.33857,708
2025-09-03 02:00:00+00:00,1.3385799999999999,1.3387,1.33808,1.33808,856
2025-09-03 03:00:00+00:00,1.33809,1.3382800000000001,1.33717,1.33751,2343
2025-09-03 04:00:00+00:00,1.33752,1.33773,1.33667,1.33689,2979
2025-09-03 05:00:00+00:00,1.33689,1.33747,1.33629,1.3365,2372
2025-09-03 06:00:00+00:00,1.33649,1.33698,1.3361,1.3361,2113
2025-09-03 07:00:00+00:00,1.3361100000000001,1.337,1.33601,1.33686,1828
2025-09-03 08:00:00+00:00,1.33686,1.33731,1.33585,1.33618,2179
2025-09-03 09:00:00+00:00,1.33615,1.33902,1.33612,1.33759,3016
2025-09-03 10:00:00+00:00,1.33756,1.33799,1.33327,1.33657,6228
2025-09-03 11:00:00+00:00,1.33659,1.34086,1.33659,1.34066,5816
2025-09-03 12:00:00+00:00,1.3406500000000001,1.34169,1.34016,1.34071,4258
2025-09-03 13:00:00+00:00,1.34071,1.34106,1.33945,1.3403399999999999,2715
2025-09-03 14:00:00+00:00,1.34032,1.34119,1.3397000000000001,1.34111,3236
2025-09-03 15:00:00+00:00,1.34111,1.3429,1.34082,1.34238,4252
2025-09-03 16:00:00+00:00,1.34241,1.34359,1.341,1.3415599999999999,5593
2025-09-03 17:00:00+00:00,1.3415300000000001,1.34461,1.34144,1.3433,8053
2025-09-03 18:00:00+00:00,1.34331,1.34539,1.34296,1.34475,5292
2025-09-03 19:00:00+00:00,1.34476,1.34517,1.34432,1.3449499999999999,3289
2025-09-03 20:00:00+00:00,1.34498,1.34582,1.34387,1.34409,2659
2025-09-03 21:00:00+00:00,1.3441,1.3447200000000001,1.3437999999999999,1.34414,2805
2025-09-03 22:00:00+00:00,1.34416,1.34416,1.34341,1.34379,2157
2025-09-03 23:00:00+00:00,1.34378,1.34461,1.3437700000000001,1.34429,1533
2025-09-04 00:00:00+00:00,1.34426,1.34447,1.3432,1.34389,2106
2025-09-04 01:00:00+00:00,1.34395,1.3442,1.34379,1.34385,918
2025-09-04 02:00:00+00:00,1.34384,1.34426,1.34376,1.3440400000000001,680
2025-09-04 03:00:00+00:00,1.34405,1.34435,1.34357,1.34418,2803
2025-09-04 04:00:00+00:00,1.34418,1.3449499999999999,1.3433,1.34371,3253
2025-09-04 05:00:00+00:00,1.3437000000000001,1.34375,1.34292,1.34305,2473
2025-09-04 06:00:00+00:00,1.34306,1.34326,1.34256,1.3427799999999999,2092
2025-09-04 07:00:00+00:00,1.3427799999999999,1.34302,1.34252,1.34266,1139
2025-09-04 08:00:00+00:00,1.34265,1.34298,1.34236,1.34277,1550
2025-09-04 09:00:00+00:00,1.34281,1.34405,1.3427799999999999,1.34352,2146
2025-09-04 10:00:00+00:00,1.34353,1.34378,1.34161,1.3427,3575
2025-09-04 11:00:00+00:00,1.34268,1.3456299999999999,1.34266,1.34535,3114
2025-09-04 12:00:00+00:00,1.34535,1.34589,1.34337,1.34396,2931
2025-09-04 13:00:00+00:00,1.34397,1.34557,1.34372,1.34484,2765
2025-09-04 14:00:00+00:00,1.34483,1.34486,1.3425099999999999,1.34331,2726
2025-09-04 15:00:00+00:00,1.34332,1.34547,1.3421699999999999,1.3440699999999999,5939
2025-09-04 16:00:00+00:00,1.34406,1.34466,1.34254,1.34412,5371
2025-09-04 17:00:00+00:00,1.3422,1.34389,1.34167,1.34268,6852
2025-09-04 18:00:00+00:00,1.34267,1.34403,1.3425799999999999,1.34382,3850
2025-09-04 19:00:00+00:00,1.34381,1.3439,1.34172,1.3421,3025
2025-09-04 20:00:00+00:00,1.3421,1.34262,1.34186,1.34219,2074
2025-09-04 21:00:00+00:00,1.3422,1.34311,1.34219,1.34257,2302
2025-09-04 22:00:00+00:00,1.34256,1.34361,1.34256,1.34355,1712
2025-09-04 23:00:00+00:00,1.34355,1.3437000000000001,1.34317,1.34317,1024
2025-09-05 00:00:00+00:00,1.3431600000000001,1.34344,1.34208,1.34333,842
2025-09-05 01:00:00+00:00,1.34331,1.34354,1.3432,1.34329,928
2025-09-05 02:00:00+00:00,1.34328,1.34446,1.34326,1.34436,1164
2025-09-05 03:00:00+00:00,1.34437,1.34498,1.34415,1.34488,3291
2025-09-05 04:00:00+00:00,1.34489,1.34539,1.34463,1.34513,2829
2025-09-05 05:00:00+00:00,1.34514,1.34566,1.34497,1.34525,2371
2025-09-05 06:00:00+00:00,1.3452600000000001,1.34547,1.34515,1.34534,2004
2025-09-05 07:00:00+00:00,1.34534,1.34542,1.34475,1.34498,1674
2025-09-05 08:00:00+00:00,1.3449900000000001,1.34631,1.34493,1.34608,1531
2025-09-05 09:00:00+00:00,1.3461,1.34714,1.3455300000000001,1.3455300000000001,3666
2025-09-05 10:00:00+00:00,1.34554,1.34663,1.34498,1.34639,3527
2025-09-05 11:00:00+00:00,1.34636,1.34717,1.34616,1.34695,2583
2025-09-05 12:00:00+00:00,1.34696,1.3481,1.34669,1.3480699999999999,2602
2025-09-05 13:00:00+00:00,1.34809,1.34855,1.34772,1.34778,2956
2025-09-05 14:00:00+00:00,1.34779,1.34828,1.3461,1.3461699999999999,3264
2025-09-05 15:00:00+00:00,1.34619,1.35343,1.34571,1.35203,9476
2025-09-05 16:00:00+00:00,1.35209,1.35494,1.35131,1.35479,9322
2025-09-05 17:00:00+00:00,1.3548499999999999,1.35544,1.35045,1.35196,8794
2025-09-05 18:00:00+00:00,1.35196,1.35431,1.3518,1.35408,5746
2025-09-05 19:00:00+00:00,1.35406,1.3541699999999999,1.35247,1.35254,3678
2025-09-05 20:00:00+00:00,1.35254,1.35256,1.35104,1.35121,3890
2025-09-05 21:00:00+00:00,1.35121,1.35142,1.35003,1.35046,3233
2025-09-05 22:00:00+00:00,1.35045,1.3510900000000001,1.3501,1.35022,2948
2025-09-05 23:00:00+00:00,1.35023,1.3510499999999999,1.3501400000000001,1.3510499999999999,1526
2025-09-08 00:00:00+00:00,1.34995,1.34995,1.3490199999999999,1.3492,152
2025-09-08 01:00:00+00:00,1.3492,1.35032,1.34814,1.3486099999999999,1975
2025-09-08 02:00:00+00:00,1.34863,1.34958,1.34856,1.34921,1884
2025-09-08 03:00:00+00:00,1.3492,1.34955,1.34828,1.34955,3870
2025-09-08 04:00:00+00:00,1.3495599999999999,1.3503,1.34901,1.35011,4349
2025-09-08 05:00:00+00:00,1.3501,1.3504800000000001,1.34965,1.35033,3809
2025-09-08 06:00:00+00:00,1.35034,1.35049,1.3494,1.3495,2582
2025-09-08 07:00:00+00:00,1.3495,1.34969,1.34862,1.34958,2094
2025-09-08 08:00:00+00:00,1.34957,1.35033,1.34949,1.34957,2627
2025-09-08 09:00:00+00:00,1.34964,1.35183,1.34964,1.35176,3944
2025-09-08 10:00:00+00:00,1.3517700000000001,1.35254,1.3510499999999999,1.35154,4670
2025-09-08 11:00:00+00:00,1.35155,1.3525800000000001,1.35056,1.35118,3694
2025-09-08 12:00:00+00:00,1.35115,1.3513899999999999,1.35074,1.3508499999999999,3137
2025-09-08 13:00:00+00:00,1.35086,1.35314,1.35015,1.35297,3036
2025-09-08 14:00:00+00:00,1.35297,1.35359,1.35218,1.35287,2765
2025-09-08 15:00:00+00:00,1.35286,1.35489,1.35266,1.35423,4230
2025-09-08 16:00:00+00:00,1.3543,1.3556300000000001,1.35394,1.35445,4325
2025-09-08 17:00:00+00:00,1.3544399999999999,1.3546,1.35304,1.35345,4264
2025-09-08 18:00:00+00:00,1.35346,1.35462,1.35323,1.35457,3872
2025-09-08 19:00:00+00:00,1.35456,1.35481,1.35275,1.35369,2602
2025-09-08 20:00:00+00:00,1.35368,1.35393,1.35267,1.35271,2352
2025-09-08 21:00:00+00:00,1.3527,1.35534,1.35269,1.35529,2004
2025-09-08 22:00:00+00:00,1.35528,1.35544,1.35486,1.35503,1775
2025-09-08 23:00:00+00:00,1.355,1.35506,1.3543,1.3543,1237
2025-09-09 00:00:00+00:00,1.35422,1.35456,1.35377,1.35416,549
2025-09-09 01:00:00+00:00,1.3542,1.35493,1.3542,1.3548499999999999,1493
2025-09-09 02:00:00+00:00,1.35486,1.35575,1.35486,1.35521,800
2025-09-09 03:00:00+00:00,1.35519,1.35619,1.35497,1.35578,2828
2025-09-09 04:00:00+00:00,1.35578,1.35699,1.35526,1.3566099999999999,2574
2025-09-09 05:00:00+00:00,1.35662,1.35709,1.35622,1.3563,2256
2025-09-09 06:00:00+00:00,1.3563100000000001,1.35644,1.35576,1.3559,1945
2025-09-09 07:00:00+00:00,1.3559,1.35747,1.35583,1.35733,1649
2025-09-09 08:00:00+00:00,1.35731,1.358,1.35702,1.35786,2206
2025-09-09 09:00:00+00:00,1.3578700000000001,1.35819,1.35572,1.35656,3590
2025-09-09 10:00:00+00:00,1.35657,1.35762,1.35578,1.35647,3709
2025-09-09 11:00:00+00:00,1.35648,1.35752,1.35576,1.35725,5058
2025-09-09 12:00:00+00:00,1.3572600000000001,1.359,1.35721,1.35863,3414
2025-09-09 13:00:00+00:00,1.35864,1.35891,1.35738,1.35768,2541
2025-09-09 14:00:00+00:00,1.35772,1.35777,1.3556599999999999,1.35575,2307
2025-09-09 15:00:00+00:00,1.35575,1.35596,1.35452,1.35537,3874
2025-09-09 16:00:00+00:00,1.35538,1.35649,1.3550900000000001,1.35533,4869
2025-09-09 17:00:00+00:00,1.35538,1.35741,1.35315,1.35389,7911
2025-09-09 18:00:00+00:00,1.35389,1.35406,1.35219,1.35306,4915
2025-09-09 19:00:00+00:00,1.35307,1.35463,1.35257,1.35339,3177
2025-09-09 20:00:00+00:00,1.35339,1.3538299999999999,1.35239,1.35255,3063
2025-09-09 21:00:00+00:00,1.35254,1.35273,1.35213,1.35219,2533
2025-09-09 22:00:00+00:00,1.35219,1.35246,1.3517700000000001,1.35187,1887
2025-09-09 23:00:00+00:00,1.35187,1.3526799999999999,1.35176,1.3525,1442
2025-09-10 00:00:00+00:00,1.35255,1.3526799999999999,1.35158,1.35217,1799
2025-09-10 01:00:00+00:00,1.35221,1.353,1.35216,1.35294,720
2025-09-10 02:00:00+00:00,1.35293,1.35294,1.35176,1.35198,1222
2025-09-10 03:00:00+00:00,1.35198,1.35232,1.35156,1.35216,3163
2025-09-10 04:00:00+00:00,1.35217,1.35275,1.35141,1.35216,3914
2025-09-10 05:00:00+00:00,1.35215,1.35318,1.35201,1.3531,2989
2025-09-10 06:00:00+00:00,1.35312,1.3536000000000001,1.35303,1.35321,2226
2025-09-10 07:00:00+00:00,1.3532,1.3542,1.3531,1.3541400000000001,2171
2025-09-10 08:00:00+00:00,1.35415,1.35415,1.35316,1.35342,2081
2025-09-10 09:00:00+00:00,1.35343,1.35429,1.35205,1.35252,4052
2025-09-10 10:00:00+00:00,1.35255,1.35379,1.35125,1.35327,3673
2025-09-10 11:00:00+00:00,1.35328,1.35334,1.35192,1.35267,3306
2025-09-10 12:00:00+00:00,1.35266,1.3544800000000001,1.35257,1.3541699999999999,3303
2025-09-10 13:00:00+00:00,1.3541699999999999,1.35429,1.35304,1.35382,2958
2025-09-10 14:00:00+00:00,1.35382,1.35388,1.35269,1.35334,2900
2025-09-10 15:00:00+00:00,1.35334,1.35638,1.35228,1.35297,6720
2025-09-10 16:00:00+00:00,1.35298,1.35572,1.35249,1.3554599999999999,6600
2025-09-10 17:00:00+00:00,1.3554599999999999,1.3560699999999999,1.35468,1.35498,4958
2025-09-10 18:00:00+00:00,1.35498,1.35544,1.35425,1.3546,3557
2025-09-10 19:00:00+00:00,1.35462,1.35487,1.3533,1.35355,2466
2025-09-10 20:00:00+00:00,1.35355,1.35403,1.3527,1.35341,2906
2025-09-10 21:00:00+00:00,1.35341,1.3541400000000001,1.35316,1.3535300000000001,2257
2025-09-10 22:00:00+00:00,1.3535300000000001,1.3536299999999999,1.35208,1.35302,2218
2025-09-10 23:00:00+00:00,1.35301,1.35323,1.35259,1.3527,1268
2025-09-11 00:00:00+00:00,1.35242,1.35308,1.3517700000000001,1.35214,473
2025-09-11 01:00:00+00:00,1.35211,1.35375,1.35211,1.35372,546
2025-09-11 02:00:00+00:00,1.35376,1.35393,1.35324,1.35324,740
2025-09-11 03:00:00+00:00,1.35323,1.3532600000000001,1.35263,1.3527,2414
2025-09-11 04:00:00+00:00,1.35269,1.35336,1.3526099999999999,1.3529200000000001,2193
2025-09-11 05:00:00+00:00,1.35291,1.3529200000000001,1.35219,1.35254,2035
2025-09-11 06:00:00+00:00,1.35251,1.3529499999999999,1.35246,1.35269,1800
2025-09-11 07:00:00+00:00,1.35269,1.3528,1.35225,1.35262,1627
2025-09-11 08:00:00+00:00,1.35264,1.35264,1.35145,1.35158,1994
2025-09-11 09:00:00+00:00,1.35159,1.3523800000000001,1.3510900000000001,1.35158,3322
2025-09-11 10:00:00+00:00,1.35158,1.35216,1.35025,1.3515,3972
2025-09-11 11:00:00+00:00,1.35152,1.35209,1.35128,1.3513899999999999,2909
2025-09-11 12:00:00+00:00,1.35141,1.35153,1.34936,1.3502100000000001,3636
2025-09-11 13:00:00+00:00,1.3502100000000001,1.35152,1.34989,1.35144,3055
2025-09-11 14:00:00+00:00,1.35144,1.35222,1.35052,1.35069,3443
2025-09-11 15:00:00+00:00,1.35069,1.3548499999999999,1.34923,1.35446,9310
2025-09-11 16:00:00+00:00,1.35446,1.35612,1.3538999999999999,1.35523,8723
2025-09-11 17:00:00+00:00,1.35523,1.35662,1.35494,1.35569,6662
2025-09-11 18:00:00+00:00,1.3557000000000001,1.35785,1.35518,1.35652,4505
2025-09-11 19:00:00+00:00,1.35653,1.35785,1.35651,1.35774,3186
2025-09-11 20:00:00+00:00,1.35771,1.35822,1.35679,1.35702,3119
2025-09-11 21:00:00+00:00,1.35702,1.35819,1.35691,1.35786,2578
2025-09-11 22:00:00+00:00,1.35785,1.35811,1.35763,1.35771,2738
2025-09-11 23:00:00+00:00,1.35772,1.358,1.35693,1.35705,2630
2025-09-12 00:00:00+00:00,1.35704,1.35736,1.35628,1.35697,787
2025-09-12 01:00:00+00:00,1.35696,1.35795,1.3568,1.35778,933
2025-09-12 02:00:00+00:00,1.35779,1.35797,1.35733,1.35735,1270
2025-09-12 03:00:00+00:00,1.35734,1.35752,1.35678,1.3572,4136
2025-09-12 04:00:00+00:00,1.35724,1.3572899999999999,1.35561,1.35569,3350
2025-09-12 05:00:00+00:00,1.35568,1.3562400000000001,1.3555,1.35578,2718
2025-09-12 06:00:00+00:00,1.35578,1.35582,1.35533,1.35548,1657
2025-09-12 07:00:00+00:00,1.3554599999999999,1.35565,1.35516,1.35559,2440
2025-09-12 08:00:00+00:00,1.35558,1.35601,1.35516,1.3556,1998
2025-09-12 09:00:00+00:00,1.3554599999999999,1.3558,1.35445,1.35562,3785
2025-09-12 10:00:00+00:00,1.35561,1.35744,1.35561,1.35635,3898
2025-09-12 11:00:00+00:00,1.35635,1.35635,1.35305,1.35331,5843
2025-09-12 12:00:00+00:00,1.35332,1.35476,1.35297,1.35459,4220
2025-09-12 13:00:00+00:00,1.3546,1.35579,1.3545,1.35561,3736
2025-09-12 14:00:00+00:00,1.3556,1.35621,1.35463,1.35483,3042
2025-09-12 15:00:00+00:00,1.35484,1.35489,1.35235,1.35427,5096
2025-09-12 16:00:00+00:00,1.35426,1.35489,1.35372,1.35455,5666
2025-09-12 17:00:00+00:00,1.35455,1.3569200000000001,1.3544800000000001,1.35582,5608
2025-09-12 18:00:00+00:00,1.35581,1.35611,1.35429,1.35446,3650
2025-09-12 19:00:00+00:00,1.35447,1.35679,1.354,1.35595,2290
2025-09-12 20:00:00+00:00,1.35599,1.35677,1.35589,1.35591,2071
2025-09-12 21:00:00+00:00,1.35593,1.35703,1.35592,1.35691,1940
2025-09-12 22:00:00+00:00,1.35691,1.35699,1.35603,1.3561,2170
2025-09-12 23:00:00+00:00,1.35608,1.35612,1.35515,1.3558,1668
2025-09-15 00:00:00+00:00,1.35432,1.35585,1.3542100000000001,1.35564,857
2025-09-15 01:00:00+00:00,1.35551,1.35603,1.35476,1.35557,831
2025-09-15 02:00:00+00:00,1.35558,1.35579,1.35511,1.3552,788
2025-09-15 03:00:00+00:00,1.35521,1.35553,1.3548200000000001,1.35553,1309
2025-09-15 04:00:00+00:00,1.35553,1.3559700000000001,1.35524,1.35585,2121
2025-09-15 05:00:00+00:00,1.35586,1.3560400000000001,1.35545,1.35591,1513
2025-09-15 06:00:00+00:00,1.35591,1.3567,1.35585,1.35643,1464
2025-09-15 07:00:00+00:00,1.35643,1.35705,1.3564,1.3566799999999999,1369
2025-09-15 08:00:00+00:00,1.35666,1.35674,1.35609,1.35611,1522
2025-09-15 09:00:00+00:00,1.35612,1.35672,1.35527,1.35623,3282
2025-09-15 10:00:00+00:00,1.35622,1.35934,1.35611,1.3581400000000001,4655
2025-09-15 11:00:00+00:00,1.35813,1.35985,1.35784,1.35812,3235
2025-09-15 12:00:00+00:00,1.35811,1.3599700000000001,1.35781,1.35918,3402
2025-09-15 13:00:00+00:00,1.35917,1.36128,1.35914,1.3606500000000001,3057
2025-09-15 14:00:00+00:00,1.3606500000000001,1.36188,1.36045,1.3614600000000001,3096
2025-09-15 15:00:00+00:00,1.3614600000000001,1.36194,1.36079,1.36142,4582
2025-09-15 16:00:00+00:00,1.36141,1.36169,1.35947,1.35954,3877
2025-09-15 17:00:00+00:00,1.35955,1.35956,1.35842,1.35887,4856
2025-09-15 18:00:00+00:00,1.35887,1.36067,1.35864,1.36064,3100
2025-09-15 19:00:00+00:00,1.36064,1.3609,1.35941,1.35982,2704
2025-09-15 20:00:00+00:00,1.35981,1.36107,1.35942,1.36084,2320
2025-09-15 21:00:00+00:00,1.36086,1.36098,1.35995,1.36046,2099
2025-09-15 22:00:00+00:00,1.36048,1.36101,1.36035,1.36087,1706
2025-09-15 23:00:00+00:00,1.36089,1.36105,1.35951,1.3598,1795
2025-09-16 00:00:00+00:00,1.35981,1.35988,1.35895,1.35982,215
2025-09-16 01:00:00+00:00,1.35986,1.3603399999999999,1.35964,1.36028,712
2025-09-16 02:00:00+00:00,1.36029,1.36044,1.36006,1.36006,582
2025-09-16 03:00:00+00:00,1.36007,1.36052,1.35975,1.36012,2211
2025-09-16 04:00:00+00:00,1.36013,1.36057,1.35977,1.3602400000000001,1906
2025-09-16 05:00:00+00:00,1.36023,1.36135,1.36023,1.36115,2499
2025-09-16 06:00:00+00:00,1.36117,1.3624399999999999,1.36102,1.36169,2076
2025-09-16 07:00:00+00:00,1.36168,1.36174,1.3611900000000001,1.36152,1877
2025-09-16 08:00:00+00:00,1.36151,1.36203,1.36139,1.36176,2136
2025-09-16 09:00:00+00:00,1.3618700000000001,1.36328,1.3618700000000001,1.36292,3189
2025-09-16 10:00:00+00:00,1.36291,1.36422,1.36259,1.36276,3686
2025-09-16 11:00:00+00:00,1.3627799999999999,1.36377,1.36237,1.36261,3718
2025-09-16 12:00:00+00:00,1.36259,1.3645,1.36256,1.36414,4130
2025-09-16 13:00:00+00:00,1.36416,1.36417,1.36254,1.36261,2677
2025-09-16 14:00:00+00:00,1.36262,1.3649200000000001,1.36235,1.36425,3525
2025-09-16 15:00:00+00:00,1.36425,1.36456,1.3624100000000001,1.36401,5193
2025-09-16 16:00:00+00:00,1.3639999999999999,1.36588,1.36386,1.36574,5068
2025-09-16 17:00:00+00:00,1.36573,1.36713,1.3649,1.36559,6507
2025-09-16 18:00:00+00:00,1.3656,1.36572,1.36381,1.36525,5021
2025-09-16 19:00:00+00:00,1.36523,1.36634,1.36502,1.36575,3587
2025-09-16 20:00:00+00:00,1.36574,1.36603,1.36524,1.3655,737
