time,open,high,low,close,volume
2025-01-02 13:00:00+00:00,157.126,157.28,157.046,157.196,4940
2025-01-02 14:00:00+00:00,157.194,157.208,157.01,157.074,5401
2025-01-02 15:00:00+00:00,157.072,157.232,156.709,156.822,9047
2025-01-02 16:00:00+00:00,156.821,157.113,156.633,157.023,9966
2025-01-02 17:00:00+00:00,157.021,157.181,156.78,157.139,10791
2025-01-02 18:00:00+00:00,157.14,157.745,157.125,157.654,8963
2025-01-02 19:00:00+00:00,157.656,157.846,157.487,157.558,7507
2025-01-02 20:00:00+00:00,157.559,157.629,157.46,157.495,5071
2025-01-02 21:00:00+00:00,157.493,157.669,157.468,157.615,3961
2025-01-02 22:00:00+00:00,157.613,157.648,157.56,157.621,3406
2025-01-02 23:00:00+00:00,157.622,157.628,157.451,157.451,2523
2025-01-03 00:00:00+00:00,157.385,157.468,157.355,157.456,568
2025-01-03 01:00:00+00:00,157.456,157.562,157.346,157.354,1872
2025-01-03 02:00:00+00:00,157.354,157.398,157.167,157.205,5139
2025-01-03 03:00:00+00:00,157.204,157.4,157.179,157.275,4210
2025-01-03 04:00:00+00:00,157.275,157.35,157.241,157.305,3860
2025-01-03 05:00:00+00:00,157.305,157.453,157.179,157.302,3988
2025-01-03 06:00:00+00:00,157.304,157.385,157.242,157.276,3826
2025-01-03 07:00:00+00:00,157.276,157.351,157.232,157.293,3842
2025-01-03 08:00:00+00:00,157.293,157.293,157.122,157.167,2950
2025-01-03 09:00:00+00:00,157.165,157.258,157.034,157.135,5680
2025-01-03 10:00:00+00:00,157.134,157.417,157.123,157.329,4549
2025-01-03 11:00:00+00:00,157.328,157.328,157.08,157.245,5236
2025-01-03 12:00:00+00:00,157.244,157.38,157.162,157.368,3428
2025-01-03 13:00:00+00:00,157.368,157.385,157.196,157.239,2852
2025-01-03 14:00:00+00:00,157.239,157.251,157.057,157.158,4418
2025-01-03 15:00:00+00:00,157.157,157.233,157.018,157.178,4598
2025-01-03 16:00:00+00:00,157.18,157.307,157.068,157.068,5850
2025-01-03 17:00:00+00:00,157.081,157.49,157.081,157.397,8714
2025-01-03 18:00:00+00:00,157.397,157.4,157.196,157.199,4791
2025-01-03 19:00:00+00:00,157.199,157.205,156.87,157.163,4901
2025-01-03 20:00:00+00:00,157.162,157.235,157.101,157.159,2568
2025-01-03 21:00:00+00:00,157.158,157.221,157.1,157.199,2328
2025-01-03 22:00:00+00:00,157.199,157.35,157.134,157.335,2799
2025-01-03 23:00:00+00:00,157.334,157.368,157.231,157.255,1714
2025-01-06 00:00:00+00:00,157.148,157.373,157.148,157.318,675
2025-01-06 01:00:00+00:00,157.324,157.523,157.321,157.499,3406
2025-01-06 02:00:00+00:00,157.51,157.826,157.493,157.584,6673
2025-01-06 03:00:00+00:00,157.586,157.667,157.48,157.611,5424
2025-01-06 04:00:00+00:00,157.613,157.769,157.562,157.713,4727
2025-01-06 05:00:00+00:00,157.711,157.783,157.65,157.709,4527
2025-01-06 06:00:00+00:00,157.71,157.749,157.651,157.717,3424
2025-01-06 07:00:00+00:00,157.718,157.803,157.67,157.773,3460
2025-01-06 08:00:00+00:00,157.774,157.787,157.624,157.65,3939
2025-01-06 09:00:00+00:00,157.648,157.689,157.528,157.656,3906
2025-01-06 10:00:00+00:00,157.658,157.759,157.612,157.658,4713
2025-01-06 11:00:00+00:00,157.659,157.762,157.584,157.732,5182
2025-01-06 12:00:00+00:00,157.731,157.912,157.679,157.898,3651
2025-01-06 13:00:00+00:00,157.898,157.959,157.158,157.193,9760
2025-01-06 14:00:00+00:00,157.194,157.204,156.611,156.78,9342
2025-01-06 15:00:00+00:00,156.778,156.806,156.233,156.607,9779
2025-01-06 16:00:00+00:00,156.609,157.417,156.46,157.277,11738
2025-01-06 17:00:00+00:00,157.274,157.65,157.189,157.527,9476
2025-01-06 18:00:00+00:00,157.526,157.606,157.341,157.539,6648
2025-01-06 19:00:00+00:00,157.538,157.593,157.462,157.503,4358
2025-01-06 20:00:00+00:00,157.503,157.665,157.425,157.533,4418
2025-01-06 21:00:00+00:00,157.534,157.588,157.468,157.541,3766
2025-01-06 22:00:00+00:00,157.542,157.63,157.487,157.618,3423
2025-01-06 23:00:00+00:00,157.617,157.655,157.567,157.567,1892
2025-01-07 00:00:00+00:00,157.502,157.632,157.484,157.605,479
2025-01-07 01:00:00+00:00,157.604,157.806,157.598,157.738,2741
2025-01-07 02:00:00+00:00,157.738,158.218,157.729,158.097,8697
2025-01-07 03:00:00+00:00,158.096,158.411,158.037,158.305,7179
2025-01-07 04:00:00+00:00,158.307,158.314,158.135,158.275,4820
2025-01-07 05:00:00+00:00,158.276,158.305,158.081,158.117,3980
2025-01-07 06:00:00+00:00,158.117,158.15,158.014,158.075,3970
2025-01-07 07:00:00+00:00,158.074,158.149,157.784,157.857,4790
2025-01-07 08:00:00+00:00,157.857,157.857,157.674,157.752,5564
2025-01-07 09:00:00+00:00,157.748,157.788,157.448,157.492,8068
2025-01-07 10:00:00+00:00,157.491,157.596,157.397,157.421,8914
2025-01-07 11:00:00+00:00,157.421,157.676,157.369,157.596,6182
2025-01-07 12:00:00+00:00,157.599,157.775,157.557,157.744,5521
2025-01-07 13:00:00+00:00,157.744,157.844,157.617,157.706,4865
2025-01-07 14:00:00+00:00,157.707,157.846,157.678,157.735,4705
2025-01-07 15:00:00+00:00,157.734,157.778,157.575,157.666,5266
2025-01-07 16:00:00+00:00,157.664,157.83,157.529,157.735,6332
2025-01-07 17:00:00+00:00,157.728,158.42,157.728,157.935,12915
2025-01-07 18:00:00+00:00,157.935,158.035,157.611,157.827,10824
2025-01-07 19:00:00+00:00,157.826,157.846,157.617,157.69,7000
2025-01-07 20:00:00+00:00,157.692,157.91,157.579,157.836,5520
2025-01-07 21:00:00+00:00,157.836,157.861,157.751,157.773,3674
2025-01-07 22:00:00+00:00,157.773,157.867,157.734,157.866,3583
2025-01-07 23:00:00+00:00,157.865,158.091,157.864,158.037,2196
2025-01-08 00:00:00+00:00,157.996,158.042,157.958,158.015,373
2025-01-08 01:00:00+00:00,158.015,158.238,158.015,158.217,3282
2025-01-08 02:00:00+00:00,158.216,158.224,157.896,158.166,7173
2025-01-08 03:00:00+00:00,158.166,158.171,157.927,157.962,4645
2025-01-08 04:00:00+00:00,157.962,158.139,157.927,158.095,3267
2025-01-08 05:00:00+00:00,158.096,158.213,158.069,158.19,3536
2025-01-08 06:00:00+00:00,158.191,158.259,158.155,158.222,2468
2025-01-08 07:00:00+00:00,158.221,158.261,158.093,158.172,3220
2025-01-08 08:00:00+00:00,158.171,158.171,157.984,158.044,4175
2025-01-08 09:00:00+00:00,158.044,158.129,157.919,158.107,5948
2025-01-08 10:00:00+00:00,158.106,158.281,158.096,158.242,5996
2025-01-08 11:00:00+00:00,158.241,158.243,158.047,158.155,4845
2025-01-08 12:00:00+00:00,158.16,158.344,158.144,158.322,3777
2025-01-08 13:00:00+00:00,158.322,158.548,158.31,158.367,5908
2025-01-08 14:00:00+00:00,158.368,158.541,158.346,158.499,5775
2025-01-08 15:00:00+00:00,158.501,158.501,158.167,158.214,10958
2025-01-08 16:00:00+00:00,158.214,158.461,158.136,158.346,9258
2025-01-08 17:00:00+00:00,158.345,158.415,158.213,158.366,8184
2025-01-08 18:00:00+00:00,158.367,158.436,158.284,158.318,7307
2025-01-08 19:00:00+00:00,158.318,158.491,158.306,158.388,5082
2025-01-08 20:00:00+00:00,158.386,158.497,158.265,158.431,5199
2025-01-08 21:00:00+00:00,158.432,158.514,158.348,158.459,4779
2025-01-08 22:00:00+00:00,158.458,158.458,158.326,158.354,3835
2025-01-08 23:00:00+00:00,158.358,158.429,158.329,158.329,2092
2025-01-09 00:00:00+00:00,158.32,158.32,158.224,158.299,562
2025-01-09 01:00:00+00:00,158.3,158.39,158.171,158.182,2659
2025-01-09 02:00:00+00:00,158.182,158.322,158.095,158.26,5151
2025-01-09 03:00:00+00:00,158.26,158.282,158.065,158.102,4072
2025-01-09 04:00:00+00:00,158.093,158.134,157.982,158.084,3226
2025-01-09 05:00:00+00:00,158.083,158.089,157.908,157.969,3916
2025-01-09 06:00:00+00:00,157.969,157.972,157.756,157.92,4304
2025-01-09 07:00:00+00:00,157.922,158.141,157.89,158.051,4563
2025-01-09 08:00:00+00:00,158.051,158.19,158.027,158.144,4600
2025-01-09 09:00:00+00:00,158.145,158.2,158.019,158.185,5587
2025-01-09 10:00:00+00:00,158.184,158.282,158.059,158.126,6167
2025-01-09 11:00:00+00:00,158.127,158.171,158.005,158.076,4325
2025-01-09 12:00:00+00:00,158.077,158.094,157.949,157.988,3917
2025-01-09 13:00:00+00:00,157.987,158.019,157.817,157.902,4767
2025-01-09 14:00:00+00:00,157.902,157.922,157.647,157.744,4517
2025-01-09 15:00:00+00:00,157.743,157.84,157.568,157.651,5659
2025-01-09 16:00:00+00:00,157.65,157.857,157.647,157.813,4488
2025-01-09 17:00:00+00:00,157.814,157.974,157.81,157.967,4448
2025-01-09 18:00:00+00:00,157.967,158.024,157.917,158.009,3394
2025-01-09 19:00:00+00:00,158.009,158.13,157.979,158.101,3014
2025-01-09 20:00:00+00:00,158.101,158.158,158.058,158.068,1761
2025-01-09 21:00:00+00:00,158.068,158.122,158.053,158.111,1895
2025-01-09 22:00:00+00:00,158.109,158.124,158.076,158.116,1838
2025-01-09 23:00:00+00:00,158.115,158.145,158.05,158.05,1354
2025-01-10 00:00:00+00:00,158.033,158.177,158.024,158.113,444
2025-01-10 01:00:00+00:00,158.119,158.144,158.004,158.035,1985
2025-01-10 02:00:00+00:00,158.036,158.223,157.943,157.994,6510
2025-01-10 03:00:00+00:00,157.997,158.169,157.928,158.126,5642
2025-01-10 04:00:00+00:00,158.127,158.278,158.097,158.26,3965
2025-01-10 05:00:00+00:00,158.261,158.267,158.175,158.228,2470
2025-01-10 06:00:00+00:00,158.226,158.403,158.226,158.379,3234
2025-01-10 07:00:00+00:00,158.38,158.42,158.347,158.406,3471
2025-01-10 08:00:00+00:00,158.407,158.421,158.3,158.321,3657
2025-01-10 09:00:00+00:00,158.321,158.442,158.256,158.381,4613
2025-01-10 10:00:00+00:00,158.381,158.423,157.744,157.817,6963
2025-01-10 11:00:00+00:00,157.816,157.94,157.617,157.925,7285
2025-01-10 12:00:00+00:00,157.925,158.124,157.856,158.073,4717
2025-01-10 13:00:00+00:00,158.073,158.169,157.987,157.989,2831
2025-01-10 14:00:00+00:00,157.99,158.02,157.887,157.987,4556
2025-01-10 15:00:00+00:00,157.988,158.871,157.843,158.548,12189
2025-01-10 16:00:00+00:00,158.549,158.651,157.758,157.949,14992
2025-01-10 17:00:00+00:00,157.94,158.159,157.222,157.553,14769
2025-01-10 18:00:00+00:00,157.554,157.871,157.536,157.682,8786
2025-01-10 19:00:00+00:00,157.682,157.797,157.572,157.664,6346
2025-01-10 20:00:00+00:00,157.665,157.953,157.658,157.892,4398
2025-01-10 21:00:00+00:00,157.892,157.98,157.803,157.865,4967
2025-01-10 22:00:00+00:00,157.867,157.933,157.804,157.808,3916
2025-01-10 23:00:00+00:00,157.809,157.809,157.679,157.705,2274
2025-01-13 00:00:00+00:00,157.644,157.76,157.644,157.699,1147
2025-01-13 01:00:00+00:00,157.703,157.921,157.69,157.902,2940
2025-01-13 02:00:00+00:00,157.901,157.961,157.781,157.785,4306
2025-01-13 03:00:00+00:00,157.785,157.862,157.261,157.437,5974
2025-01-13 04:00:00+00:00,157.438,157.646,157.39,157.511,4680
2025-01-13 05:00:00+00:00,157.511,157.64,157.403,157.409,5338
2025-01-13 06:00:00+00:00,157.409,157.578,157.403,157.537,3933
2025-01-13 07:00:00+00:00,157.538,157.541,157.276,157.4,4417
2025-01-13 08:00:00+00:00,157.401,157.596,157.241,157.526,4784
2025-01-13 09:00:00+00:00,157.52,157.547,157.289,157.454,7481
2025-01-13 10:00:00+00:00,157.455,157.664,157.378,157.596,6609
2025-01-13 11:00:00+00:00,157.597,157.609,157.029,157.104,7905
2025-01-13 12:00:00+00:00,157.102,157.429,157.004,157.424,5179
2025-01-13 13:00:00+00:00,157.426,157.464,157.216,157.308,3651
2025-01-13 14:00:00+00:00,157.308,157.457,156.919,157.027,5404
2025-01-13 15:00:00+00:00,157.028,157.201,156.906,157.198,7659
2025-01-13 16:00:00+00:00,157.194,157.421,157.097,157.346,8502
2025-01-13 17:00:00+00:00,157.347,157.578,157.305,157.513,8776
2025-01-13 18:00:00+00:00,157.515,157.788,157.46,157.508,6386
2025-01-13 19:00:00+00:00,157.508,157.568,157.304,157.324,4454
2025-01-13 20:00:00+00:00,157.324,157.52,157.287,157.473,3298
2025-01-13 21:00:00+00:00,157.474,157.815,157.473,157.807,4070
2025-01-13 22:00:00+00:00,157.809,157.809,157.605,157.648,3102
2025-01-13 23:00:00+00:00,157.65,157.695,157.455,157.458,3346
2025-01-14 00:00:00+00:00,157.459,157.465,157.173,157.306,871
2025-01-14 01:00:00+00:00,157.298,157.448,157.112,157.3,3828
2025-01-14 02:00:00+00:00,157.302,157.572,157.139,157.531,7305
2025-01-14 03:00:00+00:00,157.532,158.021,157.048,157.43,8373
2025-01-14 04:00:00+00:00,157.432,157.722,157.432,157.684,4697
2025-01-14 05:00:00+00:00,157.683,157.746,157.519,157.55,3248
2025-01-14 06:00:00+00:00,157.549,157.578,157.455,157.479,2896
2025-01-14 07:00:00+00:00,157.478,157.716,157.355,157.573,4537
2025-01-14 08:00:00+00:00,157.572,157.693,157.45,157.48,3917
2025-01-14 09:00:00+00:00,157.477,157.55,157.295,157.52,7403
2025-01-14 10:00:00+00:00,157.519,157.725,157.383,157.69,6842
2025-01-14 11:00:00+00:00,157.69,158.022,157.676,157.937,6933
2025-01-14 12:00:00+00:00,157.936,157.976,157.824,157.825,4397
2025-01-14 13:00:00+00:00,157.825,157.951,157.825,157.933,3397
2025-01-14 14:00:00+00:00,157.934,158.127,157.835,157.856,5425
2025-01-14 15:00:00+00:00,157.857,157.919,157.376,157.77,9865
2025-01-14 16:00:00+00:00,157.772,157.914,157.621,157.801,8910
2025-01-14 17:00:00+00:00,157.801,158.15,157.74,157.957,8877
2025-01-14 18:00:00+00:00,157.959,158.071,157.825,157.947,7963
2025-01-14 19:00:00+00:00,157.946,158.191,157.899,158.127,4788
2025-01-14 20:00:00+00:00,158.126,158.136,157.972,158.002,3722
2025-01-14 21:00:00+00:00,158.001,158.069,157.906,157.936,3328
2025-01-14 22:00:00+00:00,157.935,157.981,157.863,157.976,3641
2025-01-14 23:00:00+00:00,157.977,158.015,157.921,157.928,2740
2025-01-15 00:00:00+00:00,157.893,158.006,157.888,157.946,786
2025-01-15 01:00:00+00:00,157.946,158.062,157.902,158.039,1997
2025-01-15 02:00:00+00:00,158.045,158.076,157.89,157.972,5533
2025-01-15 03:00:00+00:00,157.972,158.034,157.822,157.9,4485
2025-01-15 04:00:00+00:00,157.899,157.968,157.872,157.939,3205
2025-01-15 05:00:00+00:00,157.938,157.946,157.836,157.881,2723
2025-01-15 06:00:00+00:00,157.884,157.934,157.58,157.598,4268
2025-01-15 07:00:00+00:00,157.598,157.598,157.189,157.313,6671
2025-01-15 08:00:00+00:00,157.313,157.44,157.277,157.336,4445
2025-01-15 09:00:00+00:00,157.336,157.339,156.834,156.875,6760
2025-01-15 10:00:00+00:00,156.879,157.207,156.715,157.104,6361
2025-01-15 11:00:00+00:00,157.103,157.124,156.704,156.859,6240
2025-01-15 12:00:00+00:00,156.859,156.922,156.744,156.785,4371
2025-01-15 13:00:00+00:00,156.784,157.051,156.71,157.006,4099
2025-01-15 14:00:00+00:00,157.005,157.046,156.853,156.971,4387
2025-01-15 15:00:00+00:00,156.972,157.086,156.244,156.389,11177
2025-01-15 16:00:00+00:00,156.394,156.459,155.931,156.275,11792
2025-01-15 17:00:00+00:00,156.275,156.522,156.072,156.285,10517
2025-01-15 18:00:00+00:00,156.288,156.73,156.285,156.594,9157
2025-01-15 19:00:00+00:00,156.594,156.607,156.476,156.544,5168
2025-01-15 20:00:00+00:00,156.543,156.569,156.397,156.491,3706
2025-01-15 21:00:00+00:00,156.491,156.56,156.428,156.457,3277
2025-01-15 22:00:00+00:00,156.457,156.506,156.402,156.436,3410
2025-01-15 23:00:00+00:00,156.435,156.548,156.434,156.438,2748
2025-01-16 00:00:00+00:00,156.403,156.435,156.301,156.372,866
2025-01-16 01:00:00+00:00,156.373,156.401,156.209,156.213,1819
2025-01-16 02:00:00+00:00,156.212,156.519,156.163,156.18,6345
2025-01-16 03:00:00+00:00,156.18,156.18,155.475,155.548,9121
2025-01-16 04:00:00+00:00,155.547,155.773,155.203,155.723,8847
2025-01-16 05:00:00+00:00,155.724,155.854,155.697,155.769,5498
2025-01-16 06:00:00+00:00,155.77,155.969,155.599,155.948,4170
2025-01-16 07:00:00+00:00,155.945,156.114,155.94,156.11,4577
2025-01-16 08:00:00+00:00,156.109,156.31,156.026,156.092,5154
2025-01-16 09:00:00+00:00,156.084,156.238,156.02,156.18,5603
2025-01-16 10:00:00+00:00,156.18,156.235,155.854,155.891,6472
2025-01-16 11:00:00+00:00,155.892,155.926,155.606,155.681,5065
2025-01-16 12:00:00+00:00,155.681,155.761,155.625,155.658,4156
2025-01-16 13:00:00+00:00,155.657,155.871,155.641,155.777,3911
2025-01-16 14:00:00+00:00,155.778,156.192,155.777,156.104,5086
2025-01-16 15:00:00+00:00,156.101,156.357,155.84,155.899,9170
2025-01-16 16:00:00+00:00,155.9,156.17,155.89,156.118,9492
2025-01-16 17:00:00+00:00,156.118,156.189,155.383,155.422,12652
2025-01-16 18:00:00+00:00,155.421,155.548,155.096,155.432,10418
2025-01-16 19:00:00+00:00,155.431,155.508,155.168,155.268,7151
2025-01-16 20:00:00+00:00,155.267,155.38,155.141,155.346,4044
2025-01-16 21:00:00+00:00,155.347,155.369,155.166,155.286,3683
2025-01-16 22:00:00+00:00,155.286,155.311,155.165,155.197,2852
2025-01-16 23:00:00+00:00,155.196,155.225,155.093,155.1,1947
2025-01-17 00:00:00+00:00,155.1,155.192,155.08,155.152,558
2025-01-17 01:00:00+00:00,155.152,155.395,155.152,155.359,2126
2025-01-17 02:00:00+00:00,155.359,155.479,154.972,155.178,7310
2025-01-17 03:00:00+00:00,155.178,155.369,155.136,155.206,5779
2025-01-17 04:00:00+00:00,155.207,155.46,155.155,155.426,4785
2025-01-17 05:00:00+00:00,155.426,155.457,155.343,155.438,3511
2025-01-17 06:00:00+00:00,155.441,155.49,155.36,155.381,3050
2025-01-17 07:00:00+00:00,155.382,155.689,155.358,155.557,4314
2025-01-17 08:00:00+00:00,155.557,155.735,155.515,155.643,4063
2025-01-17 09:00:00+00:00,155.64,155.767,155.522,155.612,5328
2025-01-17 10:00:00+00:00,155.606,155.719,155.401,155.697,4885
2025-01-17 11:00:00+00:00,155.697,155.843,155.403,155.731,5929
2025-01-17 12:00:00+00:00,155.729,155.776,155.602,155.77,4745
2025-01-17 13:00:00+00:00,155.77,155.801,155.629,155.687,4259
2025-01-17 14:00:00+00:00,155.687,155.744,155.582,155.713,4861
2025-01-17 15:00:00+00:00,155.713,155.714,155.548,155.679,6029
2025-01-17 16:00:00+00:00,155.679,156.19,155.645,156.043,9968
2025-01-17 17:00:00+00:00,156.044,156.134,155.774,156.101,9789
2025-01-17 18:00:00+00:00,156.099,156.37,156.097,156.301,7744
2025-01-17 19:00:00+00:00,156.3,156.339,156.218,156.253,5037
2025-01-17 20:00:00+00:00,156.253,156.283,156.119,156.182,4531
2025-01-17 21:00:00+00:00,156.181,156.228,156.126,156.143,4254
2025-01-17 22:00:00+00:00,156.144,156.192,156.1,156.139,4910
2025-01-17 23:00:00+00:00,156.139,156.299,156.115,156.291,2278
2025-01-20 00:00:00+00:00,156.168,156.339,156.142,156.272,361
2025-01-20 01:00:00+00:00,156.268,156.581,156.227,156.298,3582
2025-01-20 02:00:00+00:00,156.303,156.353,155.975,155.977,6570
2025-01-20 03:00:00+00:00,155.977,156.105,155.856,155.921,6243
2025-01-20 04:00:00+00:00,155.922,156.048,155.88,155.93,4608
2025-01-20 05:00:00+00:00,155.931,155.962,155.703,155.735,3836
2025-01-20 06:00:00+00:00,155.734,156.022,155.722,155.965,3344
2025-01-20 07:00:00+00:00,155.965,156.064,155.888,156.053,3663
2025-01-20 08:00:00+00:00,156.053,156.197,156.007,156.19,4575
2025-01-20 09:00:00+00:00,156.19,156.279,155.955,155.99,5196
2025-01-20 10:00:00+00:00,155.991,156.177,155.944,156.151,5654
2025-01-20 11:00:00+00:00,156.15,156.356,156.125,156.276,4828
2025-01-20 12:00:00+00:00,156.277,156.398,156.227,156.365,3642
2025-01-20 13:00:00+00:00,156.364,156.451,156.31,156.337,3160
2025-01-20 14:00:00+00:00,156.335,156.453,156.274,156.367,3676
2025-01-20 15:00:00+00:00,156.368,156.451,155.716,155.716,10314
2025-01-20 16:00:00+00:00,155.716,155.905,155.408,155.539,13110
2025-01-20 17:00:00+00:00,155.54,155.926,155.519,155.684,10222
2025-01-20 18:00:00+00:00,155.682,155.718,155.593,155.675,5234
2025-01-20 19:00:00+00:00,155.674,156.054,155.629,155.818,6700
2025-01-20 20:00:00+00:00,155.822,155.894,155.682,155.686,2726
2025-01-20 21:00:00+00:00,155.694,155.766,155.585,155.629,3283
2025-01-20 22:00:00+00:00,155.631,155.636,155.485,155.598,3024
2025-01-20 23:00:00+00:00,155.598,155.71,155.501,155.548,6652
2025-01-21 00:00:00+00:00,155.509,155.624,155.474,155.617,835
2025-01-21 01:00:00+00:00,155.624,155.648,155.156,155.269,5223
2025-01-21 02:00:00+00:00,155.27,156.228,154.9,156.012,11146
2025-01-21 03:00:00+00:00,156.012,156.186,155.455,155.538,11952
2025-01-21 04:00:00+00:00,155.539,155.576,154.944,155.136,8255
2025-01-21 05:00:00+00:00,155.133,155.24,154.765,155.18,7135
2025-01-21 06:00:00+00:00,155.18,155.185,154.945,155.058,4656
2025-01-21 07:00:00+00:00,155.056,155.319,154.996,155.305,4902
2025-01-21 08:00:00+00:00,155.313,155.546,155.313,155.511,4827
2025-01-21 09:00:00+00:00,155.513,155.748,155.492,155.67,7154
2025-01-21 10:00:00+00:00,155.673,155.767,155.607,155.743,5856
2025-01-21 11:00:00+00:00,155.741,155.954,155.697,155.892,6800
2025-01-21 12:00:00+00:00,155.898,155.995,155.801,155.974,5644
2025-01-21 13:00:00+00:00,155.978,156.046,155.865,155.905,5369
2025-01-21 14:00:00+00:00,155.903,155.95,155.708,155.814,5799
2025-01-21 15:00:00+00:00,155.815,155.831,155.454,155.483,6667
2025-01-21 16:00:00+00:00,155.482,155.665,155.332,155.576,9377
2025-01-21 17:00:00+00:00,155.576,155.729,155.244,155.323,10933
2025-01-21 18:00:00+00:00,155.324,155.567,155.298,155.492,7023
2025-01-21 19:00:00+00:00,155.494,155.574,155.41,155.567,4839
2025-01-21 20:00:00+00:00,155.568,155.589,155.42,155.507,3890
2025-01-21 21:00:00+00:00,155.507,155.582,155.466,155.549,3530
2025-01-21 22:00:00+00:00,155.549,155.592,155.511,155.511,3159
2025-01-21 23:00:00+00:00,155.512,155.553,155.421,155.421,1415
2025-01-22 00:00:00+00:00,155.424,155.517,155.401,155.46,1719
2025-01-22 01:00:00+00:00,155.46,155.821,155.435,155.734,4685
2025-01-22 02:00:00+00:00,155.736,155.758,155.35,155.417,7734
2025-01-22 03:00:00+00:00,155.419,155.712,155.398,155.679,6582
2025-01-22 04:00:00+00:00,155.679,155.761,155.625,155.734,4794
2025-01-22 05:00:00+00:00,155.734,155.954,155.674,155.915,3624
2025-01-22 06:00:00+00:00,155.915,155.921,155.709,155.785,3404
2025-01-22 07:00:00+00:00,155.785,155.948,155.784,155.825,3713
2025-01-22 08:00:00+00:00,155.825,155.972,155.675,155.884,5428
2025-01-22 09:00:00+00:00,155.883,156.071,155.794,156.04,5563
2025-01-22 10:00:00+00:00,156.039,156.112,155.547,155.713,7949
2025-01-22 11:00:00+00:00,155.712,155.82,155.646,155.667,5144
2025-01-22 12:00:00+00:00,155.666,155.778,155.625,155.757,4402
2025-01-22 13:00:00+00:00,155.756,155.892,155.71,155.865,3725
2025-01-22 14:00:00+00:00,155.865,156.048,155.796,155.806,4540
2025-01-22 15:00:00+00:00,155.806,155.966,155.738,155.884,6176
2025-01-22 16:00:00+00:00,155.885,156.186,155.806,156.146,8582
2025-01-22 17:00:00+00:00,156.147,156.418,156.044,156.398,9498
2025-01-22 18:00:00+00:00,156.397,156.641,156.372,156.616,7992
2025-01-22 19:00:00+00:00,156.617,156.707,156.554,156.609,5446
2025-01-22 20:00:00+00:00,156.609,156.625,156.495,156.572,4558
2025-01-22 21:00:00+00:00,156.572,156.583,156.466,156.514,3454
2025-01-22 22:00:00+00:00,156.514,156.554,156.44,156.541,3509
2025-01-22 23:00:00+00:00,156.54,156.585,156.452,156.452,1852
2025-01-23 00:00:00+00:00,156.435,156.461,156.388,156.414,341
2025-01-23 01:00:00+00:00,156.401,156.51,156.375,156.434,2193
2025-01-23 02:00:00+00:00,156.435,156.457,156.305,156.385,6372
2025-01-23 03:00:00+00:00,156.386,156.559,156.278,156.544,5368
2025-01-23 04:00:00+00:00,156.545,156.603,156.444,156.488,4131
2025-01-23 05:00:00+00:00,156.487,156.552,156.474,156.495,2743
2025-01-23 06:00:00+00:00,156.495,156.61,156.472,156.582,2570
2025-01-23 07:00:00+00:00,156.582,156.748,156.582,156.697,4134
2025-01-23 08:00:00+00:00,156.697,156.717,156.477,156.602,4109
2025-01-23 09:00:00+00:00,156.603,156.684,156.517,156.603,5102
2025-01-23 10:00:00+00:00,156.604,156.63,156.444,156.48,5339
2025-01-23 11:00:00+00:00,156.479,156.543,156.346,156.374,5092
2025-01-23 12:00:00+00:00,156.373,156.4,156.198,156.399,3979
2025-01-23 13:00:00+00:00,156.399,156.55,156.36,156.542,3273
2025-01-23 14:00:00+00:00,156.541,156.593,156.365,156.396,4088
2025-01-23 15:00:00+00:00,156.392,156.413,156.1,156.199,7670
2025-01-23 16:00:00+00:00,156.19,156.398,156.13,156.245,7167
2025-01-23 17:00:00+00:00,156.243,156.467,156.144,156.165,8524
2025-01-23 18:00:00+00:00,156.165,156.385,155.859,155.997,12076
2025-01-23 19:00:00+00:00,155.996,156.123,155.872,155.909,5651
2025-01-23 20:00:00+00:00,155.908,155.998,155.873,155.991,3643
2025-01-23 21:00:00+00:00,155.991,156.03,155.738,155.797,3872
2025-01-23 22:00:00+00:00,155.797,155.968,155.746,155.968,3781
2025-01-23 23:00:00+00:00,155.978,156.061,155.947,156.032,1727
2025-01-24 00:00:00+00:00,156.025,156.041,155.982,156.02,331
2025-01-24 01:00:00+00:00,156.02,156.173,155.946,156.129,1849
2025-01-24 02:00:00+00:00,156.128,156.269,155.999,156.238,5958
2025-01-24 03:00:00+00:00,156.236,156.35,156.13,156.303,4669
2025-01-24 04:00:00+00:00,156.313,156.373,155.885,155.968,6182
2025-01-24 05:00:00+00:00,155.968,156.406,155.421,155.472,8915
2025-01-24 06:00:00+00:00,155.471,155.507,154.999,155.225,8093
2025-01-24 07:00:00+00:00,155.227,155.462,155.097,155.353,6089
2025-01-24 08:00:00+00:00,155.35,155.738,154.834,155.351,10613
2025-01-24 09:00:00+00:00,155.351,155.63,155.214,155.377,10642
2025-01-24 10:00:00+00:00,155.375,155.444,154.931,155.371,10612
2025-01-24 11:00:00+00:00,155.37,155.623,155.113,155.579,8147
2025-01-24 12:00:00+00:00,155.578,155.963,155.546,155.906,6633
2025-01-24 13:00:00+00:00,155.908,156.101,155.899,156.091,6302
2025-01-24 14:00:00+00:00,156.093,156.465,156.055,156.451,6811
2025-01-24 15:00:00+00:00,156.453,156.571,156.234,156.318,8345
2025-01-24 16:00:00+00:00,156.316,156.479,156.114,156.3,9923
2025-01-24 17:00:00+00:00,156.287,156.386,155.621,155.723,10893
2025-01-24 18:00:00+00:00,155.727,155.81,155.571,155.578,7719
2025-01-24 19:00:00+00:00,155.579,155.749,155.51,155.742,5042
2025-01-24 20:00:00+00:00,155.74,156.017,155.72,155.928,4263
2025-01-24 21:00:00+00:00,155.93,155.955,155.77,155.814,3442
2025-01-24 22:00:00+00:00,155.817,155.978,155.812,155.899,3552
2025-01-24 23:00:00+00:00,155.899,155.972,155.858,155.946,1371
2025-01-27 00:00:00+00:00,155.648,155.801,155.648,155.775,858
2025-01-27 01:00:00+00:00,155.775,155.82,155.562,155.712,5148
2025-01-27 02:00:00+00:00,155.716,155.839,155.385,155.527,8289
2025-01-27 03:00:00+00:00,155.525,155.595,155.28,155.475,8436
2025-01-27 04:00:00+00:00,155.475,155.659,155.413,155.629,4743
2025-01-27 05:00:00+00:00,155.627,155.873,155.61,155.789,4893
2025-01-27 06:00:00+00:00,155.79,156.051,155.781,156.008,4256
2025-01-27 07:00:00+00:00,156.011,156.092,155.93,156.056,4989
2025-01-27 08:00:00+00:00,156.058,156.245,155.969,155.986,6120
2025-01-27 09:00:00+00:00,155.988,155.989,155.675,155.876,8034
2025-01-27 10:00:00+00:00,155.878,155.905,155.044,155.126,10160
2025-01-27 11:00:00+00:00,155.125,155.182,154.461,154.595,11554
2025-01-27 12:00:00+00:00,154.594,154.594,153.732,153.965,12448
2025-01-27 13:00:00+00:00,153.963,154.083,153.706,153.956,11791
2025-01-27 14:00:00+00:00,153.954,154.227,153.857,154.04,10630
2025-01-27 15:00:00+00:00,154.041,154.454,153.895,154.2,12048
2025-01-27 16:00:00+00:00,154.201,154.386,153.946,154.351,13581
2025-01-27 17:00:00+00:00,154.351,154.677,154.225,154.342,12607
2025-01-27 18:00:00+00:00,154.341,154.418,154.096,154.221,9990
2025-01-27 19:00:00+00:00,154.222,154.427,154.168,154.286,8409
2025-01-27 20:00:00+00:00,154.286,154.58,154.218,154.424,7505
2025-01-27 21:00:00+00:00,154.426,154.716,154.424,154.542,6195
2025-01-27 22:00:00+00:00,154.542,154.694,154.527,154.576,5940
2025-01-27 23:00:00+00:00,154.576,154.653,154.454,154.497,2523
2025-01-28 00:00:00+00:00,154.489,154.542,154.435,154.508,920
2025-01-28 01:00:00+00:00,154.518,154.975,154.514,154.911,8267
2025-01-28 02:00:00+00:00,154.908,155.154,154.79,155.137,10486
2025-01-28 03:00:00+00:00,155.137,155.634,155.114,155.482,8271
2025-01-28 04:00:00+00:00,155.481,155.666,155.394,155.543,7535
2025-01-28 05:00:00+00:00,155.545,155.739,155.481,155.729,5457
2025-01-28 06:00:00+00:00,155.73,155.945,155.716,155.784,5202
2025-01-28 07:00:00+00:00,155.78,155.825,155.646,155.695,3370
2025-01-28 08:00:00+00:00,155.694,155.841,155.513,155.766,5154
2025-01-28 09:00:00+00:00,155.766,155.971,155.668,155.858,7544
2025-01-28 10:00:00+00:00,155.859,155.925,155.546,155.725,8656
2025-01-28 11:00:00+00:00,155.725,155.813,155.246,155.442,7639
2025-01-28 12:00:00+00:00,155.442,155.493,155.199,155.467,4339
2025-01-28 13:00:00+00:00,155.466,155.489,155.24,155.434,3454
2025-01-28 14:00:00+00:00,155.433,155.48,155.246,155.271,4992
2025-01-28 15:00:00+00:00,155.27,155.56,155.211,155.483,7732
2025-01-28 16:00:00+00:00,155.482,155.56,155.044,155.288,9489
2025-01-28 17:00:00+00:00,155.279,155.742,155.203,155.71,9779
2025-01-28 18:00:00+00:00,155.709,155.757,155.576,155.654,7915
2025-01-28 19:00:00+00:00,155.654,155.691,155.546,155.598,5343
2025-01-28 20:00:00+00:00,155.597,155.678,155.515,155.677,4773
2025-01-28 21:00:00+00:00,155.679,155.72,155.5,155.528,4687
2025-01-28 22:00:00+00:00,155.527,155.595,155.485,155.513,5400
2025-01-28 23:00:00+00:00,155.513,155.554,155.485,155.49,2802
2025-01-29 00:00:00+00:00,155.49,155.524,155.438,155.519,154
2025-01-29 01:00:00+00:00,155.518,155.604,155.5,155.556,1679
2025-01-29 02:00:00+00:00,155.556,155.644,155.423,155.625,6020
2025-01-29 03:00:00+00:00,155.625,155.785,155.584,155.708,4788
2025-01-29 04:00:00+00:00,155.707,155.778,155.584,155.616,3679
2025-01-29 05:00:00+00:00,155.616,155.617,155.316,155.419,4187
2025-01-29 06:00:00+00:00,155.418,155.426,155.223,155.292,3635
2025-01-29 07:00:00+00:00,155.295,155.295,154.996,155.006,4679
2025-01-29 08:00:00+00:00,155.008,155.314,154.994,155.216,6252
2025-01-29 09:00:00+00:00,155.22,155.403,155.132,155.282,7505
2025-01-29 10:00:00+00:00,155.281,155.332,155.002,155.146,7816
2025-01-29 11:00:00+00:00,155.143,155.356,155.087,155.337,6694
2025-01-29 12:00:00+00:00,155.336,155.449,155.311,155.38,5006
2025-01-29 13:00:00+00:00,155.38,155.515,155.317,155.416,4795
2025-01-29 14:00:00+00:00,155.415,155.489,155.316,155.362,5705
2025-01-29 15:00:00+00:00,155.361,155.462,155.248,155.422,7725
2025-01-29 16:00:00+00:00,155.421,155.442,155.166,155.187,7507
2025-01-29 17:00:00+00:00,155.188,155.316,154.931,155.004,9255
2025-01-29 18:00:00+00:00,155.004,155.239,154.965,155.22,7840
2025-01-29 19:00:00+00:00,155.22,155.226,155.046,155.049,5049
2025-01-29 20:00:00+00:00,155.049,155.162,154.996,155.099,5047
2025-01-29 21:00:00+00:00,155.081,155.603,155.062,155.239,12764
2025-01-29 22:00:00+00:00,155.242,155.384,155.094,155.352,8808
2025-01-29 23:00:00+00:00,155.353,155.372,155.18,155.185,4844
2025-01-30 00:00:00+00:00,155.131,155.229,155.109,155.16,306
2025-01-30 01:00:00+00:00,155.172,155.23,155.028,155.172,5409
2025-01-30 02:00:00+00:00,155.17,155.194,154.671,154.715,8067
2025-01-30 03:00:00+00:00,154.717,154.719,154.453,154.638,7046
2025-01-30 04:00:00+00:00,154.639,154.653,154.276,154.369,7227
2025-01-30 05:00:00+00:00,154.37,154.543,154.304,154.522,5695
2025-01-30 06:00:00+00:00,154.522,154.676,154.475,154.595,3907
2025-01-30 07:00:00+00:00,154.596,154.629,154.411,154.477,4132
2025-01-30 08:00:00+00:00,154.476,154.728,154.349,154.431,5295
2025-01-30 09:00:00+00:00,154.429,154.629,154.361,154.487,5771
2025-01-30 10:00:00+00:00,154.485,154.642,154.427,154.472,8265
2025-01-30 11:00:00+00:00,154.468,154.588,154.309,154.441,7643
2025-01-30 12:00:00+00:00,154.438,154.529,154.346,154.49,6297
2025-01-30 13:00:00+00:00,154.491,154.595,154.417,154.586,5133
2025-01-30 14:00:00+00:00,154.587,154.59,154.092,154.15,6201
2025-01-30 15:00:00+00:00,154.147,154.26,153.828,153.906,11398
2025-01-30 16:00:00+00:00,153.906,154.219,153.839,154.051,12178
2025-01-30 17:00:00+00:00,154.042,154.147,153.784,154.129,11236
2025-01-30 18:00:00+00:00,154.136,154.474,154.066,154.418,9071
2025-01-30 19:00:00+00:00,154.418,154.442,154.253,154.29,6700
2025-01-30 20:00:00+00:00,154.289,154.49,154.287,154.374,4222
2025-01-30 21:00:00+00:00,154.374,154.374,154.08,154.108,5130
2025-01-30 22:00:00+00:00,154.109,154.449,153.991,154.254,8729
2025-01-30 23:00:00+00:00,154.246,154.449,154.175,154.284,4328
2025-01-31 00:00:00+00:00,154.277,154.277,154.103,154.186,464
2025-01-31 01:00:00+00:00,154.201,154.496,154.055,154.082,4555
2025-01-31 02:00:00+00:00,154.081,154.36,154.013,154.307,7696
2025-01-31 03:00:00+00:00,154.307,154.317,153.913,154.085,9053
2025-01-31 04:00:00+00:00,154.085,154.212,153.926,154.172,6544
2025-01-31 05:00:00+00:00,154.175,154.419,154.15,154.356,5328
2025-01-31 06:00:00+00:00,154.355,154.439,154.307,154.435,4794
2025-01-31 07:00:00+00:00,154.436,154.874,154.43,154.715,6798
2025-01-31 08:00:00+00:00,154.714,154.933,154.637,154.682,6931
2025-01-31 09:00:00+00:00,154.684,154.757,154.574,154.651,7743
2025-01-31 10:00:00+00:00,154.652,154.806,154.55,154.587,8836
2025-01-31 11:00:00+00:00,154.586,154.711,154.479,154.71,8617
2025-01-31 12:00:00+00:00,154.712,154.777,154.667,154.667,5948
2025-01-31 13:00:00+00:00,154.666,154.85,154.597,154.839,5834
2025-01-31 14:00:00+00:00,154.84,154.886,154.752,154.821,4402
2025-01-31 15:00:00+00:00,154.819,155.016,154.729,154.793,9762
2025-01-31 16:00:00+00:00,154.79,154.972,154.553,154.619,9503
2025-01-31 17:00:00+00:00,154.619,154.871,154.52,154.818,12009
2025-01-31 18:00:00+00:00,154.817,155.001,154.802,154.914,8974
2025-01-31 19:00:00+00:00,154.913,154.969,154.66,154.757,10804
2025-01-31 20:00:00+00:00,154.754,155.216,154.751,155.131,9346
2025-01-31 21:00:00+00:00,155.132,155.2,154.986,155.135,5471
2025-01-31 22:00:00+00:00,155.136,155.203,155.083,155.088,6491
2025-01-31 23:00:00+00:00,155.087,155.206,155.013,155.181,5186
2025-02-03 00:00:00+00:00,154.724,155.083,154.705,154.978,2118
2025-02-03 01:00:00+00:00,154.985,155.432,154.878,155.341,10008
2025-02-03 02:00:00+00:00,155.341,155.793,155.34,155.695,14227
2025-02-03 03:00:00+00:00,155.695,155.882,155.641,155.701,11020
2025-02-03 04:00:00+00:00,155.702,155.869,155.464,155.54,8393
2025-02-03 05:00:00+00:00,155.54,155.756,155.485,155.646,5795
2025-02-03 06:00:00+00:00,155.645,155.744,155.564,155.708,7869
2025-02-03 07:00:00+00:00,155.704,155.708,155.46,155.569,5843
2025-02-03 08:00:00+00:00,155.571,155.606,155.275,155.373,7753
2025-02-03 09:00:00+00:00,155.373,155.66,155.373,155.617,10168
2025-02-03 10:00:00+00:00,155.615,155.71,155.342,155.449,10293
2025-02-03 11:00:00+00:00,155.449,155.465,154.994,154.994,8644
2025-02-03 12:00:00+00:00,154.999,155.124,154.825,154.93,7396
2025-02-03 13:00:00+00:00,154.931,154.957,154.589,154.602,7709
2025-02-03 14:00:00+00:00,154.604,154.615,154.28,154.563,8111
2025-02-03 15:00:00+00:00,154.564,154.828,154.395,154.643,9157
2025-02-03 16:00:00+00:00,154.645,154.743,154.369,154.513,12312
2025-02-03 17:00:00+00:00,154.49,154.863,154.005,154.717,17326
2025-02-03 18:00:00+00:00,154.718,154.861,154.536,154.682,13253
2025-02-03 19:00:00+00:00,154.681,154.721,154.513,154.649,10659
2025-02-03 20:00:00+00:00,154.649,155.005,154.564,154.953,8213
2025-02-03 21:00:00+00:00,154.953,154.996,154.821,154.893,7241
2025-02-03 22:00:00+00:00,154.891,154.897,154.646,154.706,6450
2025-02-03 23:00:00+00:00,154.709,154.915,154.532,154.693,4494
2025-02-04 00:00:00+00:00,154.643,154.836,154.643,154.763,1021
2025-02-04 01:00:00+00:00,154.78,155.292,154.765,155.259,6309
2025-02-04 02:00:00+00:00,155.259,155.403,155.175,155.304,7898
2025-02-04 03:00:00+00:00,155.304,155.39,155.04,155.1,8488
2025-02-04 04:00:00+00:00,155.104,155.247,155.036,155.145,6111
2025-02-04 05:00:00+00:00,155.146,155.302,155.057,155.201,4995
2025-02-04 06:00:00+00:00,155.201,155.282,155.178,155.276,4718
2025-02-04 07:00:00+00:00,155.276,155.33,154.818,155.241,12164
2025-02-04 08:00:00+00:00,155.24,155.389,155.153,155.214,6814
2025-02-04 09:00:00+00:00,155.214,155.352,155.161,155.32,7861
2025-02-04 10:00:00+00:00,155.317,155.515,155.123,155.237,10279
2025-02-04 11:00:00+00:00,155.237,155.351,155.064,155.337,8310
2025-02-04 12:00:00+00:00,155.336,155.361,155.236,155.264,6788
2025-02-04 13:00:00+00:00,155.255,155.329,155.143,155.308,5998
2025-02-04 14:00:00+00:00,155.306,155.391,155.23,155.273,6915
2025-02-04 15:00:00+00:00,155.274,155.381,155.236,155.257,7469
2025-02-04 16:00:00+00:00,155.256,155.257,154.947,154.992,10095
2025-02-04 17:00:00+00:00,154.994,155.0,154.532,154.67,12243
2025-02-04 18:00:00+00:00,154.67,154.67,154.462,154.554,8678
2025-02-04 19:00:00+00:00,154.555,154.623,154.246,154.264,7775
2025-02-04 20:00:00+00:00,154.263,154.329,154.165,154.294,6050
2025-02-04 21:00:00+00:00,154.295,154.335,154.223,154.279,5520
2025-02-04 22:00:00+00:00,154.279,154.313,154.228,154.26,5489
2025-02-04 23:00:00+00:00,154.26,154.338,154.226,154.327,2885
2025-02-05 00:00:00+00:00,154.326,154.376,154.286,154.343,550
2025-02-05 01:00:00+00:00,154.341,154.453,154.028,154.124,4296
2025-02-05 02:00:00+00:00,154.124,154.354,153.817,153.852,8699
2025-02-05 03:00:00+00:00,153.851,153.853,153.463,153.595,11088
2025-02-05 04:00:00+00:00,153.6,153.634,153.17,153.38,9187
2025-02-05 05:00:00+00:00,153.383,153.457,153.087,153.213,6409
2025-02-05 06:00:00+00:00,153.212,153.387,153.107,153.357,6094
2025-02-05 07:00:00+00:00,153.357,153.564,153.343,153.417,5612
2025-02-05 08:00:00+00:00,153.423,153.445,153.155,153.187,6525
2025-02-05 09:00:00+00:00,153.186,153.364,153.07,153.298,7667
2025-02-05 10:00:00+00:00,153.298,153.387,152.912,153.046,9208
2025-02-05 11:00:00+00:00,153.047,153.129,152.638,152.836,8712
2025-02-05 12:00:00+00:00,152.835,152.838,152.546,152.64,6514
2025-02-05 13:00:00+00:00,152.638,152.878,152.624,152.867,5586
2025-02-05 14:00:00+00:00,152.871,152.944,152.734,152.858,5209
2025-02-05 15:00:00+00:00,152.857,153.103,152.725,153.04,11312
2025-02-05 16:00:00+00:00,153.036,153.202,152.768,152.768,9821
2025-02-05 17:00:00+00:00,152.767,152.767,152.107,152.132,14297
2025-02-05 18:00:00+00:00,152.133,152.379,152.106,152.329,9632
2025-02-05 19:00:00+00:00,152.329,152.439,152.247,152.282,6570
2025-02-05 20:00:00+00:00,152.282,152.402,152.239,152.311,6317
2025-02-05 21:00:00+00:00,152.311,152.537,152.303,152.517,5406
2025-02-05 22:00:00+00:00,152.518,152.762,152.516,152.688,5460
2025-02-05 23:00:00+00:00,152.687,152.705,152.579,152.582,2946
2025-02-06 00:00:00+00:00,152.59,152.59,152.469,152.549,547
2025-02-06 01:00:00+00:00,152.558,152.746,152.459,152.642,2792
2025-02-06 02:00:00+00:00,152.641,152.679,152.321,152.35,7650
2025-02-06 03:00:00+00:00,152.349,152.377,151.804,152.022,8209
2025-02-06 04:00:00+00:00,152.021,152.294,151.927,152.25,6584
2025-02-06 05:00:00+00:00,152.256,152.279,152.047,152.233,4120
2025-02-06 06:00:00+00:00,152.233,152.352,152.124,152.345,3992
2025-02-06 07:00:00+00:00,152.344,152.512,152.156,152.418,6036
2025-02-06 08:00:00+00:00,152.417,152.585,152.396,152.558,4743
2025-02-06 09:00:00+00:00,152.557,152.666,152.481,152.573,7334
2025-02-06 10:00:00+00:00,152.574,152.695,152.444,152.634,8035
2025-02-06 11:00:00+00:00,152.634,152.892,152.533,152.655,7343
2025-02-06 12:00:00+00:00,152.655,152.676,152.501,152.527,6053
2025-02-06 13:00:00+00:00,152.534,152.539,152.356,152.427,6213
2025-02-06 14:00:00+00:00,152.429,152.461,152.259,152.372,9518
2025-02-06 15:00:00+00:00,152.374,152.525,152.047,152.078,10121
2025-02-06 16:00:00+00:00,152.078,152.209,151.855,152.106,9397
2025-02-06 17:00:00+00:00,152.107,152.15,151.653,151.687,10769
2025-02-06 18:00:00+00:00,151.69,152.043,151.663,152.038,8357
2025-02-06 19:00:00+00:00,152.038,152.057,151.845,151.865,6275
2025-02-06 20:00:00+00:00,151.864,151.878,151.305,151.324,6821
2025-02-06 21:00:00+00:00,151.323,151.427,151.232,151.379,5648
2025-02-06 22:00:00+00:00,151.381,151.533,151.35,151.522,3145
2025-02-06 23:00:00+00:00,151.522,151.535,151.347,151.347,1420
2025-02-07 00:00:00+00:00,151.339,151.475,151.337,151.433,850
2025-02-07 01:00:00+00:00,151.433,151.441,151.146,151.161,3819
2025-02-07 02:00:00+00:00,151.162,151.26,150.951,151.21,8166
2025-02-07 03:00:00+00:00,151.211,151.655,151.208,151.569,8647
2025-02-07 04:00:00+00:00,151.571,151.737,151.537,151.598,7004
2025-02-07 05:00:00+00:00,151.598,151.727,151.44,151.574,5428
2025-02-07 06:00:00+00:00,151.575,151.709,151.539,151.676,4136
2025-02-07 07:00:00+00:00,151.677,151.785,151.611,151.716,5167
2025-02-07 08:00:00+00:00,151.717,151.835,151.582,151.834,5054
2025-02-07 09:00:00+00:00,151.832,151.883,151.661,151.817,6395
2025-02-07 10:00:00+00:00,151.819,151.887,151.666,151.737,7387
2025-02-07 11:00:00+00:00,151.736,151.829,151.689,151.821,7184
2025-02-07 12:00:00+00:00,151.821,152.156,151.796,152.128,6733
2025-02-07 13:00:00+00:00,152.128,152.177,152.064,152.15,4824
2025-02-07 14:00:00+00:00,152.152,152.242,151.976,152.005,5365
2025-02-07 15:00:00+00:00,152.003,152.422,151.291,151.946,12984
2025-02-07 16:00:00+00:00,151.947,151.998,151.481,151.523,13600
2025-02-07 17:00:00+00:00,151.548,151.754,151.274,151.381,15657
2025-02-07 18:00:00+00:00,151.38,151.558,150.922,151.297,14081
2025-02-07 19:00:00+00:00,151.296,151.845,151.261,151.658,12388
2025-02-07 20:00:00+00:00,151.658,151.736,151.346,151.381,6543
2025-02-07 21:00:00+00:00,151.38,151.521,151.19,151.377,7674
2025-02-07 22:00:00+00:00,151.378,151.422,151.249,151.296,7251
2025-02-07 23:00:00+00:00,151.295,151.447,151.265,151.404,3282
2025-02-10 00:00:00+00:00,151.166,151.552,151.166,151.523,1694
2025-02-10 01:00:00+00:00,151.523,151.877,151.452,151.872,5455
2025-02-10 02:00:00+00:00,151.872,151.914,151.619,151.868,8230
2025-02-10 03:00:00+00:00,151.868,152.133,151.864,152.004,8876
2025-02-10 04:00:00+00:00,152.002,152.209,151.908,152.143,6235
2025-02-10 05:00:00+00:00,152.144,152.145,151.877,151.918,4950
2025-02-10 06:00:00+00:00,151.918,151.965,151.818,151.903,4351
2025-02-10 07:00:00+00:00,151.903,152.045,151.9,151.949,4766
2025-02-10 08:00:00+00:00,151.949,151.965,151.763,151.886,5973
2025-02-10 09:00:00+00:00,151.885,152.183,151.862,152.164,7235
2025-02-10 10:00:00+00:00,152.166,152.531,152.122,152.385,9340
2025-02-10 11:00:00+00:00,152.384,152.402,152.161,152.19,7278
2025-02-10 12:00:00+00:00,152.19,152.301,152.064,152.083,5175
2025-02-10 13:00:00+00:00,152.084,152.188,152.008,152.116,5219
2025-02-10 14:00:00+00:00,152.117,152.239,152.025,152.064,5955
2025-02-10 15:00:00+00:00,152.063,152.081,151.798,151.858,7949
2025-02-10 16:00:00+00:00,151.857,151.857,151.58,151.631,8453
2025-02-10 17:00:00+00:00,151.63,151.688,151.564,151.602,7588
2025-02-10 18:00:00+00:00,151.604,151.789,151.567,151.716,6676
2025-02-10 19:00:00+00:00,151.718,151.915,151.703,151.858,4905
2025-02-10 20:00:00+00:00,151.86,152.067,151.852,152.03,4487
2025-02-10 21:00:00+00:00,152.028,152.056,151.944,151.971,4641
2025-02-10 22:00:00+00:00,151.972,152.028,151.944,151.945,4594
2025-02-10 23:00:00+00:00,151.943,152.007,151.911,151.987,2342
2025-02-11 00:00:00+00:00,151.984,151.984,151.87,151.87,1145
2025-02-11 01:00:00+00:00,151.869,151.947,151.746,151.783,2984
2025-02-11 02:00:00+00:00,151.782,151.881,151.678,151.797,5000
2025-02-11 03:00:00+00:00,151.798,152.05,151.791,152.01,6724
2025-02-11 04:00:00+00:00,152.01,152.032,151.917,151.964,4727
2025-02-11 05:00:00+00:00,151.964,152.042,151.911,151.976,3958
2025-02-11 06:00:00+00:00,151.977,152.035,151.974,151.982,2366
2025-02-11 07:00:00+00:00,151.981,151.997,151.935,151.946,2354
2025-02-11 08:00:00+00:00,151.952,151.981,151.826,151.912,3447
2025-02-11 09:00:00+00:00,151.911,152.041,151.866,151.947,5801
2025-02-11 10:00:00+00:00,151.949,152.091,151.643,151.864,8073
2025-02-11 11:00:00+00:00,151.863,151.993,151.823,151.94,5905
2025-02-11 12:00:00+00:00,151.939,152.143,151.938,152.128,5892
2025-02-11 13:00:00+00:00,152.127,152.373,152.114,152.333,5510
2025-02-11 14:00:00+00:00,152.338,152.407,152.215,152.372,6289
2025-02-11 15:00:00+00:00,152.37,152.506,152.297,152.3,6307
2025-02-11 16:00:00+00:00,152.3,152.455,152.223,152.286,8033
2025-02-11 17:00:00+00:00,152.284,152.593,152.229,152.487,12034
2025-02-11 18:00:00+00:00,152.486,152.533,152.243,152.361,7775
2025-02-11 19:00:00+00:00,152.36,152.403,152.287,152.362,5541
2025-02-11 20:00:00+00:00,152.361,152.475,152.283,152.429,5248
2025-02-11 21:00:00+00:00,152.43,152.548,152.286,152.488,6706
2025-02-11 22:00:00+00:00,152.489,152.599,152.444,152.551,5702
2025-02-11 23:00:00+00:00,152.55,152.557,152.419,152.478,2246
2025-02-12 00:00:00+00:00,152.479,152.479,152.369,152.425,1050
2025-02-12 01:00:00+00:00,152.43,152.767,152.425,152.766,2873
2025-02-12 02:00:00+00:00,152.765,153.225,152.719,153.181,7644
2025-02-12 03:00:00+00:00,153.182,153.483,153.068,153.471,8202
2025-02-12 04:00:00+00:00,153.471,153.524,153.354,153.455,6313
2025-02-12 05:00:00+00:00,153.456,153.68,153.45,153.626,6244
2025-02-12 06:00:00+00:00,153.626,153.728,153.572,153.682,6188
2025-02-12 07:00:00+00:00,153.683,153.701,153.523,153.537,5593
2025-02-12 08:00:00+00:00,153.532,153.703,153.5,153.584,5338
2025-02-12 09:00:00+00:00,153.583,153.684,153.407,153.673,7175
2025-02-12 10:00:00+00:00,153.674,153.881,153.495,153.548,8246
2025-02-12 11:00:00+00:00,153.553,153.588,153.409,153.515,7047
2025-02-12 12:00:00+00:00,153.512,153.693,153.484,153.577,5804
2025-02-12 13:00:00+00:00,153.576,153.629,153.458,153.548,4902
2025-02-12 14:00:00+00:00,153.549,153.637,153.37,153.551,5396
2025-02-12 15:00:00+00:00,153.547,154.453,153.233,154.41,13746
2025-02-12 16:00:00+00:00,154.41,154.476,154.136,154.422,12428
2025-02-12 17:00:00+00:00,154.424,154.613,154.309,154.435,12048
2025-02-12 18:00:00+00:00,154.435,154.794,154.391,154.624,9454
2025-02-12 19:00:00+00:00,154.625,154.627,154.311,154.347,9948
2025-02-12 20:00:00+00:00,154.346,154.491,154.278,154.358,7484
2025-02-12 21:00:00+00:00,154.359,154.478,154.305,154.423,5137
2025-02-12 22:00:00+00:00,154.421,154.457,154.324,154.43,6828
2025-02-12 23:00:00+00:00,154.429,154.476,154.369,154.399,4466
2025-02-13 00:00:00+00:00,154.4,154.4,154.253,154.335,728
2025-02-13 01:00:00+00:00,154.354,154.462,154.185,154.227,3197
2025-02-13 02:00:00+00:00,154.225,154.549,154.116,154.532,8535
2025-02-13 03:00:00+00:00,154.534,154.662,154.215,154.25,8058
2025-02-13 04:00:00+00:00,154.251,154.347,154.154,154.223,5809
2025-02-13 05:00:00+00:00,154.224,154.29,154.171,154.238,5321
2025-02-13 06:00:00+00:00,154.239,154.484,154.216,154.354,6939
2025-02-13 07:00:00+00:00,154.355,154.402,154.129,154.164,5728
2025-02-13 08:00:00+00:00,154.169,154.228,153.955,154.041,6974
2025-02-13 09:00:00+00:00,154.046,154.308,153.948,154.272,8454
2025-02-13 10:00:00+00:00,154.27,154.336,154.012,154.014,9793
2025-02-13 11:00:00+00:00,154.015,154.084,153.89,153.972,7712
2025-02-13 12:00:00+00:00,153.971,154.011,153.763,153.785,6727
2025-02-13 13:00:00+00:00,153.785,153.873,153.728,153.84,6451
2025-02-13 14:00:00+00:00,153.84,153.899,153.737,153.847,7159
2025-02-13 15:00:00+00:00,153.846,154.004,153.416,153.511,10959
2025-02-13 16:00:00+00:00,153.509,153.601,153.345,153.51,11519
2025-02-13 17:00:00+00:00,153.511,153.716,153.074,153.134,13229
2025-02-13 18:00:00+00:00,153.133,153.171,152.918,153.171,9006
2025-02-13 19:00:00+00:00,153.174,153.195,153.045,153.16,6478
2025-02-13 20:00:00+00:00,153.162,153.341,153.13,153.264,9124
2025-02-13 21:00:00+00:00,153.263,153.271,152.764,152.926,6729
2025-02-13 22:00:00+00:00,152.925,152.988,152.695,152.738,5519
2025-02-13 23:00:00+00:00,152.736,152.841,152.723,152.786,4059
2025-02-14 00:00:00+00:00,152.745,152.853,152.695,152.832,631
2025-02-14 01:00:00+00:00,152.823,153.15,152.8,152.978,3584
2025-02-14 02:00:00+00:00,152.989,153.099,152.569,152.634,8891
2025-02-14 03:00:00+00:00,152.635,152.635,152.441,152.563,7134
2025-02-14 04:00:00+00:00,152.568,152.871,152.516,152.823,4442
2025-02-14 05:00:00+00:00,152.822,153.003,152.802,152.831,3772
2025-02-14 06:00:00+00:00,152.834,152.888,152.615,152.627,3666
2025-02-14 07:00:00+00:00,152.627,152.727,152.55,152.608,3137
2025-02-14 08:00:00+00:00,152.607,152.685,152.435,152.496,3792
2025-02-14 09:00:00+00:00,152.495,152.736,152.378,152.72,7994
2025-02-14 10:00:00+00:00,152.72,152.782,152.477,152.743,9805
2025-02-14 11:00:00+00:00,152.742,152.833,152.494,152.508,6119
2025-02-14 12:00:00+00:00,152.506,152.585,152.461,152.515,5363
2025-02-14 13:00:00+00:00,152.509,152.734,152.484,152.699,5142
2025-02-14 14:00:00+00:00,152.7,152.738,152.591,152.732,5490
2025-02-14 15:00:00+00:00,152.732,152.818,152.094,152.175,11548
2025-02-14 16:00:00+00:00,152.172,152.305,152.062,152.237,10351
2025-02-14 17:00:00+00:00,152.236,152.375,152.09,152.136,9642
2025-02-14 18:00:00+00:00,152.137,152.256,152.018,152.246,7179
2025-02-14 19:00:00+00:00,152.245,152.342,152.218,152.293,5419
2025-02-14 20:00:00+00:00,152.291,152.389,152.28,152.302,3961
2025-02-14 21:00:00+00:00,152.303,152.34,152.173,152.204,4994
2025-02-14 22:00:00+00:00,152.207,152.347,152.207,152.322,4553
2025-02-14 23:00:00+00:00,152.321,152.339,152.212,152.278,2432
2025-02-17 00:00:00+00:00,152.176,152.271,152.138,152.257,227
2025-02-17 01:00:00+00:00,152.258,152.377,151.961,151.998,3825
2025-02-17 02:00:00+00:00,151.998,152.11,151.78,151.871,7767
2025-02-17 03:00:00+00:00,151.872,151.901,151.732,151.887,5968
2025-02-17 04:00:00+00:00,151.889,151.933,151.5,151.546,5969
2025-02-17 05:00:00+00:00,151.547,151.656,151.528,151.613,4904
2025-02-17 06:00:00+00:00,151.613,151.775,151.6,151.68,4771
2025-02-17 07:00:00+00:00,151.68,151.701,151.469,151.519,7546
2025-02-17 08:00:00+00:00,151.521,151.785,151.484,151.701,6817
2025-02-17 09:00:00+00:00,151.701,151.89,151.594,151.859,7175
2025-02-17 10:00:00+00:00,151.859,151.937,151.739,151.753,7809
2025-02-17 11:00:00+00:00,151.752,151.841,151.716,151.802,5693
2025-02-17 12:00:00+00:00,151.802,151.834,151.589,151.606,5010
2025-02-17 13:00:00+00:00,151.606,151.713,151.488,151.503,5115
2025-02-17 14:00:00+00:00,151.504,151.534,151.393,151.502,5433
2025-02-17 15:00:00+00:00,151.504,151.526,151.435,151.469,3988
2025-02-17 16:00:00+00:00,151.47,151.491,151.416,151.466,5373
2025-02-17 17:00:00+00:00,151.465,151.475,151.333,151.361,5358
2025-02-17 18:00:00+00:00,151.362,151.439,151.337,151.433,3165
2025-02-17 19:00:00+00:00,151.433,151.446,151.362,151.382,3595
2025-02-17 20:00:00+00:00,151.377,151.417,151.363,151.372,3426
2025-02-17 21:00:00+00:00,151.372,151.398,151.36,151.395,4319
2025-02-17 22:00:00+00:00,151.397,151.422,151.372,151.397,5219
2025-02-17 23:00:00+00:00,151.398,151.523,151.394,151.473,4623
2025-02-18 00:00:00+00:00,151.471,151.5,151.391,151.495,646
2025-02-18 01:00:00+00:00,151.504,151.617,151.225,151.43,2184
2025-02-18 02:00:00+00:00,151.43,151.714,151.411,151.678,8112
2025-02-18 03:00:00+00:00,151.679,151.791,151.591,151.724,7346
2025-02-18 04:00:00+00:00,151.724,151.851,151.686,151.833,4480
2025-02-18 05:00:00+00:00,151.836,152.091,151.794,152.075,5590
2025-02-18 06:00:00+00:00,152.079,152.19,152.032,152.137,5844
2025-02-18 07:00:00+00:00,152.137,152.216,151.984,151.997,5395
2025-02-18 08:00:00+00:00,151.998,152.072,151.879,151.932,5700
2025-02-18 09:00:00+00:00,151.932,152.061,151.788,152.049,5926
2025-02-18 10:00:00+00:00,152.048,152.098,151.81,151.94,6212
2025-02-18 11:00:00+00:00,151.94,151.961,151.787,151.834,4794
2025-02-18 12:00:00+00:00,151.833,151.839,151.7,151.76,5007
2025-02-18 13:00:00+00:00,151.759,151.81,151.675,151.779,4076
2025-02-18 14:00:00+00:00,151.78,151.88,151.707,151.722,5465
2025-02-18 15:00:00+00:00,151.721,151.758,151.623,151.688,6653
2025-02-18 16:00:00+00:00,151.689,151.851,151.639,151.802,7803
2025-02-18 17:00:00+00:00,151.803,151.803,151.519,151.652,7420
2025-02-18 18:00:00+00:00,151.651,151.863,151.641,151.783,6669
2025-02-18 19:00:00+00:00,151.783,151.96,151.771,151.929,4717
2025-02-18 20:00:00+00:00,151.929,152.038,151.903,151.972,5050
2025-02-18 21:00:00+00:00,151.972,151.984,151.868,151.922,5477
2025-02-18 22:00:00+00:00,151.923,152.056,151.923,152.009,6333
2025-02-18 23:00:00+00:00,152.013,152.125,151.998,152.053,2354
2025-02-19 00:00:00+00:00,151.93,152.065,151.93,152.056,1687
2025-02-19 01:00:00+00:00,152.057,152.09,151.907,151.915,2003
2025-02-19 02:00:00+00:00,151.915,152.103,151.826,152.068,6649
2025-02-19 03:00:00+00:00,152.065,152.158,151.74,152.131,7682
2025-02-19 04:00:00+00:00,152.13,152.306,151.964,152.024,6391
2025-02-19 05:00:00+00:00,152.025,152.086,151.853,151.891,5580
2025-02-19 06:00:00+00:00,151.892,151.935,151.735,151.757,5239
2025-02-19 07:00:00+00:00,151.757,151.867,151.702,151.75,5014
2025-02-19 08:00:00+00:00,151.751,151.774,151.585,151.63,6240
2025-02-19 09:00:00+00:00,151.63,151.777,151.583,151.655,7042
2025-02-19 10:00:00+00:00,151.654,151.854,151.607,151.714,7025
2025-02-19 11:00:00+00:00,151.714,151.747,151.544,151.649,6415
2025-02-19 12:00:00+00:00,151.65,151.831,151.649,151.73,5313
2025-02-19 13:00:00+00:00,151.729,151.949,151.726,151.838,6753
2025-02-19 14:00:00+00:00,151.838,151.927,151.75,151.908,6188
2025-02-19 15:00:00+00:00,151.908,151.912,151.685,151.688,7278
2025-02-19 16:00:00+00:00,151.687,151.716,151.325,151.328,7970
2025-02-19 17:00:00+00:00,151.327,151.497,151.239,151.412,8960
2025-02-19 18:00:00+00:00,151.412,151.691,151.412,151.67,6090
2025-02-19 19:00:00+00:00,151.669,151.755,151.621,151.706,3675
2025-02-19 20:00:00+00:00,151.706,151.823,151.612,151.633,4953
2025-02-19 21:00:00+00:00,151.632,151.659,151.39,151.519,6136
2025-02-19 22:00:00+00:00,151.52,151.563,151.444,151.473,4674
2025-02-19 23:00:00+00:00,151.471,151.517,151.456,151.457,1921
2025-02-20 00:00:00+00:00,151.456,151.456,151.33,151.371,224
2025-02-20 01:00:00+00:00,151.377,151.422,151.119,151.217,3785
2025-02-20 02:00:00+00:00,151.216,151.234,150.829,150.985,10018
2025-02-20 03:00:00+00:00,150.983,150.992,150.568,150.632,10151
2025-02-20 04:00:00+00:00,150.631,150.757,150.451,150.698,7916
2025-02-20 05:00:00+00:00,150.698,150.744,150.382,150.426,6444
2025-02-20 06:00:00+00:00,150.427,150.48,150.236,150.248,7171
2025-02-20 07:00:00+00:00,150.249,150.404,150.176,150.399,5158
2025-02-20 08:00:00+00:00,150.401,150.41,149.976,150.046,6165
2025-02-20 09:00:00+00:00,150.039,150.22,149.943,150.167,6862
2025-02-20 10:00:00+00:00,150.167,150.386,150.154,150.336,6002
2025-02-20 11:00:00+00:00,150.337,150.432,150.194,150.302,5700
2025-02-20 12:00:00+00:00,150.301,150.311,150.058,150.075,4598
2025-02-20 13:00:00+00:00,150.072,150.25,149.977,150.216,4774
2025-02-20 14:00:00+00:00,150.215,150.225,149.927,150.086,6853
2025-02-20 15:00:00+00:00,150.086,150.134,149.698,150.077,9619
2025-02-20 16:00:00+00:00,150.077,150.214,149.792,149.806,10682
2025-02-20 17:00:00+00:00,149.804,149.85,149.466,149.508,11698
2025-02-20 18:00:00+00:00,149.51,149.733,149.493,149.622,8731
2025-02-20 19:00:00+00:00,149.623,149.696,149.394,149.463,7168
2025-02-20 20:00:00+00:00,149.464,149.632,149.454,149.619,5547
2025-02-20 21:00:00+00:00,149.619,149.809,149.615,149.769,4767
2025-02-20 22:00:00+00:00,149.77,149.82,149.644,149.65,5721
2025-02-20 23:00:00+00:00,149.651,149.674,149.595,149.622,2873
2025-02-21 00:00:00+00:00,149.622,149.645,149.496,149.525,841
2025-02-21 01:00:00+00:00,149.525,149.632,149.265,149.479,5698
2025-02-21 02:00:00+00:00,149.479,149.902,149.467,149.83,9304
2025-02-21 03:00:00+00:00,149.83,150.443,149.785,150.338,8309
2025-02-21 04:00:00+00:00,150.339,150.734,150.155,150.475,5827
2025-02-21 05:00:00+00:00,150.475,150.525,150.22,150.304,3930
2025-02-21 06:00:00+00:00,150.304,150.333,150.114,150.324,4401
2025-02-21 07:00:00+00:00,150.325,150.484,150.308,150.354,3495
2025-02-21 08:00:00+00:00,150.354,150.54,150.289,150.511,3939
2025-02-21 09:00:00+00:00,150.511,150.65,150.355,150.541,8295
2025-02-21 10:00:00+00:00,150.54,150.611,150.335,150.424,11194
2025-02-21 11:00:00+00:00,150.429,150.492,150.253,150.467,8074
2025-02-21 12:00:00+00:00,150.466,150.532,150.343,150.367,3734
2025-02-21 13:00:00+00:00,150.368,150.421,150.183,150.271,3846
2025-02-21 14:00:00+00:00,150.271,150.483,150.248,150.47,4077
2025-02-21 15:00:00+00:00,150.47,150.508,150.323,150.427,7899
2025-02-21 16:00:00+00:00,150.426,150.437,149.741,149.77,10279
2025-02-21 17:00:00+00:00,149.779,149.836,149.502,149.547,12366
2025-02-21 18:00:00+00:00,149.547,149.615,149.387,149.489,7748
2025-02-21 19:00:00+00:00,149.488,149.53,149.198,149.209,7431
2025-02-21 20:00:00+00:00,149.213,149.219,148.963,149.118,10700
2025-02-21 21:00:00+00:00,149.121,149.134,148.917,149.068,9493
2025-02-21 22:00:00+00:00,149.07,149.163,148.993,149.128,10199
2025-02-21 23:00:00+00:00,149.128,149.338,149.117,149.269,5600
2025-02-24 00:00:00+00:00,149.169,149.249,149.168,149.176,888
2025-02-24 01:00:00+00:00,149.178,149.4,149.082,149.396,4057
2025-02-24 02:00:00+00:00,149.397,149.397,148.837,148.919,10839
2025-02-24 03:00:00+00:00,148.918,149.253,148.911,149.231,11626
2025-02-24 04:00:00+00:00,149.24,149.492,149.221,149.223,8350
2025-02-24 05:00:00+00:00,149.222,149.344,149.106,149.156,6069
2025-02-24 06:00:00+00:00,149.157,149.308,149.122,149.202,5470
2025-02-24 07:00:00+00:00,149.203,149.462,149.183,149.397,7289
2025-02-24 08:00:00+00:00,149.398,149.543,149.336,149.461,8179
2025-02-24 09:00:00+00:00,149.46,149.534,149.316,149.451,9126
2025-02-24 10:00:00+00:00,149.45,149.564,149.226,149.415,9044
2025-02-24 11:00:00+00:00,149.416,149.592,149.372,149.555,7595
2025-02-24 12:00:00+00:00,149.553,149.669,149.544,149.618,5851
2025-02-24 13:00:00+00:00,149.618,149.786,149.596,149.726,5478
2025-02-24 14:00:00+00:00,149.726,149.829,149.612,149.758,5470
2025-02-24 15:00:00+00:00,149.76,149.871,149.602,149.761,7482
2025-02-24 16:00:00+00:00,149.76,149.815,149.289,149.316,11265
2025-02-24 17:00:00+00:00,149.314,149.425,149.182,149.292,13919
2025-02-24 18:00:00+00:00,149.294,149.757,149.293,149.568,10123
2025-02-24 19:00:00+00:00,149.566,149.705,149.506,149.572,8985
2025-02-24 20:00:00+00:00,149.572,149.607,149.381,149.588,7074
2025-02-24 21:00:00+00:00,149.589,149.796,149.582,149.671,7237
2025-02-24 22:00:00+00:00,149.671,149.79,149.607,149.719,7730
2025-02-24 23:00:00+00:00,149.718,149.787,149.684,149.696,2777
2025-02-25 00:00:00+00:00,149.704,149.727,149.586,149.709,1207
2025-02-25 01:00:00+00:00,149.715,149.911,149.691,149.904,3639
2025-02-25 02:00:00+00:00,149.905,150.182,149.905,150.142,8742
2025-02-25 03:00:00+00:00,150.141,150.298,150.045,150.045,8775
2025-02-25 04:00:00+00:00,150.045,150.085,149.805,149.823,6798
2025-02-25 05:00:00+00:00,149.822,149.902,149.607,149.66,5633
2025-02-25 06:00:00+00:00,149.661,149.709,149.456,149.56,6624
2025-02-25 07:00:00+00:00,149.56,149.766,149.501,149.707,5070
2025-02-25 08:00:00+00:00,149.706,149.866,149.618,149.759,7496
2025-02-25 09:00:00+00:00,149.757,149.783,149.194,149.274,10557
2025-02-25 10:00:00+00:00,149.274,149.605,149.212,149.454,10617
2025-02-25 11:00:00+00:00,149.452,149.752,149.435,149.592,9072
2025-02-25 12:00:00+00:00,149.591,149.828,149.588,149.759,8152
2025-02-25 13:00:00+00:00,149.759,149.952,149.654,149.802,7714
2025-02-25 14:00:00+00:00,149.802,149.802,149.478,149.681,8631
2025-02-25 15:00:00+00:00,149.679,149.814,149.335,149.431,8646
2025-02-25 16:00:00+00:00,149.43,149.534,149.106,149.167,12108
2025-02-25 17:00:00+00:00,149.167,149.167,148.554,149.062,14855
2025-02-25 18:00:00+00:00,149.062,149.132,148.774,149.089,12052
2025-02-25 19:00:00+00:00,149.089,149.253,149.005,149.07,9336
2025-02-25 20:00:00+00:00,149.071,149.246,149.045,149.165,8961
2025-02-25 21:00:00+00:00,149.164,149.172,148.995,149.071,9957
2025-02-25 22:00:00+00:00,149.071,149.09,148.901,148.942,10063
2025-02-25 23:00:00+00:00,148.942,149.033,148.928,149.017,5482
2025-02-26 00:00:00+00:00,149.018,149.112,148.913,149.112,1872
2025-02-26 01:00:00+00:00,149.121,149.176,148.842,149.045,3393
2025-02-26 02:00:00+00:00,149.046,149.077,148.611,148.897,8188
2025-02-26 03:00:00+00:00,148.896,149.23,148.712,149.218,8364
2025-02-26 04:00:00+00:00,149.224,149.467,149.165,149.46,8510
2025-02-26 05:00:00+00:00,149.458,149.516,149.307,149.391,5471
2025-02-26 06:00:00+00:00,149.391,149.55,149.279,149.434,5388
2025-02-26 07:00:00+00:00,149.432,149.625,149.402,149.434,6939
2025-02-26 08:00:00+00:00,149.433,149.627,149.429,149.571,6770
2025-02-26 09:00:00+00:00,149.571,149.602,149.325,149.525,9882
2025-02-26 10:00:00+00:00,149.524,149.543,149.245,149.284,9980
2025-02-26 11:00:00+00:00,149.283,149.438,149.246,149.356,6976
2025-02-26 12:00:00+00:00,149.356,149.524,149.219,149.515,7463
2025-02-26 13:00:00+00:00,149.516,149.589,149.47,149.54,6273
2025-02-26 14:00:00+00:00,149.54,149.644,149.441,149.61,7547
2025-02-26 15:00:00+00:00,149.612,149.684,149.302,149.53,9431
2025-02-26 16:00:00+00:00,149.535,149.73,149.286,149.653,11766
2025-02-26 17:00:00+00:00,149.654,149.881,149.395,149.483,13024
2025-02-26 18:00:00+00:00,149.481,149.527,149.117,149.129,10369
2025-02-26 19:00:00+00:00,149.13,149.244,149.005,149.146,10605
2025-02-26 20:00:00+00:00,149.146,149.151,148.825,148.922,10348
2025-02-26 21:00:00+00:00,148.922,148.96,148.806,148.83,10159
2025-02-26 22:00:00+00:00,148.831,149.049,148.824,149.022,9904
2025-02-26 23:00:00+00:00,149.022,149.231,148.986,149.064,3956
2025-02-27 00:00:00+00:00,148.954,149.06,148.898,148.949,442
2025-02-27 01:00:00+00:00,148.963,149.006,148.738,148.871,3827
2025-02-27 02:00:00+00:00,148.871,149.173,148.78,149.134,9676
2025-02-27 03:00:00+00:00,149.132,149.397,149.065,149.354,8836
2025-02-27 04:00:00+00:00,149.361,149.376,149.164,149.256,6848
2025-02-27 05:00:00+00:00,149.255,149.356,149.185,149.218,6499
2025-02-27 06:00:00+00:00,149.218,149.261,149.073,149.098,6315
2025-02-27 07:00:00+00:00,149.097,149.366,149.096,149.337,6808
2025-02-27 08:00:00+00:00,149.337,149.419,149.196,149.255,7941
2025-02-27 09:00:00+00:00,149.256,149.325,149.183,149.26,8315
2025-02-27 10:00:00+00:00,149.262,149.726,149.153,149.709,9493
2025-02-27 11:00:00+00:00,149.708,149.965,149.623,149.834,7025
2025-02-27 12:00:00+00:00,149.839,149.966,149.795,149.845,6705
2025-02-27 13:00:00+00:00,149.845,149.895,149.675,149.791,6127
2025-02-27 14:00:00+00:00,149.79,149.795,149.555,149.651,7678
2025-02-27 15:00:00+00:00,149.651,149.875,149.35,149.72,12504
2025-02-27 16:00:00+00:00,149.719,150.138,149.636,149.726,14371
2025-02-27 17:00:00+00:00,149.731,150.097,149.537,149.937,18058
2025-02-27 18:00:00+00:00,149.937,150.159,149.76,149.805,14008
2025-02-27 19:00:00+00:00,149.805,150.009,149.774,149.964,9394
2025-02-27 20:00:00+00:00,149.963,150.149,149.91,150.11,8220
2025-02-27 21:00:00+00:00,150.11,150.12,149.779,149.857,10820
2025-02-27 22:00:00+00:00,149.855,149.857,149.629,149.69,10933
2025-02-27 23:00:00+00:00,149.69,149.818,149.668,149.799,5609
2025-02-28 00:00:00+00:00,149.799,149.799,149.646,149.747,665
2025-02-28 01:00:00+00:00,149.753,150.106,149.533,150.088,4095
2025-02-28 02:00:00+00:00,150.089,150.143,149.347,149.364,9365
2025-02-28 03:00:00+00:00,149.375,149.523,149.265,149.292,9759
2025-02-28 04:00:00+00:00,149.293,149.558,149.094,149.521,8029
2025-02-28 05:00:00+00:00,149.521,149.623,149.453,149.597,6021
2025-02-28 06:00:00+00:00,149.597,149.696,149.511,149.605,5293
2025-02-28 07:00:00+00:00,149.605,149.877,149.574,149.823,5959
2025-02-28 08:00:00+00:00,149.827,150.109,149.784,150.038,6184
2025-02-28 09:00:00+00:00,150.038,150.563,149.93,150.428,9779
2025-02-28 10:00:00+00:00,150.429,150.684,150.307,150.559,8924
2025-02-28 11:00:00+00:00,150.559,150.63,150.184,150.244,8134
2025-02-28 12:00:00+00:00,150.244,150.39,150.235,150.367,4830
2025-02-28 13:00:00+00:00,150.368,150.481,150.282,150.389,4286
2025-02-28 14:00:00+00:00,150.388,150.712,150.375,150.655,6572
2025-02-28 15:00:00+00:00,150.654,150.984,150.589,150.645,11943
2025-02-28 16:00:00+00:00,150.645,150.808,150.274,150.686,14325
2025-02-28 17:00:00+00:00,150.685,150.862,150.498,150.676,15950
2025-02-28 18:00:00+00:00,150.679,150.785,150.229,150.639,14875
2025-02-28 19:00:00+00:00,150.639,150.674,150.33,150.358,12855
2025-02-28 20:00:00+00:00,150.358,150.54,150.235,150.322,13314
2025-02-28 21:00:00+00:00,150.32,150.592,150.299,150.537,11465
2025-02-28 22:00:00+00:00,150.538,150.616,150.434,150.5,9896
2025-02-28 23:00:00+00:00,150.5,150.614,150.48,150.583,3281
2025-03-03 00:00:00+00:00,150.635,150.713,150.635,150.694,275
2025-03-03 01:00:00+00:00,150.692,151.015,150.692,150.806,6211
2025-03-03 02:00:00+00:00,150.806,150.945,150.485,150.535,11989
2025-03-03 03:00:00+00:00,150.539,150.713,150.309,150.406,10409
2025-03-03 04:00:00+00:00,150.405,150.47,150.265,150.398,7318
2025-03-03 05:00:00+00:00,150.397,150.486,150.238,150.445,8490
2025-03-03 06:00:00+00:00,150.446,150.512,150.316,150.329,5788
2025-03-03 07:00:00+00:00,150.327,150.519,150.326,150.405,7130
2025-03-03 08:00:00+00:00,150.404,150.522,150.264,150.456,7231
2025-03-03 09:00:00+00:00,150.457,150.522,150.145,150.167,8928
2025-03-03 10:00:00+00:00,150.166,150.24,150.021,150.108,9470
2025-03-03 11:00:00+00:00,150.109,150.369,149.939,150.337,6752
2025-03-03 12:00:00+00:00,150.34,150.892,150.338,150.832,8541
2025-03-03 13:00:00+00:00,150.828,151.231,150.787,151.202,8289
2025-03-03 14:00:00+00:00,151.2,151.299,151.107,151.23,9203
2025-03-03 15:00:00+00:00,151.23,151.299,150.935,150.963,9764
2025-03-03 16:00:00+00:00,150.965,150.971,150.581,150.586,10638
2025-03-03 17:00:00+00:00,150.6,150.663,150.074,150.229,14507
2025-03-03 18:00:00+00:00,150.234,150.371,150.044,150.166,12813
2025-03-03 19:00:00+00:00,150.166,150.334,150.124,150.175,8923
2025-03-03 20:00:00+00:00,150.175,150.245,150.055,150.171,10875
2025-03-03 21:00:00+00:00,150.171,150.301,150.133,150.248,10222
2025-03-03 22:00:00+00:00,150.247,150.254,149.094,149.414,16736
2025-03-03 23:00:00+00:00,149.415,149.621,149.414,149.487,4857
2025-03-04 00:00:00+00:00,149.487,149.597,149.48,149.546,813
2025-03-04 01:00:00+00:00,149.56,149.622,149.137,149.298,4793
2025-03-04 02:00:00+00:00,149.309,149.525,148.972,149.147,11044
2025-03-04 03:00:00+00:00,149.147,149.259,148.593,148.926,12749
2025-03-04 04:00:00+00:00,148.923,149.415,148.834,149.289,9641
2025-03-04 05:00:00+00:00,149.288,149.337,149.024,149.159,8690
2025-03-04 06:00:00+00:00,149.161,149.172,148.925,149.137,7722
2025-03-04 07:00:00+00:00,149.139,149.458,149.091,149.377,10726
2025-03-04 08:00:00+00:00,149.38,149.559,149.269,149.53,8922
2025-03-04 09:00:00+00:00,149.53,149.574,149.056,149.344,12812
2025-03-04 10:00:00+00:00,149.343,149.446,148.994,149.084,15767
2025-03-04 11:00:00+00:00,149.084,149.146,148.79,149.041,11990
2025-03-04 12:00:00+00:00,149.042,149.042,148.755,148.793,11244
2025-03-04 13:00:00+00:00,148.792,148.829,148.285,148.359,10692
2025-03-04 14:00:00+00:00,148.359,148.359,148.091,148.225,11695
2025-03-04 15:00:00+00:00,148.223,148.555,148.182,148.205,11884
2025-03-04 16:00:00+00:00,148.202,148.702,148.196,148.424,17771
2025-03-04 17:00:00+00:00,148.425,148.609,148.188,148.347,18353
2025-03-04 18:00:00+00:00,148.348,148.856,148.298,148.805,16187
2025-03-04 19:00:00+00:00,148.806,148.909,148.684,148.74,13973
2025-03-04 20:00:00+00:00,148.738,149.133,148.697,149.087,15125
2025-03-04 21:00:00+00:00,149.087,149.365,149.044,149.312,13282
2025-03-04 22:00:00+00:00,149.312,149.505,149.007,149.099,14059
2025-03-04 23:00:00+00:00,149.098,149.87,149.038,149.719,8881
2025-03-05 00:00:00+00:00,149.659,149.774,149.643,149.725,944
2025-03-05 01:00:00+00:00,149.734,149.968,149.637,149.82,3471
2025-03-05 02:00:00+00:00,149.819,149.919,149.572,149.912,11179
2025-03-05 03:00:00+00:00,149.913,150.177,149.777,149.968,12051
2025-03-05 04:00:00+00:00,149.966,150.002,149.741,149.821,9342
2025-03-05 05:00:00+00:00,149.822,150.09,149.705,149.964,8210
2025-03-05 06:00:00+00:00,149.966,149.966,149.703,149.821,6360
2025-03-05 07:00:00+00:00,149.821,149.888,149.69,149.711,6615
2025-03-05 08:00:00+00:00,149.71,149.745,149.564,149.685,7453
2025-03-05 09:00:00+00:00,149.687,149.809,149.409,149.442,11298
2025-03-05 10:00:00+00:00,149.445,149.636,149.194,149.217,12846
2025-03-05 11:00:00+00:00,149.217,149.446,149.089,149.365,10020
2025-03-05 12:00:00+00:00,149.368,149.56,149.308,149.337,9341
2025-03-05 13:00:00+00:00,149.337,149.538,149.287,149.392,8824
2025-03-05 14:00:00+00:00,149.394,149.509,149.15,149.505,11177
2025-03-05 15:00:00+00:00,149.505,149.731,148.929,149.014,15375
2025-03-05 16:00:00+00:00,149.015,149.022,148.384,148.385,17091
2025-03-05 17:00:00+00:00,148.378,149.102,148.378,148.909,20536
2025-03-05 18:00:00+00:00,148.909,148.974,148.47,148.819,17805
2025-03-05 19:00:00+00:00,148.821,148.922,148.63,148.86,15695
2025-03-05 20:00:00+00:00,148.862,149.013,148.759,148.95,14391
2025-03-05 21:00:00+00:00,148.947,149.136,148.778,148.784,12624
2025-03-05 22:00:00+00:00,148.784,148.892,148.731,148.875,12302
2025-03-05 23:00:00+00:00,148.874,148.996,148.817,148.868,7094
2025-03-06 00:00:00+00:00,148.867,148.873,148.752,148.819,485
2025-03-06 01:00:00+00:00,148.82,148.936,148.716,148.876,2826
2025-03-06 02:00:00+00:00,148.877,149.308,148.852,149.147,8423
2025-03-06 03:00:00+00:00,149.148,149.329,148.957,148.988,8518
2025-03-06 04:00:00+00:00,148.987,149.216,148.943,149.191,8094
2025-03-06 05:00:00+00:00,149.191,149.279,149.107,149.229,6772
2025-03-06 06:00:00+00:00,149.228,149.301,149.153,149.186,5804
2025-03-06 07:00:00+00:00,149.187,149.216,148.926,148.928,7811
2025-03-06 08:00:00+00:00,148.929,148.959,148.743,148.778,8150
2025-03-06 09:00:00+00:00,148.779,148.779,148.26,148.363,13775
2025-03-06 10:00:00+00:00,148.363,148.408,148.06,148.149,14472
2025-03-06 11:00:00+00:00,148.149,148.151,147.779,147.876,14030
2025-03-06 12:00:00+00:00,147.878,148.073,147.693,147.857,11520
2025-03-06 13:00:00+00:00,147.856,147.984,147.755,147.824,10786
2025-03-06 14:00:00+00:00,147.822,147.873,147.557,147.602,11229
2025-03-06 15:00:00+00:00,147.603,147.675,147.346,147.413,15100
2025-03-06 16:00:00+00:00,147.412,147.842,147.306,147.56,18252
2025-03-06 17:00:00+00:00,147.56,148.31,147.485,148.234,19957
2025-03-06 18:00:00+00:00,148.237,148.385,147.898,147.908,18960
2025-03-06 19:00:00+00:00,147.91,148.022,147.641,147.912,17090
2025-03-06 20:00:00+00:00,147.91,147.955,147.736,147.794,12946
2025-03-06 21:00:00+00:00,147.792,147.851,147.562,147.684,12749
2025-03-06 22:00:00+00:00,147.684,147.871,147.656,147.803,13035
2025-03-06 23:00:00+00:00,147.8,148.051,147.799,147.977,3948
2025-03-07 00:00:00+00:00,147.977,147.98,147.675,147.942,798
2025-03-07 01:00:00+00:00,147.942,148.147,147.874,148.141,3631
2025-03-07 02:00:00+00:00,148.143,148.156,147.653,147.953,9110
2025-03-07 03:00:00+00:00,147.953,148.117,147.807,147.894,9147
2025-03-07 04:00:00+00:00,147.893,148.03,147.547,147.594,7094
2025-03-07 05:00:00+00:00,147.594,147.651,147.437,147.601,7284
2025-03-07 06:00:00+00:00,147.6,147.707,147.475,147.672,6511
2025-03-07 07:00:00+00:00,147.673,147.749,147.445,147.448,5921
2025-03-07 08:00:00+00:00,147.447,147.644,147.382,147.491,7092
2025-03-07 09:00:00+00:00,147.494,147.741,147.481,147.647,10730
2025-03-07 10:00:00+00:00,147.647,147.748,147.195,147.332,13206
2025-03-07 11:00:00+00:00,147.33,147.581,147.283,147.435,11065
2025-03-07 12:00:00+00:00,147.435,147.558,147.374,147.553,8272
2025-03-07 13:00:00+00:00,147.554,147.74,147.492,147.689,8581
2025-03-07 14:00:00+00:00,147.688,147.848,147.624,147.74,10156
2025-03-07 15:00:00+00:00,147.737,147.963,147.109,147.223,16625
2025-03-07 16:00:00+00:00,147.224,147.67,146.941,147.508,17898
2025-03-07 17:00:00+00:00,147.512,147.721,147.186,147.518,18828
2025-03-07 18:00:00+00:00,147.513,147.591,147.019,147.127,16394
2025-03-07 19:00:00+00:00,147.128,147.704,146.953,147.481,14797
2025-03-07 20:00:00+00:00,147.48,148.024,147.476,147.97,14628
2025-03-07 21:00:00+00:00,147.971,148.197,147.854,148.029,12430
2025-03-07 22:00:00+00:00,148.029,148.11,147.883,147.952,11614
2025-03-07 23:00:00+00:00,147.95,148.03,147.832,148.004,3697
2025-03-09 23:00:00+00:00,147.928,147.928,147.561,147.567,531
2025-03-10 00:00:00+00:00,147.571,147.842,147.472,147.474,5973
2025-03-10 01:00:00+00:00,147.474,147.643,147.384,147.582,6666
2025-03-10 02:00:00+00:00,147.582,147.64,147.222,147.288,10978
2025-03-10 03:00:00+00:00,147.288,147.442,147.084,147.408,10005
2025-03-10 04:00:00+00:00,147.409,147.627,147.323,147.598,6601
2025-03-10 05:00:00+00:00,147.597,147.75,147.545,147.635,6183
2025-03-10 06:00:00+00:00,147.636,147.666,147.534,147.632,4974
2025-03-10 07:00:00+00:00,147.63,147.788,147.516,147.518,5731
2025-03-10 08:00:00+00:00,147.522,147.754,147.497,147.693,7442
2025-03-10 09:00:00+00:00,147.689,147.786,147.494,147.56,10330
2025-03-10 10:00:00+00:00,147.566,147.632,147.135,147.182,11506
2025-03-10 11:00:00+00:00,147.181,147.356,147.146,147.227,11447
2025-03-10 12:00:00+00:00,147.225,147.278,146.909,146.913,10689
2025-03-10 13:00:00+00:00,146.913,147.133,146.855,147.12,12389
2025-03-10 14:00:00+00:00,147.121,147.146,146.716,147.012,11364
2025-03-10 15:00:00+00:00,147.013,147.173,146.765,147.061,16405
2025-03-10 16:00:00+00:00,147.062,147.062,146.627,146.761,18656
2025-03-10 17:00:00+00:00,146.76,147.297,146.75,147.15,15045
2025-03-10 18:00:00+00:00,147.15,147.3,147.042,147.254,11850
2025-03-10 19:00:00+00:00,147.254,147.313,147.031,147.181,12209
2025-03-10 20:00:00+00:00,147.18,147.383,147.167,147.232,10593
2025-03-10 21:00:00+00:00,147.232,147.464,147.079,147.29,13295
2025-03-10 22:00:00+00:00,147.29,147.358,147.221,147.253,4307
2025-03-10 23:00:00+00:00,147.253,147.264,147.103,147.143,170
2025-03-11 00:00:00+00:00,147.143,147.17,146.944,146.978,3189
2025-03-11 01:00:00+00:00,146.98,147.086,146.772,147.072,6940
2025-03-11 02:00:00+00:00,147.071,147.092,146.535,146.741,11901
2025-03-11 03:00:00+00:00,146.741,146.919,146.591,146.799,10826
2025-03-11 04:00:00+00:00,146.799,147.19,146.754,146.912,10619
2025-03-11 05:00:00+00:00,146.914,147.15,146.908,147.109,9472
2025-03-11 06:00:00+00:00,147.108,147.215,146.918,146.966,7422
2025-03-11 07:00:00+00:00,146.965,147.287,146.912,147.218,7485
2025-03-11 08:00:00+00:00,147.218,147.402,147.184,147.229,9492
2025-03-11 09:00:00+00:00,147.231,147.282,146.752,146.933,11576
2025-03-11 10:00:00+00:00,146.93,147.295,146.87,147.283,11207
2025-03-11 11:00:00+00:00,147.284,147.509,147.213,147.369,8751
2025-03-11 12:00:00+00:00,147.374,147.638,147.364,147.557,8532
2025-03-11 13:00:00+00:00,147.557,147.717,147.468,147.598,8428
2025-03-11 14:00:00+00:00,147.598,147.931,147.326,147.762,11085
2025-03-11 15:00:00+00:00,147.761,148.105,147.623,147.765,14683
2025-03-11 16:00:00+00:00,147.764,148.115,147.26,147.352,21159
2025-03-11 17:00:00+00:00,147.352,147.736,147.286,147.489,18164
2025-03-11 18:00:00+00:00,147.489,147.514,147.242,147.285,14392
2025-03-11 19:00:00+00:00,147.285,147.285,147.016,147.182,12771
2025-03-11 20:00:00+00:00,147.181,147.91,147.146,147.825,15626
2025-03-11 21:00:00+00:00,147.825,147.851,147.605,147.749,13601
2025-03-11 22:00:00+00:00,147.749,147.858,147.733,147.768,3437
2025-03-11 23:00:00+00:00,147.768,147.805,147.566,147.706,476
2025-03-12 00:00:00+00:00,147.709,147.932,147.705,147.889,1856
2025-03-12 01:00:00+00:00,147.889,148.062,147.803,148.041,4048
2025-03-12 02:00:00+00:00,148.042,148.147,147.938,148.125,8777
2025-03-12 03:00:00+00:00,148.127,148.15,147.84,148.027,7068
2025-03-12 04:00:00+00:00,148.028,148.064,147.86,148.034,5355
2025-03-12 05:00:00+00:00,148.033,148.099,147.918,148.068,5212
2025-03-12 06:00:00+00:00,148.068,148.265,148.057,148.149,5880
2025-03-12 07:00:00+00:00,148.148,148.286,148.023,148.046,6702
2025-03-12 08:00:00+00:00,148.045,148.402,147.953,148.356,6309
2025-03-12 09:00:00+00:00,148.356,148.597,148.27,148.585,8162
2025-03-12 10:00:00+00:00,148.585,148.646,148.255,148.331,8320
2025-03-12 11:00:00+00:00,148.332,148.672,148.3,148.6,5753
2025-03-12 12:00:00+00:00,148.602,148.766,148.519,148.679,5284
2025-03-12 13:00:00+00:00,148.68,148.744,148.591,148.731,5748
2025-03-12 14:00:00+00:00,148.73,149.189,148.096,149.123,14064
2025-03-12 15:00:00+00:00,149.123,149.147,148.613,148.697,14115
2025-03-12 16:00:00+00:00,148.697,148.701,148.287,148.313,13577
2025-03-12 17:00:00+00:00,148.313,148.438,148.198,148.311,11112
2025-03-12 18:00:00+00:00,148.315,148.426,148.188,148.277,9601
2025-03-12 19:00:00+00:00,148.278,148.357,148.115,148.121,9212
2025-03-12 20:00:00+00:00,148.122,148.409,148.101,148.342,8112
2025-03-12 21:00:00+00:00,148.341,148.375,148.258,148.344,7971
2025-03-12 22:00:00+00:00,148.343,148.364,148.192,148.225,2410
2025-03-12 23:00:00+00:00,148.225,148.225,148.124,148.205,414
2025-03-13 00:00:00+00:00,148.205,148.284,148.094,148.219,1150
2025-03-13 01:00:00+00:00,148.218,148.296,148.084,148.289,2740
2025-03-13 02:00:00+00:00,148.293,148.369,148.099,148.106,6560
2025-03-13 03:00:00+00:00,148.105,148.322,148.068,148.114,6891
2025-03-13 04:00:00+00:00,148.11,148.231,148.089,148.167,5343
2025-03-13 05:00:00+00:00,148.167,148.243,148.016,148.034,4937
2025-03-13 06:00:00+00:00,148.035,148.113,147.816,147.841,6081
2025-03-13 07:00:00+00:00,147.841,147.929,147.692,147.717,7702
2025-03-13 08:00:00+00:00,147.717,147.804,147.569,147.786,7652
2025-03-13 09:00:00+00:00,147.784,147.938,147.703,147.782,9513
2025-03-13 10:00:00+00:00,147.782,147.916,147.675,147.916,11231
2025-03-13 11:00:00+00:00,147.916,148.194,147.813,148.145,7311
2025-03-13 12:00:00+00:00,148.145,148.231,148.075,148.152,6452
2025-03-13 13:00:00+00:00,148.151,148.183,147.897,147.991,8271
2025-03-13 14:00:00+00:00,147.989,148.251,147.765,148.201,12252
2025-03-13 15:00:00+00:00,148.202,148.35,148.023,148.097,13474
2025-03-13 16:00:00+00:00,148.099,148.173,147.835,147.873,14210
2025-03-13 17:00:00+00:00,147.875,147.977,147.635,147.701,13708
2025-03-13 18:00:00+00:00,147.702,147.825,147.522,147.582,11392
2025-03-13 19:00:00+00:00,147.581,147.7,147.406,147.624,10234
2025-03-13 20:00:00+00:00,147.624,147.783,147.563,147.74,9156
2025-03-13 21:00:00+00:00,147.738,147.773,147.626,147.693,7968
2025-03-13 22:00:00+00:00,147.693,147.817,147.691,147.802,2786
2025-03-13 23:00:00+00:00,147.799,147.799,147.706,147.708,473
2025-03-14 00:00:00+00:00,147.704,147.974,147.68,147.929,1759
2025-03-14 01:00:00+00:00,147.923,147.963,147.857,147.931,2891
2025-03-14 02:00:00+00:00,147.931,148.327,147.844,148.29,7174
2025-03-14 03:00:00+00:00,148.29,148.425,148.149,148.168,5752
2025-03-14 04:00:00+00:00,148.169,148.307,148.153,148.243,4240
2025-03-14 05:00:00+00:00,148.245,148.385,148.243,148.329,4721
2025-03-14 06:00:00+00:00,148.329,148.55,148.318,148.49,4391
2025-03-14 07:00:00+00:00,148.493,148.643,148.434,148.461,4708
2025-03-14 08:00:00+00:00,148.462,148.75,148.421,148.696,5836
2025-03-14 09:00:00+00:00,148.695,149.018,148.549,148.743,9623
2025-03-14 10:00:00+00:00,148.742,148.913,148.644,148.877,9761
2025-03-14 11:00:00+00:00,148.88,148.995,148.84,148.966,7456
2025-03-14 12:00:00+00:00,148.967,148.978,148.602,148.795,8088
2025-03-14 13:00:00+00:00,148.796,148.815,148.634,148.72,9240
2025-03-14 14:00:00+00:00,148.724,148.798,148.582,148.652,6490
2025-03-14 15:00:00+00:00,148.65,148.787,148.513,148.665,8048
2025-03-14 16:00:00+00:00,148.651,148.889,148.346,148.452,13923
2025-03-14 17:00:00+00:00,148.455,148.565,148.362,148.515,10022
2025-03-14 18:00:00+00:00,148.514,148.522,148.256,148.349,7112
2025-03-14 19:00:00+00:00,148.345,148.501,148.315,148.436,6395
2025-03-14 20:00:00+00:00,148.437,148.579,148.433,148.532,5434
2025-03-14 21:00:00+00:00,148.53,148.657,148.498,148.638,5029
2025-03-14 22:00:00+00:00,148.638,148.665,148.557,148.615,2369
2025-03-16 23:00:00+00:00,148.737,148.818,148.705,148.714,297
2025-03-17 00:00:00+00:00,148.718,148.786,148.562,148.562,2486
2025-03-17 01:00:00+00:00,148.565,148.695,148.454,148.595,3818
2025-03-17 02:00:00+00:00,148.6,148.88,148.461,148.789,6765
2025-03-17 03:00:00+00:00,148.79,148.892,148.554,148.609,6213
2025-03-17 04:00:00+00:00,148.607,148.698,148.529,148.643,5597
2025-03-17 05:00:00+00:00,148.642,148.807,148.563,148.722,4277
2025-03-17 06:00:00+00:00,148.723,149.038,148.714,149.034,4694
2025-03-17 07:00:00+00:00,149.034,149.063,148.884,148.977,5567
2025-03-17 08:00:00+00:00,148.976,149.092,148.795,148.959,6317
2025-03-17 09:00:00+00:00,148.962,148.992,148.816,148.832,5880
2025-03-17 10:00:00+00:00,148.832,148.974,148.682,148.918,8114
2025-03-17 11:00:00+00:00,148.918,148.927,148.594,148.661,6852
2025-03-17 12:00:00+00:00,148.663,148.674,148.473,148.491,5918
2025-03-17 13:00:00+00:00,148.492,148.548,148.411,148.452,5225
2025-03-17 14:00:00+00:00,148.454,148.946,148.161,148.812,10864
2025-03-17 15:00:00+00:00,148.812,149.095,148.719,148.825,12200
2025-03-17 16:00:00+00:00,148.825,148.842,148.561,148.593,13945
2025-03-17 17:00:00+00:00,148.594,148.653,148.436,148.55,10484
2025-03-17 18:00:00+00:00,148.55,148.727,148.515,148.725,6853
2025-03-17 19:00:00+00:00,148.725,149.024,148.695,148.984,5872
2025-03-17 20:00:00+00:00,148.984,149.237,148.944,149.17,5766
2025-03-17 21:00:00+00:00,149.174,149.281,149.134,149.151,5585
2025-03-17 22:00:00+00:00,149.149,149.246,149.044,149.192,2353
2025-03-17 23:00:00+00:00,149.193,149.193,149.086,149.125,161
2025-03-18 00:00:00+00:00,149.128,149.327,149.125,149.322,1059
2025-03-18 01:00:00+00:00,149.324,149.395,149.303,149.389,2450
2025-03-18 02:00:00+00:00,149.39,149.484,149.248,149.461,5880
2025-03-18 03:00:00+00:00,149.461,149.526,149.355,149.422,4612
2025-03-18 04:00:00+00:00,149.421,149.721,149.395,149.666,4280
2025-03-18 05:00:00+00:00,149.667,149.718,149.637,149.689,3296
2025-03-18 06:00:00+00:00,149.688,149.73,149.537,149.553,3514
2025-03-18 07:00:00+00:00,149.554,149.732,149.508,149.732,3257
2025-03-18 08:00:00+00:00,149.732,149.874,149.721,149.73,4253
2025-03-18 09:00:00+00:00,149.729,149.856,149.704,149.826,5658
2025-03-18 10:00:00+00:00,149.826,149.897,149.645,149.752,6291
2025-03-18 11:00:00+00:00,149.749,149.842,149.695,149.781,5016
2025-03-18 12:00:00+00:00,149.782,149.813,149.595,149.646,6509
2025-03-18 13:00:00+00:00,149.646,149.765,149.556,149.739,5510
2025-03-18 14:00:00+00:00,149.74,149.932,149.626,149.835,6843
2025-03-18 15:00:00+00:00,149.835,149.892,149.583,149.592,10987
2025-03-18 16:00:00+00:00,149.591,149.746,149.441,149.663,12278
2025-03-18 17:00:00+00:00,149.661,149.695,149.409,149.486,10061
2025-03-18 18:00:00+00:00,149.487,149.643,149.276,149.417,7878
2025-03-18 19:00:00+00:00,149.418,149.418,149.207,149.246,8258
2025-03-18 20:00:00+00:00,149.246,149.248,149.093,149.232,6799
2025-03-18 21:00:00+00:00,149.231,149.283,149.137,149.267,6067
2025-03-18 22:00:00+00:00,149.269,149.383,149.232,149.247,1948
2025-03-18 23:00:00+00:00,149.247,149.257,149.19,149.223,429
2025-03-19 00:00:00+00:00,149.224,149.394,149.181,149.383,1244
2025-03-19 01:00:00+00:00,149.383,149.464,149.275,149.433,2433
2025-03-19 02:00:00+00:00,149.432,149.64,149.294,149.601,5324
2025-03-19 03:00:00+00:00,149.601,149.641,149.438,149.46,4666
2025-03-19 04:00:00+00:00,149.461,149.548,149.2,149.416,4640
2025-03-19 05:00:00+00:00,149.417,149.514,149.297,149.319,2501
2025-03-19 06:00:00+00:00,149.319,149.569,149.301,149.527,2954
2025-03-19 07:00:00+00:00,149.527,149.772,149.527,149.769,3169
2025-03-19 08:00:00+00:00,149.768,150.019,149.561,149.655,6173
2025-03-19 09:00:00+00:00,149.655,149.68,149.134,149.268,10606
2025-03-19 10:00:00+00:00,149.267,149.683,149.267,149.622,7301
2025-03-19 11:00:00+00:00,149.623,149.788,149.565,149.753,4167
2025-03-19 12:00:00+00:00,149.754,149.807,149.668,149.77,3718
2025-03-19 13:00:00+00:00,149.771,149.879,149.746,149.822,3996
2025-03-19 14:00:00+00:00,149.822,149.843,149.594,149.788,5700
2025-03-19 15:00:00+00:00,149.785,150.101,149.736,150.076,7445
2025-03-19 16:00:00+00:00,150.075,150.144,149.791,149.872,9279
2025-03-19 17:00:00+00:00,149.873,150.042,149.807,150.026,7349
2025-03-19 18:00:00+00:00,150.022,150.026,149.84,149.935,4593
2025-03-19 19:00:00+00:00,149.935,149.991,149.841,149.841,4655
2025-03-19 20:00:00+00:00,149.838,149.904,148.653,148.825,14246
2025-03-19 21:00:00+00:00,148.826,149.142,148.764,148.835,12116
2025-03-19 22:00:00+00:00,148.847,148.895,148.598,148.676,3257
2025-03-19 23:00:00+00:00,148.679,148.799,148.669,148.791,273
2025-03-20 00:00:00+00:00,148.792,148.87,148.542,148.589,2553
2025-03-20 01:00:00+00:00,148.589,148.708,148.451,148.452,2812
2025-03-20 02:00:00+00:00,148.451,148.516,148.271,148.294,5783
2025-03-20 03:00:00+00:00,148.293,148.415,148.194,148.297,5013
2025-03-20 04:00:00+00:00,148.298,148.425,148.175,148.423,4806
2025-03-20 05:00:00+00:00,148.424,148.442,148.326,148.36,3367
2025-03-20 06:00:00+00:00,148.358,148.414,148.297,148.39,2801
2025-03-20 07:00:00+00:00,148.391,148.459,148.336,148.363,3244
2025-03-20 08:00:00+00:00,148.359,148.359,148.173,148.273,4456
2025-03-20 09:00:00+00:00,148.273,148.639,148.247,148.581,7213
2025-03-20 10:00:00+00:00,148.581,148.68,148.386,148.537,6563
2025-03-20 11:00:00+00:00,148.536,148.774,148.534,148.738,5483
2025-03-20 12:00:00+00:00,148.738,148.739,148.435,148.591,7877
2025-03-20 13:00:00+00:00,148.591,148.63,148.396,148.454,5847
2025-03-20 14:00:00+00:00,148.455,148.689,148.381,148.552,8023
2025-03-20 15:00:00+00:00,148.552,148.821,148.448,148.777,9507
2025-03-20 16:00:00+00:00,148.767,148.919,148.685,148.695,11070
2025-03-20 17:00:00+00:00,148.693,148.958,148.676,148.845,8373
2025-03-20 18:00:00+00:00,148.845,148.958,148.721,148.747,8376
2025-03-20 19:00:00+00:00,148.748,148.919,148.741,148.761,6389
2025-03-20 20:00:00+00:00,148.76,148.877,148.707,148.799,6271
2025-03-20 21:00:00+00:00,148.797,148.853,148.742,148.781,5660
2025-03-20 22:00:00+00:00,148.777,148.817,148.743,148.765,1944
2025-03-20 23:00:00+00:00,148.743,148.777,148.587,148.776,442
2025-03-21 00:00:00+00:00,148.776,148.789,148.689,148.712,1321
2025-03-21 01:00:00+00:00,148.712,148.769,148.578,148.613,2680
2025-03-21 02:00:00+00:00,148.614,149.026,148.584,148.988,7368
2025-03-21 03:00:00+00:00,148.989,149.192,148.947,149.085,5908
2025-03-21 04:00:00+00:00,149.082,149.094,148.925,149.066,4453
2025-03-21 05:00:00+00:00,149.066,149.244,148.975,149.204,3731
2025-03-21 06:00:00+00:00,149.204,149.48,149.198,149.411,3885
2025-03-21 07:00:00+00:00,149.413,149.627,149.407,149.549,4610
2025-03-21 08:00:00+00:00,149.549,149.61,149.432,149.566,5535
2025-03-21 09:00:00+00:00,149.566,149.656,149.24,149.305,5964
2025-03-21 10:00:00+00:00,149.305,149.53,149.252,149.474,7084
2025-03-21 11:00:00+00:00,149.478,149.478,149.274,149.382,5322
2025-03-21 12:00:00+00:00,149.381,149.435,149.193,149.196,5233
2025-03-21 13:00:00+00:00,149.196,149.217,148.85,148.885,4555
2025-03-21 14:00:00+00:00,148.884,148.934,148.634,148.668,6195
2025-03-21 15:00:00+00:00,148.669,148.902,148.602,148.868,8706
2025-03-21 16:00:00+00:00,148.869,148.989,148.766,148.863,11583
2025-03-21 17:00:00+00:00,148.861,148.986,148.701,148.978,8540
2025-03-21 18:00:00+00:00,148.981,149.253,148.932,149.232,8229
2025-03-21 19:00:00+00:00,149.234,149.307,149.152,149.223,6027
2025-03-21 20:00:00+00:00,149.222,149.317,149.168,149.213,5072
2025-03-21 21:00:00+00:00,149.212,149.34,149.157,149.329,3881
2025-03-21 22:00:00+00:00,149.331,149.364,149.265,149.278,1319
2025-03-23 23:00:00+00:00,149.343,149.394,149.325,149.358,139
2025-03-24 00:00:00+00:00,149.357,149.635,149.356,149.572,2702
2025-03-24 01:00:00+00:00,149.572,149.686,149.495,149.657,3423
2025-03-24 02:00:00+00:00,149.658,149.777,149.451,149.736,6229
2025-03-24 03:00:00+00:00,149.735,149.95,149.676,149.815,5131
2025-03-24 04:00:00+00:00,149.814,149.844,149.73,149.834,3812
2025-03-24 05:00:00+00:00,149.834,149.908,149.729,149.801,3827
2025-03-24 06:00:00+00:00,149.805,149.822,149.705,149.763,3053
2025-03-24 07:00:00+00:00,149.765,149.864,149.653,149.689,3882
2025-03-24 08:00:00+00:00,149.687,149.779,149.531,149.661,5001
2025-03-24 09:00:00+00:00,149.662,149.844,149.614,149.646,5980
2025-03-24 10:00:00+00:00,149.644,149.752,149.523,149.619,7819
2025-03-24 11:00:00+00:00,149.617,149.709,149.511,149.562,6805
2025-03-24 12:00:00+00:00,149.562,149.617,149.487,149.601,5171
2025-03-24 13:00:00+00:00,149.6,149.795,149.599,149.746,4699
2025-03-24 14:00:00+00:00,149.751,149.863,149.699,149.821,5241
2025-03-24 15:00:00+00:00,149.822,150.253,149.71,150.234,7714
2025-03-24 16:00:00+00:00,150.235,150.536,150.129,150.467,8880
2025-03-24 17:00:00+00:00,150.466,150.752,150.44,150.735,7528
2025-03-24 18:00:00+00:00,150.735,150.753,150.523,150.568,6974
2025-03-24 19:00:00+00:00,150.573,150.635,150.479,150.605,5211
2025-03-24 20:00:00+00:00,150.605,150.627,150.482,150.541,5156
2025-03-24 21:00:00+00:00,150.541,150.654,150.502,150.64,4453
2025-03-24 22:00:00+00:00,150.639,150.712,150.634,150.689,2414
2025-03-24 23:00:00+00:00,150.689,150.69,150.585,150.654,406
2025-03-25 00:00:00+00:00,150.653,150.756,150.653,150.722,1127
2025-03-25 01:00:00+00:00,150.722,150.856,150.653,150.771,2996
2025-03-25 02:00:00+00:00,150.772,150.94,150.767,150.933,6476
2025-03-25 03:00:00+00:00,150.932,150.935,150.596,150.662,5112
2025-03-25 04:00:00+00:00,150.664,150.787,150.579,150.765,4333
2025-03-25 05:00:00+00:00,150.764,150.791,150.595,150.618,3823
2025-03-25 06:00:00+00:00,150.617,150.656,150.506,150.554,3927
2025-03-25 07:00:00+00:00,150.554,150.565,150.419,150.425,3617
2025-03-25 08:00:00+00:00,150.428,150.574,150.412,150.546,4445
2025-03-25 09:00:00+00:00,150.548,150.741,150.533,150.721,4861
2025-03-25 10:00:00+00:00,150.723,150.76,150.544,150.62,5695
2025-03-25 11:00:00+00:00,150.62,150.669,150.399,150.486,5049
2025-03-25 12:00:00+00:00,150.486,150.498,150.172,150.204,5575
2025-03-25 13:00:00+00:00,150.205,150.258,150.055,150.175,5688
2025-03-25 14:00:00+00:00,150.175,150.175,149.856,149.961,6857
2025-03-25 15:00:00+00:00,149.96,149.973,149.713,149.779,9467
2025-03-25 16:00:00+00:00,149.769,149.865,149.663,149.719,10560
2025-03-25 17:00:00+00:00,149.72,149.804,149.544,149.762,7880
2025-03-25 18:00:00+00:00,149.762,149.822,149.699,149.77,5270
2025-03-25 19:00:00+00:00,149.769,149.854,149.722,149.746,4277
2025-03-25 20:00:00+00:00,149.746,149.855,149.706,149.843,3295
2025-03-25 21:00:00+00:00,149.842,149.935,149.84,149.854,3817
2025-03-25 22:00:00+00:00,149.855,149.937,149.845,149.895,1431
2025-03-25 23:00:00+00:00,149.896,149.907,149.843,149.847,507
2025-03-26 00:00:00+00:00,149.851,149.975,149.851,149.949,1030
2025-03-26 01:00:00+00:00,149.948,150.002,149.913,149.936,1951
2025-03-26 02:00:00+00:00,149.937,150.194,149.835,150.173,6057
2025-03-26 03:00:00+00:00,150.174,150.277,150.046,150.073,5633
2025-03-26 04:00:00+00:00,150.074,150.271,150.049,150.256,3510
2025-03-26 05:00:00+00:00,150.256,150.465,150.234,150.43,3516
2025-03-26 06:00:00+00:00,150.431,150.544,150.427,150.541,3045
2025-03-26 07:00:00+00:00,150.54,150.622,150.446,150.465,3850
2025-03-26 08:00:00+00:00,150.465,150.603,150.435,150.439,3916
2025-03-26 09:00:00+00:00,150.438,150.588,150.36,150.39,5560
2025-03-26 10:00:00+00:00,150.391,150.404,150.087,150.116,6691
2025-03-26 11:00:00+00:00,150.119,150.189,150.044,150.107,4654
2025-03-26 12:00:00+00:00,150.108,150.221,150.014,150.181,3433
2025-03-26 13:00:00+00:00,150.181,150.267,150.133,150.209,3514
2025-03-26 14:00:00+00:00,150.205,150.433,150.109,150.387,6776
2025-03-26 15:00:00+00:00,150.387,150.548,150.301,150.402,8850
2025-03-26 16:00:00+00:00,150.4,150.593,150.372,150.552,9035
2025-03-26 17:00:00+00:00,150.553,150.743,150.545,150.678,7226
2025-03-26 18:00:00+00:00,150.677,150.681,150.401,150.566,7259
2025-03-26 19:00:00+00:00,150.565,150.713,150.307,150.414,7821
2025-03-26 20:00:00+00:00,150.416,150.599,150.378,150.449,5391
2025-03-26 21:00:00+00:00,150.448,150.598,150.438,150.57,4161
2025-03-26 22:00:00+00:00,150.567,150.594,150.505,150.561,1959
2025-03-26 23:00:00+00:00,150.56,150.563,150.429,150.479,546
2025-03-27 00:00:00+00:00,150.487,150.593,150.301,150.302,3601
2025-03-27 01:00:00+00:00,150.301,150.479,150.279,150.469,3316
2025-03-27 02:00:00+00:00,150.469,150.615,150.39,150.479,5116
2025-03-27 03:00:00+00:00,150.479,150.479,150.083,150.121,5876
2025-03-27 04:00:00+00:00,150.12,150.278,150.118,150.173,4507
2025-03-27 05:00:00+00:00,150.172,150.252,150.104,150.151,3359
2025-03-27 06:00:00+00:00,150.15,150.212,150.055,150.19,3350
2025-03-27 07:00:00+00:00,150.19,150.293,150.135,150.236,3801
2025-03-27 08:00:00+00:00,150.235,150.446,150.152,150.388,5042
2025-03-27 09:00:00+00:00,150.388,150.542,150.276,150.528,7004
2025-03-27 10:00:00+00:00,150.529,150.627,150.487,150.621,8011
2025-03-27 11:00:00+00:00,150.622,150.924,150.592,150.923,5145
2025-03-27 12:00:00+00:00,150.927,150.975,150.877,150.924,4258
2025-03-27 13:00:00+00:00,150.923,151.022,150.816,151.017,4435
2025-03-27 14:00:00+00:00,151.016,151.088,150.665,150.723,7353
2025-03-27 15:00:00+00:00,150.722,150.891,150.576,150.871,9187
2025-03-27 16:00:00+00:00,150.86,151.056,150.764,151.009,9825
2025-03-27 17:00:00+00:00,151.008,151.028,150.651,150.965,8863
2025-03-27 18:00:00+00:00,150.964,151.152,150.909,151.004,6254
2025-03-27 19:00:00+00:00,151.005,151.142,150.959,151.073,6354
2025-03-27 20:00:00+00:00,151.074,151.14,151.035,151.108,4364
2025-03-27 21:00:00+00:00,151.106,151.143,151.013,151.035,3886
2025-03-27 22:00:00+00:00,151.034,151.058,151.023,151.033,1504
2025-03-27 23:00:00+00:00,151.033,151.043,150.992,151.038,436
2025-03-28 00:00:00+00:00,151.04,151.114,151.019,151.046,1205
2025-03-28 01:00:00+00:00,151.042,151.057,150.759,150.844,3536
2025-03-28 02:00:00+00:00,150.844,151.208,150.825,150.957,5932
2025-03-28 03:00:00+00:00,150.956,150.972,150.699,150.747,6132
2025-03-28 04:00:00+00:00,150.746,150.854,150.732,150.826,4481
2025-03-28 05:00:00+00:00,150.827,150.867,150.708,150.802,3997
2025-03-28 06:00:00+00:00,150.801,150.936,150.748,150.868,3634
2025-03-28 07:00:00+00:00,150.87,150.93,150.735,150.763,3858
2025-03-28 08:00:00+00:00,150.768,150.844,150.606,150.608,4213
2025-03-28 09:00:00+00:00,150.609,150.647,150.38,150.391,6239
2025-03-28 10:00:00+00:00,150.389,150.541,150.354,150.531,6798
2025-03-28 11:00:00+00:00,150.531,150.654,150.495,150.578,4011
2025-03-28 12:00:00+00:00,150.578,150.727,150.56,150.712,3912
2025-03-28 13:00:00+00:00,150.711,150.863,150.677,150.799,3646
2025-03-28 14:00:00+00:00,150.801,150.927,150.558,150.637,8501
2025-03-28 15:00:00+00:00,150.636,150.779,150.385,150.428,13146
2025-03-28 16:00:00+00:00,150.402,150.437,149.906,150.09,13117
2025-03-28 17:00:00+00:00,150.091,150.328,149.995,150.254,10332
2025-03-28 18:00:00+00:00,150.256,150.291,150.026,150.085,8147
2025-03-28 19:00:00+00:00,150.084,150.107,149.856,149.981,5884
2025-03-28 20:00:00+00:00,149.98,150.134,149.905,149.957,5167
2025-03-28 21:00:00+00:00,149.954,149.997,149.74,149.746,6039
2025-03-28 22:00:00+00:00,149.745,149.884,149.678,149.773,2215
2025-03-31 00:00:00+00:00,149.731,149.766,149.612,149.616,276
2025-03-31 01:00:00+00:00,149.617,149.732,149.394,149.473,3480
2025-03-31 02:00:00+00:00,149.473,149.62,149.295,149.613,5570
2025-03-31 03:00:00+00:00,149.61,149.631,149.063,149.294,10626
2025-03-31 04:00:00+00:00,149.3,149.375,149.019,149.15,9526
2025-03-31 05:00:00+00:00,149.152,149.193,148.717,148.887,6986
2025-03-31 06:00:00+00:00,148.887,148.944,148.729,148.918,5245
2025-03-31 07:00:00+00:00,148.916,149.145,148.83,149.078,5512
2025-03-31 08:00:00+00:00,149.078,149.245,148.945,149.035,5685
2025-03-31 09:00:00+00:00,149.036,149.091,148.801,148.995,8881
2025-03-31 10:00:00+00:00,148.995,149.163,148.698,149.138,10859
2025-03-31 11:00:00+00:00,149.137,149.286,148.956,149.052,9050
2025-03-31 12:00:00+00:00,149.049,149.245,148.96,149.191,7175
2025-03-31 13:00:00+00:00,149.191,149.426,149.16,149.32,6100
2025-03-31 14:00:00+00:00,149.32,149.405,149.149,149.37,7064
2025-03-31 15:00:00+00:00,149.37,149.637,149.346,149.595,7589
2025-03-31 16:00:00+00:00,149.596,149.796,149.399,149.663,11218
2025-03-31 17:00:00+00:00,149.664,149.882,149.51,149.51,13918
2025-03-31 18:00:00+00:00,149.509,149.955,149.457,149.905,10248
2025-03-31 19:00:00+00:00,149.904,149.981,149.796,149.891,6268
2025-03-31 20:00:00+00:00,149.891,150.097,149.866,150.019,6140
2025-03-31 21:00:00+00:00,150.02,150.265,150.006,150.117,6564
2025-03-31 22:00:00+00:00,150.115,150.148,149.869,149.955,6881
2025-03-31 23:00:00+00:00,149.953,150.005,149.886,149.95,2658
2025-04-01 00:00:00+00:00,149.942,149.942,149.85,149.891,256
2025-04-01 01:00:00+00:00,149.891,149.982,149.825,149.886,1634
2025-04-01 02:00:00+00:00,149.876,150.138,149.876,149.944,3295
2025-04-01 03:00:00+00:00,149.944,149.977,149.67,149.731,8769
2025-04-01 04:00:00+00:00,149.731,149.905,149.629,149.818,6605
2025-04-01 05:00:00+00:00,149.821,149.85,149.684,149.842,4205
2025-04-01 06:00:00+00:00,149.844,149.915,149.654,149.655,3693
2025-04-01 07:00:00+00:00,149.654,149.663,149.527,149.558,4122
2025-04-01 08:00:00+00:00,149.559,149.914,149.544,149.825,4429
2025-04-01 09:00:00+00:00,149.824,149.986,149.748,149.939,6591
2025-04-01 10:00:00+00:00,149.938,149.943,149.582,149.615,8244
2025-04-01 11:00:00+00:00,149.612,149.685,149.498,149.661,5898
2025-04-01 12:00:00+00:00,149.661,149.716,149.528,149.616,4931
2025-04-01 13:00:00+00:00,149.615,149.651,149.352,149.399,8641
2025-04-01 14:00:00+00:00,149.401,149.43,149.115,149.194,7716
2025-04-01 15:00:00+00:00,149.194,149.389,149.12,149.382,7079
2025-04-01 16:00:00+00:00,149.389,149.538,149.38,149.467,9879
2025-04-01 17:00:00+00:00,149.472,149.496,148.973,149.278,14907
2025-04-01 18:00:00+00:00,149.28,149.508,149.202,149.399,11364
2025-04-01 19:00:00+00:00,149.398,149.735,149.373,149.509,9351
2025-04-01 20:00:00+00:00,149.51,149.555,149.382,149.454,7613
2025-04-01 21:00:00+00:00,149.459,149.465,149.231,149.392,7602
2025-04-01 22:00:00+00:00,149.391,149.646,149.382,149.618,6257
2025-04-01 23:00:00+00:00,149.617,149.631,149.524,149.591,1943
2025-04-02 00:00:00+00:00,149.583,149.651,149.514,149.642,539
2025-04-02 01:00:00+00:00,149.642,149.882,149.64,149.818,2447
2025-04-02 02:00:00+00:00,149.811,149.863,149.739,149.744,2819
2025-04-02 03:00:00+00:00,149.747,149.913,149.683,149.793,8021
2025-04-02 04:00:00+00:00,149.792,149.953,149.773,149.857,5574
2025-04-02 05:00:00+00:00,149.856,149.888,149.754,149.787,3702
2025-04-02 06:00:00+00:00,149.786,149.79,149.706,149.744,2941
2025-04-02 07:00:00+00:00,149.742,149.914,149.72,149.895,2986
2025-04-02 08:00:00+00:00,149.896,149.948,149.825,149.888,3257
2025-04-02 09:00:00+00:00,149.881,149.999,149.72,149.756,4924
2025-04-02 10:00:00+00:00,149.754,149.82,149.625,149.667,7349
2025-04-02 11:00:00+00:00,149.672,149.673,149.518,149.654,6068
2025-04-02 12:00:00+00:00,149.652,149.712,149.421,149.443,5839
2025-04-02 13:00:00+00:00,149.442,149.477,149.308,149.4,7119
2025-04-02 14:00:00+00:00,149.398,149.427,149.189,149.219,5301
2025-04-02 15:00:00+00:00,149.215,149.398,149.094,149.174,8533
2025-04-02 16:00:00+00:00,149.172,149.56,149.146,149.489,10322
2025-04-02 17:00:00+00:00,149.478,149.782,149.478,149.691,11589
2025-04-02 18:00:00+00:00,149.69,150.083,149.629,149.988,10967
2025-04-02 19:00:00+00:00,149.988,150.249,149.947,150.185,7831
2025-04-02 20:00:00+00:00,150.185,150.199,150.058,150.129,6955
2025-04-02 21:00:00+00:00,150.133,150.162,149.918,149.924,7641
2025-04-02 22:00:00+00:00,149.924,150.08,149.912,150.025,6571
2025-04-02 23:00:00+00:00,150.024,150.483,149.192,149.2,15488
2025-04-03 00:00:00+00:00,149.2,149.229,148.629,148.651,1659
2025-04-03 01:00:00+00:00,148.679,148.689,148.155,148.404,8868
2025-04-03 02:00:00+00:00,148.394,148.398,147.678,147.875,12488
2025-04-03 03:00:00+00:00,147.879,148.329,147.685,147.88,18090
2025-04-03 04:00:00+00:00,147.878,148.1,147.536,147.745,13114
2025-04-03 05:00:00+00:00,147.749,147.88,147.51,147.782,8774
2025-04-03 06:00:00+00:00,147.783,147.79,147.109,147.265,7648
2025-04-03 07:00:00+00:00,147.266,147.551,147.199,147.545,6727
2025-04-03 08:00:00+00:00,147.545,147.636,146.964,147.004,9091
2025-04-03 09:00:00+00:00,147.008,147.383,146.816,146.83,14322
2025-04-03 10:00:00+00:00,146.831,147.462,146.799,147.258,11372
2025-04-03 11:00:00+00:00,147.258,147.357,146.678,146.81,8699
2025-04-03 12:00:00+00:00,146.805,146.851,146.294,146.554,9371
2025-04-03 13:00:00+00:00,146.55,146.742,146.252,146.7,11004
2025-04-03 14:00:00+00:00,146.699,146.764,146.012,146.038,10417
2025-04-03 15:00:00+00:00,146.037,146.355,145.743,145.885,13019
2025-04-03 16:00:00+00:00,145.885,146.079,145.518,145.532,18770
2025-04-03 17:00:00+00:00,145.525,145.908,145.177,145.425,17142
2025-04-03 18:00:00+00:00,145.426,146.248,145.354,146.041,16541
2025-04-03 19:00:00+00:00,146.038,146.421,146.005,146.15,15621
2025-04-03 20:00:00+00:00,146.151,146.269,146.0,146.082,13824
2025-04-03 21:00:00+00:00,146.082,146.476,145.959,146.417,12178
2025-04-03 22:00:00+00:00,146.414,146.51,146.206,146.247,13817
2025-04-03 23:00:00+00:00,146.247,146.302,146.025,146.025,5261
2025-04-04 00:00:00+00:00,146.026,146.026,145.886,145.907,190
2025-04-04 01:00:00+00:00,145.915,146.003,145.532,145.625,5164
2025-04-04 02:00:00+00:00,145.62,146.26,145.613,146.249,7631
2025-04-04 03:00:00+00:00,146.246,146.401,145.808,145.959,12530
2025-04-04 04:00:00+00:00,145.956,146.397,145.88,146.057,11203
2025-04-04 05:00:00+00:00,146.059,146.289,145.985,146.122,8419
2025-04-04 06:00:00+00:00,146.121,146.174,145.615,145.657,8370
2025-04-04 07:00:00+00:00,145.657,145.792,145.352,145.42,8652
2025-04-04 08:00:00+00:00,145.421,145.886,145.294,145.849,9507
2025-04-04 09:00:00+00:00,145.85,146.154,145.767,146.034,12256
2025-04-04 10:00:00+00:00,146.034,146.295,145.789,146.266,16385
2025-04-04 11:00:00+00:00,146.266,146.479,146.142,146.402,14319
2025-04-04 12:00:00+00:00,146.405,146.543,146.266,146.322,12370
2025-04-04 13:00:00+00:00,146.321,146.364,145.026,145.105,21532
2025-04-04 14:00:00+00:00,145.105,145.458,144.542,145.395,21018
2025-04-04 15:00:00+00:00,145.386,145.638,145.013,145.591,22200
2025-04-04 16:00:00+00:00,145.593,145.787,145.166,145.706,22310
2025-04-04 17:00:00+00:00,145.706,145.87,145.037,145.518,19853
2025-04-04 18:00:00+00:00,145.51,146.224,145.497,145.914,22876
2025-04-04 19:00:00+00:00,145.922,146.776,145.85,146.707,20203
2025-04-04 20:00:00+00:00,146.711,147.359,146.522,147.243,17158
2025-04-04 21:00:00+00:00,147.244,147.43,146.636,146.887,17046
2025-04-04 22:00:00+00:00,146.89,147.283,146.666,146.822,19455
2025-04-04 23:00:00+00:00,146.822,146.993,146.739,146.864,8829
2025-04-07 00:00:00+00:00,145.448,145.591,145.318,145.573,643
2025-04-07 01:00:00+00:00,145.59,145.674,144.983,145.15,12032
2025-04-07 02:00:00+00:00,145.151,145.43,144.809,145.429,14635
2025-04-07 03:00:00+00:00,145.428,145.839,145.173,145.81,21077
2025-04-07 04:00:00+00:00,145.811,146.337,145.777,146.181,18067
2025-04-07 05:00:00+00:00,146.179,146.845,146.091,146.616,15090
2025-04-07 06:00:00+00:00,146.615,146.623,146.19,146.282,12129
2025-04-07 07:00:00+00:00,146.282,146.462,145.803,145.876,11948
2025-04-07 08:00:00+00:00,145.874,146.244,145.684,145.735,14281
2025-04-07 09:00:00+00:00,145.735,145.937,145.109,145.381,17953
2025-04-07 10:00:00+00:00,145.381,145.799,145.063,145.786,22358
2025-04-07 11:00:00+00:00,145.782,146.365,145.694,146.209,17515
2025-04-07 12:00:00+00:00,146.208,146.331,145.815,146.016,13811
2025-04-07 13:00:00+00:00,146.016,146.617,146.007,146.23,16297
2025-04-07 14:00:00+00:00,146.224,146.487,146.126,146.372,17588
2025-04-07 15:00:00+00:00,146.38,147.044,146.376,146.974,20509
2025-04-07 16:00:00+00:00,146.972,147.084,146.501,147.055,20469
2025-04-07 17:00:00+00:00,147.054,147.98,146.917,147.565,26080
2025-04-07 18:00:00+00:00,147.565,147.969,147.12,147.956,22845
2025-04-07 19:00:00+00:00,147.959,148.1,147.802,147.932,19023
2025-04-07 20:00:00+00:00,147.933,148.142,147.672,147.929,18538
2025-04-07 21:00:00+00:00,147.929,148.119,147.733,147.852,16512
2025-04-07 22:00:00+00:00,147.85,148.012,147.513,147.937,18116
2025-04-07 23:00:00+00:00,147.934,148.134,147.759,147.784,7916
2025-04-08 00:00:00+00:00,147.793,147.877,147.675,147.701,433
2025-04-08 01:00:00+00:00,147.703,148.11,147.7,147.879,4561
2025-04-08 02:00:00+00:00,147.882,148.115,147.727,147.79,8481
2025-04-08 03:00:00+00:00,147.788,147.964,147.496,147.599,16379
2025-04-08 04:00:00+00:00,147.602,147.701,147.399,147.536,15668
2025-04-08 05:00:00+00:00,147.534,147.545,147.245,147.317,8823
2025-04-08 06:00:00+00:00,147.318,147.623,147.263,147.587,7929
2025-04-08 07:00:00+00:00,147.588,147.762,147.442,147.754,9279
2025-04-08 08:00:00+00:00,147.755,147.792,147.568,147.598,8439
2025-04-08 09:00:00+00:00,147.597,147.599,147.219,147.237,11428
2025-04-08 10:00:00+00:00,147.237,147.405,146.962,147.39,15202
2025-04-08 11:00:00+00:00,147.392,147.479,147.017,147.421,11325
2025-04-08 12:00:00+00:00,147.414,147.51,147.101,147.186,10159
2025-04-08 13:00:00+00:00,147.187,147.267,146.848,146.869,9425
2025-04-08 14:00:00+00:00,146.869,147.177,146.763,146.898,13987
2025-04-08 15:00:00+00:00,146.895,146.962,146.665,146.817,14383
2025-04-08 16:00:00+00:00,146.816,147.397,146.656,147.347,17983
2025-04-08 17:00:00+00:00,147.348,147.665,147.212,147.334,17412
2025-04-08 18:00:00+00:00,147.333,147.381,146.791,147.017,16276
2025-04-08 19:00:00+00:00,147.018,147.088,146.49,146.525,17317
2025-04-08 20:00:00+00:00,146.549,146.663,146.242,146.645,19889
2025-04-08 21:00:00+00:00,146.646,146.732,146.25,146.383,18355
2025-04-08 22:00:00+00:00,146.383,146.439,145.955,146.273,17769
2025-04-08 23:00:00+00:00,146.276,146.469,146.214,146.228,8405
2025-04-09 00:00:00+00:00,146.229,146.287,146.023,146.21,765
2025-04-09 01:00:00+00:00,146.231,146.333,145.889,145.971,5134
2025-04-09 02:00:00+00:00,145.964,145.996,145.595,145.848,10589
2025-04-09 03:00:00+00:00,145.847,145.901,145.123,145.402,17403
2025-04-09 04:00:00+00:00,145.402,145.711,145.292,145.566,16240
2025-04-09 05:00:00+00:00,145.565,145.934,145.42,145.63,12847
2025-04-09 06:00:00+00:00,145.632,145.766,145.253,145.324,13321
2025-04-09 07:00:00+00:00,145.32,145.405,144.572,144.936,17922
2025-04-09 08:00:00+00:00,144.938,145.452,144.839,145.1,16913
2025-04-09 09:00:00+00:00,145.099,145.541,144.696,144.813,18603
2025-04-09 10:00:00+00:00,144.813,145.633,144.786,145.52,18510
2025-04-09 11:00:00+00:00,145.524,145.773,145.173,145.29,13396
2025-04-09 12:00:00+00:00,145.29,145.479,145.154,145.364,10013
2025-04-09 13:00:00+00:00,145.364,145.438,144.932,145.221,10377
2025-04-09 14:00:00+00:00,145.227,145.241,144.638,144.643,18180
2025-04-09 15:00:00+00:00,144.642,144.647,143.985,144.309,17109
2025-04-09 16:00:00+00:00,144.311,145.081,144.199,144.908,21656
2025-04-09 17:00:00+00:00,144.912,145.085,144.533,144.721,18116
2025-04-09 18:00:00+00:00,144.721,145.094,144.721,145.09,14045
2025-04-09 19:00:00+00:00,145.092,145.204,144.874,144.921,9896
2025-04-09 20:00:00+00:00,144.918,147.253,144.573,147.053,21260
2025-04-09 21:00:00+00:00,147.058,148.272,147.03,147.437,20954
2025-04-09 22:00:00+00:00,147.438,148.143,147.281,147.934,16137
2025-04-09 23:00:00+00:00,147.937,148.01,147.645,147.668,8181
2025-04-10 00:00:00+00:00,147.646,147.646,147.261,147.345,901
2025-04-10 01:00:00+00:00,147.363,147.533,147.254,147.409,9537
2025-04-10 02:00:00+00:00,147.405,147.709,147.359,147.397,9189
2025-04-10 03:00:00+00:00,147.396,147.459,146.674,146.719,14374
2025-04-10 04:00:00+00:00,146.72,147.032,146.644,146.943,12575
2025-04-10 05:00:00+00:00,146.944,146.978,146.644,146.742,11538
2025-04-10 06:00:00+00:00,146.742,146.85,146.598,146.829,10865
2025-04-10 07:00:00+00:00,146.829,146.895,146.499,146.617,7881
2025-04-10 08:00:00+00:00,146.618,146.74,146.448,146.605,8531
2025-04-10 09:00:00+00:00,146.609,147.139,146.608,147.042,13207
2025-04-10 10:00:00+00:00,147.047,147.053,146.234,146.265,15116
2025-04-10 11:00:00+00:00,146.266,146.425,146.146,146.303,13667
2025-04-10 12:00:00+00:00,146.3,146.332,145.989,146.003,10460
2025-04-10 13:00:00+00:00,146.004,146.032,145.546,145.551,10259
2025-04-10 14:00:00+00:00,145.553,145.643,145.333,145.525,11188
2025-04-10 15:00:00+00:00,145.528,145.593,144.866,145.446,15492
2025-04-10 16:00:00+00:00,145.444,145.534,144.777,144.81,17873
2025-04-10 17:00:00+00:00,144.81,145.051,144.557,144.657,18006
2025-04-10 18:00:00+00:00,144.659,144.747,144.011,144.348,16402
2025-04-10 19:00:00+00:00,144.343,144.539,144.065,144.522,19883
2025-04-10 20:00:00+00:00,144.527,144.868,144.442,144.752,17857
2025-04-10 21:00:00+00:00,144.752,144.828,144.468,144.575,17125
2025-04-10 22:00:00+00:00,144.573,145.132,144.568,144.655,15435
2025-04-10 23:00:00+00:00,144.655,144.831,144.411,144.416,5899
2025-04-11 00:00:00+00:00,144.415,144.562,144.384,144.47,366
2025-04-11 01:00:00+00:00,144.532,144.536,143.975,144.078,7494
2025-04-11 02:00:00+00:00,144.08,144.23,143.71,143.746,12273
2025-04-11 03:00:00+00:00,143.747,143.77,142.873,143.35,18591
2025-04-11 04:00:00+00:00,143.35,143.781,143.224,143.526,15116
2025-04-11 05:00:00+00:00,143.526,143.738,143.268,143.573,11182
2025-04-11 06:00:00+00:00,143.568,143.608,143.119,143.189,10236
2025-04-11 07:00:00+00:00,143.191,143.325,142.876,142.918,8488
2025-04-11 08:00:00+00:00,142.918,143.777,142.917,143.594,11114
2025-04-11 09:00:00+00:00,143.589,144.138,143.551,143.886,14057
2025-04-11 10:00:00+00:00,143.888,143.939,142.798,142.828,15986
2025-04-11 11:00:00+00:00,142.831,143.08,142.058,142.411,18446
2025-04-11 12:00:00+00:00,142.413,142.702,142.055,142.519,15213
2025-04-11 13:00:00+00:00,142.516,143.219,142.516,142.991,14115
2025-04-11 14:00:00+00:00,142.984,143.036,142.498,142.598,12708
2025-04-11 15:00:00+00:00,142.599,142.959,142.398,142.521,14572
2025-04-11 16:00:00+00:00,142.525,143.556,142.21,143.0,18692
2025-04-11 17:00:00+00:00,142.971,143.61,142.831,143.524,17003
2025-04-11 18:00:00+00:00,143.525,143.717,143.296,143.575,12847
2025-04-11 19:00:00+00:00,143.576,143.979,143.561,143.773,11711
2025-04-11 20:00:00+00:00,143.774,144.199,143.677,144.128,13283
2025-04-11 21:00:00+00:00,144.127,144.168,143.719,143.801,10865
2025-04-11 22:00:00+00:00,143.801,143.844,143.503,143.589,9259
2025-04-11 23:00:00+00:00,143.582,143.642,143.366,143.431,3738
2025-04-14 00:00:00+00:00,143.877,143.955,143.559,143.683,1885
2025-04-14 01:00:00+00:00,143.684,144.05,143.497,143.649,6810
2025-04-14 02:00:00+00:00,143.649,143.897,143.575,143.69,8499
2025-04-14 03:00:00+00:00,143.688,143.742,142.888,142.903,12181
2025-04-14 04:00:00+00:00,142.902,142.968,142.243,142.672,12755
2025-04-14 05:00:00+00:00,142.672,142.994,142.568,142.962,8802
2025-04-14 06:00:00+00:00,142.958,143.185,142.709,143.016,7262
2025-04-14 07:00:00+00:00,143.015,143.197,142.646,143.037,6480
2025-04-14 08:00:00+00:00,143.038,143.269,142.659,142.763,8454
2025-04-14 09:00:00+00:00,142.763,142.904,142.34,142.419,12001
2025-04-14 10:00:00+00:00,142.417,143.086,142.227,143.074,11102
2025-04-14 11:00:00+00:00,143.072,143.163,142.815,142.906,8886
2025-04-14 12:00:00+00:00,142.907,143.094,142.757,143.066,8246
2025-04-14 13:00:00+00:00,143.067,143.291,143.044,143.091,7814
2025-04-14 14:00:00+00:00,143.091,143.353,143.0,143.235,8885
2025-04-14 15:00:00+00:00,143.233,143.694,143.147,143.664,10281
2025-04-14 16:00:00+00:00,143.664,144.077,143.508,143.637,15777
2025-04-14 17:00:00+00:00,143.64,143.819,143.259,143.279,14051
2025-04-14 18:00:00+00:00,143.28,143.341,142.883,142.972,13313
2025-04-14 19:00:00+00:00,142.973,143.231,142.776,143.215,11903
2025-04-14 20:00:00+00:00,143.216,143.345,142.872,143.065,10378
2025-04-14 21:00:00+00:00,143.064,143.171,142.865,142.891,7195
2025-04-14 22:00:00+00:00,142.892,143.068,142.852,143.023,7394
2025-04-14 23:00:00+00:00,143.022,143.18,142.939,142.951,4400
2025-04-15 00:00:00+00:00,142.949,142.985,142.905,142.954,331
2025-04-15 01:00:00+00:00,142.955,143.184,142.932,143.102,2449
2025-04-15 02:00:00+00:00,143.1,143.329,142.998,143.211,5220
2025-04-15 03:00:00+00:00,143.21,143.588,143.171,143.503,8049
2025-04-15 04:00:00+00:00,143.502,143.591,143.267,143.369,6840
2025-04-15 05:00:00+00:00,143.367,143.383,143.093,143.121,5414
2025-04-15 06:00:00+00:00,143.123,143.178,143.046,143.124,3786
2025-04-15 07:00:00+00:00,143.124,143.218,142.898,143.034,5085
2025-04-15 08:00:00+00:00,143.036,143.211,142.984,143.068,5828
2025-04-15 09:00:00+00:00,143.063,143.374,142.838,143.317,8535
2025-04-15 10:00:00+00:00,143.315,143.505,143.266,143.302,8574
2025-04-15 11:00:00+00:00,143.301,143.305,142.838,142.902,9733
2025-04-15 12:00:00+00:00,142.904,142.93,142.677,142.926,7561
2025-04-15 13:00:00+00:00,142.926,142.986,142.834,142.838,5717
2025-04-15 14:00:00+00:00,142.838,143.178,142.818,142.895,7666
2025-04-15 15:00:00+00:00,142.892,142.921,142.591,142.865,10086
2025-04-15 16:00:00+00:00,142.87,143.137,142.771,143.04,11389
2025-04-15 17:00:00+00:00,143.04,143.261,142.665,142.719,14606
2025-04-15 18:00:00+00:00,142.725,143.19,142.681,143.095,10469
2025-04-15 19:00:00+00:00,143.097,143.245,143.046,143.086,6725
2025-04-15 20:00:00+00:00,143.083,143.242,143.035,143.117,6322
2025-04-15 21:00:00+00:00,143.117,143.22,143.11,143.153,6141
2025-04-15 22:00:00+00:00,143.154,143.221,143.135,143.185,4598
2025-04-15 23:00:00+00:00,143.185,143.272,143.117,143.117,3147
2025-04-16 00:00:00+00:00,143.109,143.227,143.105,143.155,267
2025-04-16 01:00:00+00:00,143.154,143.178,142.908,143.055,2932
2025-04-16 02:00:00+00:00,143.054,143.281,143.038,143.156,5132
2025-04-16 03:00:00+00:00,143.153,143.168,142.759,142.886,8516
2025-04-16 04:00:00+00:00,142.885,142.987,142.7,142.81,5516
2025-04-16 05:00:00+00:00,142.807,142.814,142.65,142.714,4623
2025-04-16 06:00:00+00:00,142.715,142.73,142.492,142.517,5271
2025-04-16 07:00:00+00:00,142.519,142.671,142.461,142.623,4522
2025-04-16 08:00:00+00:00,142.625,142.667,142.094,142.135,8059
2025-04-16 09:00:00+00:00,142.138,142.507,142.098,142.409,8067
2025-04-16 10:00:00+00:00,142.408,142.458,142.037,142.092,8774
2025-04-16 11:00:00+00:00,142.094,142.948,142.062,142.615,13564
2025-04-16 12:00:00+00:00,142.615,142.874,142.484,142.825,9377
2025-04-16 13:00:00+00:00,142.825,142.916,142.603,142.795,7210
2025-04-16 14:00:00+00:00,142.794,142.812,142.62,142.654,7075
2025-04-16 15:00:00+00:00,142.65,142.786,142.43,142.642,10169
2025-04-16 16:00:00+00:00,142.638,142.686,142.397,142.431,11860
2025-04-16 17:00:00+00:00,142.423,142.706,142.312,142.506,10923
2025-04-16 18:00:00+00:00,142.507,142.86,142.49,142.571,8348
2025-04-16 19:00:00+00:00,142.57,142.638,142.486,142.549,6697
2025-04-16 20:00:00+00:00,142.55,142.692,142.304,142.349,10149
2025-04-16 21:00:00+00:00,142.352,142.438,142.061,142.1,10186
2025-04-16 22:00:00+00:00,142.104,142.129,141.635,142.101,9661
2025-04-16 23:00:00+00:00,142.102,142.199,141.779,141.784,3464
2025-04-17 00:00:00+00:00,141.789,141.826,141.632,141.745,780
2025-04-17 01:00:00+00:00,141.745,141.954,141.711,141.84,2731
2025-04-17 02:00:00+00:00,141.84,141.962,141.607,141.919,6062
2025-04-17 03:00:00+00:00,141.922,142.6,141.844,142.577,12036
2025-04-17 04:00:00+00:00,142.581,142.859,142.505,142.709,9515
2025-04-17 05:00:00+00:00,142.713,142.725,142.38,142.557,6637
2025-04-17 06:00:00+00:00,142.554,142.638,142.427,142.603,5382
2025-04-17 07:00:00+00:00,142.606,142.689,142.577,142.665,3837
2025-04-17 08:00:00+00:00,142.664,142.863,142.482,142.736,5416
2025-04-17 09:00:00+00:00,142.736,142.881,142.644,142.734,7038
2025-04-17 10:00:00+00:00,142.741,142.912,142.599,142.887,7845
2025-04-17 11:00:00+00:00,142.886,143.08,142.644,142.68,7383
2025-04-17 12:00:00+00:00,142.679,142.839,142.64,142.764,5709
2025-04-17 13:00:00+00:00,142.765,142.811,142.497,142.576,7657
2025-04-17 14:00:00+00:00,142.577,142.616,142.453,142.594,5805
2025-04-17 15:00:00+00:00,142.593,142.692,142.282,142.313,10888
2025-04-17 16:00:00+00:00,142.316,142.357,142.134,142.137,13073
2025-04-17 17:00:00+00:00,142.135,142.278,141.894,142.213,11276
2025-04-17 18:00:00+00:00,142.215,142.371,142.14,142.328,9898
2025-04-17 19:00:00+00:00,142.328,142.627,142.182,142.457,10187
2025-04-17 20:00:00+00:00,142.456,142.561,142.383,142.553,6428
2025-04-17 21:00:00+00:00,142.555,142.712,142.357,142.442,5955
2025-04-17 22:00:00+00:00,142.444,142.457,142.348,142.387,5713
2025-04-17 23:00:00+00:00,142.386,142.485,142.351,142.351,4379
2025-04-18 00:00:00+00:00,142.369,142.453,142.278,142.356,827
2025-04-18 01:00:00+00:00,142.341,142.39,142.296,142.332,2511
2025-04-18 02:00:00+00:00,142.33,142.402,142.259,142.327,3645
2025-04-18 03:00:00+00:00,142.331,142.402,142.153,142.386,4482
2025-04-18 04:00:00+00:00,142.386,142.429,142.327,142.35,17059
2025-04-18 05:00:00+00:00,142.35,142.368,142.286,142.309,12849
2025-04-18 06:00:00+00:00,142.31,142.346,142.281,142.314,17150
2025-04-18 07:00:00+00:00,142.316,142.338,142.279,142.328,14198
2025-04-18 08:00:00+00:00,142.329,142.401,142.301,142.351,9049
2025-04-18 09:00:00+00:00,142.345,142.387,142.304,142.365,5664
2025-04-18 10:00:00+00:00,142.351,142.386,142.294,142.385,4160
2025-04-18 11:00:00+00:00,142.386,142.389,142.326,142.371,5104
2025-04-18 12:00:00+00:00,142.363,142.383,142.337,142.369,4765
2025-04-18 13:00:00+00:00,142.367,142.378,142.323,142.359,3314
2025-04-18 14:00:00+00:00,142.358,142.368,142.261,142.314,4879
2025-04-18 15:00:00+00:00,142.311,142.349,142.273,142.317,7572
2025-04-18 16:00:00+00:00,142.326,142.348,142.292,142.34,3186
2025-04-18 17:00:00+00:00,142.337,142.347,142.237,142.282,5837
2025-04-18 18:00:00+00:00,142.279,142.298,142.222,142.238,7179
2025-04-18 19:00:00+00:00,142.234,142.245,142.1,142.2,9306
2025-04-18 20:00:00+00:00,142.2,142.28,142.148,142.181,9976
2025-04-18 21:00:00+00:00,142.174,142.184,142.135,142.176,11451
2025-04-18 22:00:00+00:00,142.172,142.185,142.105,142.173,10117
2025-04-18 23:00:00+00:00,142.168,142.179,142.056,142.071,2721
2025-04-21 00:00:00+00:00,142.039,142.056,141.627,141.873,557
2025-04-21 01:00:00+00:00,141.878,142.1,141.681,141.729,3506
2025-04-21 02:00:00+00:00,141.731,141.764,141.491,141.584,6415
2025-04-21 03:00:00+00:00,141.583,141.588,141.135,141.186,9820
2025-04-21 04:00:00+00:00,141.188,141.202,140.964,140.977,5624
2025-04-21 05:00:00+00:00,140.974,141.082,140.611,140.784,7260
2025-04-21 06:00:00+00:00,140.784,140.833,140.651,140.753,5305
2025-04-21 07:00:00+00:00,140.757,140.973,140.757,140.764,4956
2025-04-21 08:00:00+00:00,140.762,140.783,140.614,140.641,5363
2025-04-21 09:00:00+00:00,140.642,140.905,140.613,140.754,5789
2025-04-21 10:00:00+00:00,140.755,140.814,140.539,140.549,5788
2025-04-21 11:00:00+00:00,140.551,140.723,140.543,140.57,4967
2025-04-21 12:00:00+00:00,140.57,140.689,140.465,140.649,4252
2025-04-21 13:00:00+00:00,140.65,140.99,140.637,140.983,4444
2025-04-21 14:00:00+00:00,140.984,141.072,140.744,140.787,6682
2025-04-21 15:00:00+00:00,140.788,141.02,140.636,140.777,6660
2025-04-21 16:00:00+00:00,140.778,141.037,140.697,140.735,8920
2025-04-21 17:00:00+00:00,140.739,140.912,140.565,140.898,8818
2025-04-21 18:00:00+00:00,140.899,141.008,140.787,140.81,7565
2025-04-21 19:00:00+00:00,140.809,140.969,140.764,140.829,5070
2025-04-21 20:00:00+00:00,140.831,140.92,140.63,140.641,4916
2025-04-21 21:00:00+00:00,140.642,140.688,140.561,140.574,4529
2025-04-21 22:00:00+00:00,140.574,140.883,140.55,140.857,4706
2025-04-21 23:00:00+00:00,140.856,140.971,140.76,140.76,2035
2025-04-22 00:00:00+00:00,140.773,140.894,140.746,140.784,110
2025-04-22 01:00:00+00:00,140.787,140.857,140.707,140.73,1626
2025-04-22 02:00:00+00:00,140.731,140.908,140.647,140.867,3831
2025-04-22 03:00:00+00:00,140.868,141.171,140.844,140.847,8957
2025-04-22 04:00:00+00:00,140.853,140.988,140.755,140.862,6809
2025-04-22 05:00:00+00:00,140.861,140.862,140.539,140.544,4196
2025-04-22 06:00:00+00:00,140.544,140.545,140.093,140.203,6592
2025-04-22 07:00:00+00:00,140.202,140.208,140.091,140.191,4937
2025-04-22 08:00:00+00:00,140.19,140.344,139.882,139.918,7510
2025-04-22 09:00:00+00:00,139.914,140.503,139.88,140.393,8737
2025-04-22 10:00:00+00:00,140.392,140.501,140.201,140.277,8571
2025-04-22 11:00:00+00:00,140.279,140.625,140.184,140.512,8046
2025-04-22 12:00:00+00:00,140.511,140.572,140.322,140.45,6959
2025-04-22 13:00:00+00:00,140.449,140.472,140.202,140.322,6532
2025-04-22 14:00:00+00:00,140.328,140.384,140.167,140.248,6483
2025-04-22 15:00:00+00:00,140.247,140.561,140.206,140.528,7269
2025-04-22 16:00:00+00:00,140.528,140.793,140.508,140.767,8847
2025-04-22 17:00:00+00:00,140.768,140.916,140.63,140.712,8536
2025-04-22 18:00:00+00:00,140.712,140.917,140.661,140.869,6979
2025-04-22 19:00:00+00:00,140.869,141.362,140.785,141.3,10418
2025-04-22 20:00:00+00:00,141.3,141.386,141.035,141.105,11442
2025-04-22 21:00:00+00:00,141.106,141.51,141.1,141.487,6763
2025-04-22 22:00:00+00:00,141.485,141.63,141.433,141.604,5733
2025-04-22 23:00:00+00:00,141.605,141.666,141.497,141.524,2196
2025-04-23 00:00:00+00:00,141.511,142.523,141.436,142.506,1548
2025-04-23 01:00:00+00:00,142.495,143.218,142.495,143.004,9089
2025-04-23 02:00:00+00:00,143.003,143.099,142.551,142.696,9396
2025-04-23 03:00:00+00:00,142.696,142.714,142.058,142.081,11259
2025-04-23 04:00:00+00:00,142.078,142.254,141.661,141.756,10407
2025-04-23 05:00:00+00:00,141.753,142.001,141.739,141.886,7037
2025-04-23 06:00:00+00:00,141.885,142.191,141.799,142.189,6523
2025-04-23 07:00:00+00:00,142.191,142.241,141.911,141.952,5291
2025-04-23 08:00:00+00:00,141.953,142.141,141.736,142.069,6647
2025-04-23 09:00:00+00:00,142.068,142.144,141.598,141.707,9593
2025-04-23 10:00:00+00:00,141.706,141.942,141.524,141.862,9767
2025-04-23 11:00:00+00:00,141.862,141.949,141.699,141.737,8677
2025-04-23 12:00:00+00:00,141.736,141.942,141.573,141.879,6782
2025-04-23 13:00:00+00:00,141.881,142.032,141.8,141.991,5764
2025-04-23 14:00:00+00:00,141.992,142.185,141.644,141.646,7228
2025-04-23 15:00:00+00:00,141.646,141.879,141.571,141.842,6949
2025-04-23 16:00:00+00:00,141.842,142.686,141.75,142.685,13070
2025-04-23 17:00:00+00:00,142.685,142.79,142.242,142.633,16041
2025-04-23 18:00:00+00:00,142.634,142.725,142.177,142.642,14313
2025-04-23 19:00:00+00:00,142.644,143.073,142.569,143.018,10981
2025-04-23 20:00:00+00:00,143.018,143.29,142.93,143.234,7614
2025-04-23 21:00:00+00:00,143.233,143.494,143.232,143.434,6392
2025-04-23 22:00:00+00:00,143.435,143.484,143.24,143.394,5607
2025-04-23 23:00:00+00:00,143.396,143.574,143.384,143.435,3091
2025-04-24 00:00:00+00:00,143.405,143.405,143.011,143.127,754
2025-04-24 01:00:00+00:00,143.132,143.184,142.875,143.112,3207
2025-04-24 02:00:00+00:00,143.11,143.273,143.046,143.191,5546
2025-04-24 03:00:00+00:00,143.188,143.333,142.852,142.943,8725
2025-04-24 04:00:00+00:00,142.944,143.074,142.702,142.758,7285
2025-04-24 05:00:00+00:00,142.755,142.812,142.596,142.777,4830
2025-04-24 06:00:00+00:00,142.778,142.89,142.737,142.861,4274
2025-04-24 07:00:00+00:00,142.861,142.912,142.721,142.75,4288
2025-04-24 08:00:00+00:00,142.751,142.954,142.726,142.784,5055
2025-04-24 09:00:00+00:00,142.783,142.885,142.66,142.69,6605
2025-04-24 10:00:00+00:00,142.689,142.743,142.545,142.579,7530
2025-04-24 11:00:00+00:00,142.578,142.735,142.497,142.63,7553
2025-04-24 12:00:00+00:00,142.631,142.695,142.42,142.446,4830
2025-04-24 13:00:00+00:00,142.446,142.512,142.304,142.486,5553
2025-04-24 14:00:00+00:00,142.488,142.632,142.348,142.592,6209
2025-04-24 15:00:00+00:00,142.592,142.633,142.284,142.4,7763
2025-04-24 16:00:00+00:00,142.399,142.584,142.316,142.494,9327
2025-04-24 17:00:00+00:00,142.491,142.605,142.274,142.471,10909
2025-04-24 18:00:00+00:00,142.472,142.769,142.445,142.651,9066
2025-04-24 19:00:00+00:00,142.65,142.791,142.564,142.641,6356
2025-04-24 20:00:00+00:00,142.643,142.825,142.614,142.784,4690
2025-04-24 21:00:00+00:00,142.78,142.831,142.714,142.727,3675
2025-04-24 22:00:00+00:00,142.724,142.729,142.485,142.695,3805
2025-04-24 23:00:00+00:00,142.694,142.736,142.521,142.56,2071
2025-04-25 00:00:00+00:00,142.58,142.672,142.535,142.646,517
2025-04-25 01:00:00+00:00,142.65,142.785,142.637,142.716,2216
2025-04-25 02:00:00+00:00,142.715,142.925,142.693,142.847,3903
2025-04-25 03:00:00+00:00,142.847,143.114,142.814,143.059,7157
2025-04-25 04:00:00+00:00,143.059,143.105,142.907,142.964,6320
2025-04-25 05:00:00+00:00,142.963,142.985,142.824,142.964,4803
2025-04-25 06:00:00+00:00,142.963,143.665,142.887,143.641,6790
2025-04-25 07:00:00+00:00,143.641,143.795,143.565,143.612,6412
2025-04-25 08:00:00+00:00,143.615,143.794,143.505,143.619,5301
2025-04-25 09:00:00+00:00,143.619,143.844,143.436,143.538,6966
2025-04-25 10:00:00+00:00,143.537,143.684,143.221,143.393,8754
2025-04-25 11:00:00+00:00,143.394,143.515,143.246,143.412,6472
2025-04-25 12:00:00+00:00,143.412,143.632,143.232,143.61,5928
2025-04-25 13:00:00+00:00,143.611,143.73,143.251,143.299,7749
2025-04-25 14:00:00+00:00,143.3,143.389,143.221,143.376,5538
2025-04-25 15:00:00+00:00,143.373,143.42,143.303,143.411,6497
2025-04-25 16:00:00+00:00,143.411,143.866,143.404,143.73,10320
2025-04-25 17:00:00+00:00,143.712,143.986,143.614,143.981,11882
2025-04-25 18:00:00+00:00,143.98,144.026,143.726,143.748,6904
2025-04-25 19:00:00+00:00,143.747,143.816,143.679,143.811,4676
2025-04-25 20:00:00+00:00,143.808,143.848,143.438,143.521,6217
2025-04-25 21:00:00+00:00,143.52,143.632,143.454,143.553,5506
2025-04-25 22:00:00+00:00,143.553,143.652,143.487,143.647,4486
2025-04-25 23:00:00+00:00,143.646,143.845,143.626,143.646,2224
2025-04-28 00:00:00+00:00,143.51,143.613,143.438,143.603,174
2025-04-28 01:00:00+00:00,143.599,143.871,143.58,143.772,2666
2025-04-28 02:00:00+00:00,143.77,143.874,143.707,143.848,3545
2025-04-28 03:00:00+00:00,143.849,143.851,143.475,143.485,8328
2025-04-28 04:00:00+00:00,143.483,143.712,143.338,143.71,7171
2025-04-28 05:00:00+00:00,143.71,143.856,143.645,143.689,5181
2025-04-28 06:00:00+00:00,143.686,143.697,143.504,143.579,3498
2025-04-28 07:00:00+00:00,143.58,143.635,143.31,143.317,3964
2025-04-28 08:00:00+00:00,143.318,143.533,143.281,143.49,4438
2025-04-28 09:00:00+00:00,143.494,143.852,143.494,143.827,6201
2025-04-28 10:00:00+00:00,143.825,143.893,143.617,143.628,6904
2025-04-28 11:00:00+00:00,143.629,143.706,143.53,143.545,6462
2025-04-28 12:00:00+00:00,143.537,143.574,143.326,143.448,6172
2025-04-28 13:00:00+00:00,143.443,143.498,143.378,143.458,5124
2025-04-28 14:00:00+00:00,143.457,143.543,143.339,143.365,5229
2025-04-28 15:00:00+00:00,143.368,143.372,143.144,143.345,6324
2025-04-28 16:00:00+00:00,143.344,143.434,143.062,143.079,8419
2025-04-28 17:00:00+00:00,143.081,143.122,142.595,142.844,11509
2025-04-28 18:00:00+00:00,142.845,142.881,142.637,142.7,8640
2025-04-28 19:00:00+00:00,142.699,142.706,142.269,142.331,6488
2025-04-28 20:00:00+00:00,142.329,142.366,142.121,142.354,5454
2025-04-28 21:00:00+00:00,142.357,142.385,142.111,142.124,4915
2025-04-28 22:00:00+00:00,142.124,142.157,142.034,142.059,4217
2025-04-28 23:00:00+00:00,142.058,142.094,141.958,141.967,1847
2025-04-29 00:00:00+00:00,141.971,142.076,141.913,142.046,359
2025-04-29 01:00:00+00:00,142.049,142.221,142.005,142.217,1974
2025-04-29 02:00:00+00:00,142.213,142.314,142.076,142.178,3241
2025-04-29 03:00:00+00:00,142.178,142.28,142.063,142.237,6318
2025-04-29 04:00:00+00:00,142.239,142.432,142.134,142.408,4869
2025-04-29 05:00:00+00:00,142.409,142.421,142.121,142.378,5249
2025-04-29 06:00:00+00:00,142.377,142.488,142.312,142.425,3835
2025-04-29 07:00:00+00:00,142.425,142.574,142.403,142.519,3563
2025-04-29 08:00:00+00:00,142.519,142.547,142.381,142.446,4177
2025-04-29 09:00:00+00:00,142.445,142.553,142.296,142.468,6081
2025-04-29 10:00:00+00:00,142.47,142.528,142.341,142.382,8111
2025-04-29 11:00:00+00:00,142.383,142.61,142.32,142.589,6094
2025-04-29 12:00:00+00:00,142.591,142.752,142.525,142.738,4837
2025-04-29 13:00:00+00:00,142.738,142.752,142.643,142.654,4735
2025-04-29 14:00:00+00:00,142.654,142.752,142.584,142.735,5320
2025-04-29 15:00:00+00:00,142.73,142.752,142.247,142.305,7327
2025-04-29 16:00:00+00:00,142.306,142.361,142.044,142.192,10532
2025-04-29 17:00:00+00:00,142.189,142.391,142.005,142.364,12216
2025-04-29 18:00:00+00:00,142.364,142.37,142.123,142.294,8977
2025-04-29 19:00:00+00:00,142.293,142.301,141.964,142.044,7561
2025-04-29 20:00:00+00:00,142.044,142.299,142.006,142.284,5882
2025-04-29 21:00:00+00:00,142.287,142.377,142.244,142.278,4612
2025-04-29 22:00:00+00:00,142.279,142.379,142.198,142.314,4715
2025-04-29 23:00:00+00:00,142.314,142.442,142.234,142.234,2322
2025-04-30 00:00:00+00:00,142.216,142.259,142.141,142.242,610
2025-04-30 01:00:00+00:00,142.242,142.367,142.186,142.26,2372
2025-04-30 02:00:00+00:00,142.251,142.32,142.158,142.255,2824
2025-04-30 03:00:00+00:00,142.253,142.506,142.165,142.426,7232
2025-04-30 04:00:00+00:00,142.424,142.458,142.225,142.44,5528
2025-04-30 05:00:00+00:00,142.441,142.545,142.359,142.457,4741
2025-04-30 06:00:00+00:00,142.455,142.527,142.322,142.51,4242
2025-04-30 07:00:00+00:00,142.511,142.553,142.413,142.515,3172
2025-04-30 08:00:00+00:00,142.516,142.545,142.447,142.495,3013
2025-04-30 09:00:00+00:00,142.496,142.713,142.488,142.575,5387
2025-04-30 10:00:00+00:00,142.575,142.884,142.573,142.799,6014
2025-04-30 11:00:00+00:00,142.804,142.945,142.716,142.902,5080
2025-04-30 12:00:00+00:00,142.903,143.146,142.868,143.103,4105
2025-04-30 13:00:00+00:00,143.103,143.105,143.0,143.067,3759
2025-04-30 14:00:00+00:00,143.069,143.134,142.899,143.012,5104
2025-04-30 15:00:00+00:00,143.01,143.047,142.681,142.812,11076
2025-04-30 16:00:00+00:00,142.812,142.908,142.635,142.653,11396
2025-04-30 17:00:00+00:00,142.654,143.039,142.577,142.634,13075
2025-04-30 18:00:00+00:00,142.633,142.938,142.496,142.625,11638
2025-04-30 19:00:00+00:00,142.624,142.758,142.588,142.674,7327
2025-04-30 20:00:00+00:00,142.675,142.844,142.596,142.832,5262
2025-04-30 21:00:00+00:00,142.831,143.005,142.761,142.771,6691
2025-04-30 22:00:00+00:00,142.772,142.975,142.713,142.904,5609
2025-04-30 23:00:00+00:00,142.905,143.183,142.895,142.951,4966
2025-05-01 00:00:00+00:00,142.955,143.008,142.892,142.943,464
2025-05-01 01:00:00+00:00,142.945,143.071,142.941,143.011,2365
2025-05-01 02:00:00+00:00,143.009,143.074,142.953,143.014,3272
2025-05-01 03:00:00+00:00,143.011,143.033,142.872,143.001,5776
2025-05-01 04:00:00+00:00,143.0,143.238,142.989,143.197,3896
2025-05-01 05:00:00+00:00,143.196,143.208,143.056,143.077,2378
2025-05-01 06:00:00+00:00,143.067,143.749,142.953,143.684,5702
2025-05-01 07:00:00+00:00,143.684,143.895,143.684,143.874,3844
2025-05-01 08:00:00+00:00,143.872,144.248,143.865,144.045,5385
2025-05-01 09:00:00+00:00,144.048,144.588,144.0,144.583,7336
2025-05-01 10:00:00+00:00,144.584,144.736,144.301,144.363,7436
2025-05-01 11:00:00+00:00,144.36,144.391,144.148,144.214,5259
2025-05-01 12:00:00+00:00,144.214,144.427,144.119,144.388,4033
2025-05-01 13:00:00+00:00,144.387,144.42,144.242,144.272,3559
2025-05-01 14:00:00+00:00,144.272,144.55,144.15,144.474,5213
2025-05-01 15:00:00+00:00,144.473,144.764,144.145,144.702,9042
2025-05-01 16:00:00+00:00,144.706,144.796,144.516,144.516,9890
2025-05-01 17:00:00+00:00,144.561,145.494,144.553,145.344,12668
2025-05-01 18:00:00+00:00,145.344,145.652,145.224,145.468,8256
2025-05-01 19:00:00+00:00,145.468,145.534,145.348,145.386,5855
2025-05-01 20:00:00+00:00,145.387,145.572,145.356,145.525,5008
2025-05-01 21:00:00+00:00,145.529,145.732,145.517,145.677,5915
2025-05-01 22:00:00+00:00,145.676,145.702,145.498,145.533,3749
2025-05-01 23:00:00+00:00,145.526,145.552,145.321,145.332,2985
2025-05-02 00:00:00+00:00,145.379,145.414,145.216,145.225,302
2025-05-02 01:00:00+00:00,145.242,145.396,145.239,145.33,1315
2025-05-02 02:00:00+00:00,145.329,145.606,145.329,145.406,2760
2025-05-02 03:00:00+00:00,145.406,145.922,145.317,145.867,9057
2025-05-02 04:00:00+00:00,145.868,145.87,145.422,145.433,7442
2025-05-02 05:00:00+00:00,145.432,145.503,145.294,145.459,5220
2025-05-02 06:00:00+00:00,145.457,145.471,145.138,145.218,4033
2025-05-02 07:00:00+00:00,145.217,145.42,145.209,145.384,4945
2025-05-02 08:00:00+00:00,145.382,145.411,145.177,145.244,5863
2025-05-02 09:00:00+00:00,145.245,145.293,145.038,145.195,7051
2025-05-02 10:00:00+00:00,145.191,145.268,145.037,145.119,7446
2025-05-02 11:00:00+00:00,145.12,145.204,144.816,144.822,6665
2025-05-02 12:00:00+00:00,144.821,144.897,144.431,144.569,7374
2025-05-02 13:00:00+00:00,144.569,144.811,144.54,144.662,5782
2025-05-02 14:00:00+00:00,144.661,144.709,144.357,144.554,6872
2025-05-02 15:00:00+00:00,144.555,144.953,144.329,144.637,13383
2025-05-02 16:00:00+00:00,144.641,144.641,143.723,143.856,15831
2025-05-02 17:00:00+00:00,143.857,144.155,143.722,144.005,13909
2025-05-02 18:00:00+00:00,144.004,144.628,144.003,144.518,11246
2025-05-02 19:00:00+00:00,144.518,144.788,144.486,144.669,9965
2025-05-02 20:00:00+00:00,144.668,144.775,144.57,144.717,7047
2025-05-02 21:00:00+00:00,144.717,145.08,144.668,145.02,5752
2025-05-02 22:00:00+00:00,145.017,145.072,144.88,144.977,5260
2025-05-02 23:00:00+00:00,144.986,145.058,144.842,144.886,2329
2025-05-05 00:00:00+00:00,144.66,144.833,144.657,144.819,384
2025-05-05 01:00:00+00:00,144.819,144.984,144.66,144.747,2864
2025-05-05 02:00:00+00:00,144.746,144.855,144.504,144.646,4359
2025-05-05 03:00:00+00:00,144.646,144.795,144.605,144.633,5028
2025-05-05 04:00:00+00:00,144.632,144.632,144.104,144.228,6613
2025-05-05 05:00:00+00:00,144.225,144.311,144.06,144.165,4726
2025-05-05 06:00:00+00:00,144.165,144.345,144.151,144.287,3122
2025-05-05 07:00:00+00:00,144.288,144.289,144.09,144.145,3962
2025-05-05 08:00:00+00:00,144.144,144.229,143.963,144.174,5071
2025-05-05 09:00:00+00:00,144.176,144.414,144.169,144.321,5789
2025-05-05 10:00:00+00:00,144.318,144.419,144.19,144.356,5182
2025-05-05 11:00:00+00:00,144.357,144.364,143.889,144.047,6422
2025-05-05 12:00:00+00:00,144.045,144.065,143.811,143.859,5424
2025-05-05 13:00:00+00:00,143.856,143.997,143.799,143.952,5138
2025-05-05 14:00:00+00:00,143.952,143.97,143.74,143.846,5472
2025-05-05 15:00:00+00:00,143.846,143.887,143.569,143.63,6900
2025-05-05 16:00:00+00:00,143.629,143.731,143.533,143.639,8248
2025-05-05 17:00:00+00:00,143.624,144.006,143.624,143.769,12625
2025-05-05 18:00:00+00:00,143.768,144.004,143.584,143.977,7067
2025-05-05 19:00:00+00:00,143.976,144.23,143.945,144.166,4833
2025-05-05 20:00:00+00:00,144.162,144.167,144.028,144.091,3398
2025-05-05 21:00:00+00:00,144.09,144.131,143.888,143.914,3314
2025-05-05 22:00:00+00:00,143.913,143.921,143.692,143.759,4969
2025-05-05 23:00:00+00:00,143.757,143.787,143.65,143.68,2507
2025-05-06 00:00:00+00:00,143.673,143.746,143.623,143.677,1330
2025-05-06 01:00:00+00:00,143.677,143.752,143.622,143.735,1241
2025-05-06 02:00:00+00:00,143.734,143.8,143.55,143.702,2642
2025-05-06 03:00:00+00:00,143.7,144.016,143.688,143.996,5258
2025-05-06 04:00:00+00:00,143.997,144.274,143.937,144.042,6180
2025-05-06 05:00:00+00:00,144.042,144.057,143.646,143.814,5321
2025-05-06 06:00:00+00:00,143.814,143.858,143.727,143.783,4424
2025-05-06 07:00:00+00:00,143.784,143.801,143.617,143.709,4512
2025-05-06 08:00:00+00:00,143.707,143.83,143.691,143.791,4128
2025-05-06 09:00:00+00:00,143.784,143.925,143.636,143.69,6127
2025-05-06 10:00:00+00:00,143.689,143.724,143.197,143.325,8707
2025-05-06 11:00:00+00:00,143.324,143.353,142.899,143.126,8818
2025-05-06 12:00:00+00:00,143.127,143.346,143.062,143.294,5896
2025-05-06 13:00:00+00:00,143.299,143.318,143.04,143.055,5562
2025-05-06 14:00:00+00:00,143.054,143.124,142.74,142.775,6201
2025-05-06 15:00:00+00:00,142.769,142.961,142.483,142.508,7497
2025-05-06 16:00:00+00:00,142.511,142.75,142.347,142.461,9142
2025-05-06 17:00:00+00:00,142.462,142.89,142.402,142.851,9651
2025-05-06 18:00:00+00:00,142.85,142.942,142.738,142.764,7742
2025-05-06 19:00:00+00:00,142.764,143.031,142.657,142.725,7639
2025-05-06 20:00:00+00:00,142.726,142.733,142.505,142.505,5651
2025-05-06 21:00:00+00:00,142.507,142.639,142.426,142.438,4934
2025-05-06 22:00:00+00:00,142.441,142.471,142.353,142.395,3924
2025-05-06 23:00:00+00:00,142.396,142.497,142.364,142.373,2800
2025-05-07 00:00:00+00:00,142.374,142.457,142.357,142.398,126
2025-05-07 01:00:00+00:00,142.398,143.286,142.398,143.234,5570
2025-05-07 02:00:00+00:00,143.233,143.3,142.994,143.085,5103
2025-05-07 03:00:00+00:00,143.083,143.301,142.835,142.942,9528
2025-05-07 04:00:00+00:00,142.942,143.169,142.741,142.953,8661
2025-05-07 05:00:00+00:00,142.954,143.19,142.954,143.117,6877
2025-05-07 06:00:00+00:00,143.12,143.21,143.052,143.101,4556
2025-05-07 07:00:00+00:00,143.1,143.323,143.038,143.275,4251
2025-05-07 08:00:00+00:00,143.276,143.301,142.997,143.053,5141
2025-05-07 09:00:00+00:00,143.049,143.091,142.822,142.859,5946
2025-05-07 10:00:00+00:00,142.859,143.271,142.859,143.169,7109
2025-05-07 11:00:00+00:00,143.167,143.439,143.167,143.316,6430
2025-05-07 12:00:00+00:00,143.317,143.451,143.254,143.314,5883
2025-05-07 13:00:00+00:00,143.314,143.321,143.15,143.245,4971
2025-05-07 14:00:00+00:00,143.243,143.413,143.187,143.388,4319
2025-05-07 15:00:00+00:00,143.388,143.447,143.269,143.351,6992
2025-05-07 16:00:00+00:00,143.352,143.357,143.113,143.209,8438
2025-05-07 17:00:00+00:00,143.209,143.389,143.135,143.299,8190
2025-05-07 18:00:00+00:00,143.3,143.472,143.204,143.472,7882
2025-05-07 19:00:00+00:00,143.472,143.582,143.396,143.41,5327
2025-05-07 20:00:00+00:00,143.409,143.539,143.253,143.254,5250
2025-05-07 21:00:00+00:00,143.237,143.78,142.897,143.509,13645
2025-05-07 22:00:00+00:00,143.516,143.972,143.461,143.806,14319
2025-05-07 23:00:00+00:00,143.806,143.995,143.77,143.805,3806
2025-05-08 00:00:00+00:00,143.801,143.801,143.659,143.759,626
2025-05-08 01:00:00+00:00,143.753,143.909,143.745,143.872,1813
2025-05-08 02:00:00+00:00,143.879,143.88,143.728,143.855,2650
2025-05-08 03:00:00+00:00,143.855,143.95,143.561,143.848,7476
2025-05-08 04:00:00+00:00,143.847,143.895,143.439,143.504,9158
2025-05-08 05:00:00+00:00,143.502,143.676,143.462,143.668,6412
2025-05-08 06:00:00+00:00,143.668,143.672,143.525,143.596,4394
2025-05-08 07:00:00+00:00,143.593,143.783,143.542,143.772,3796
2025-05-08 08:00:00+00:00,143.776,144.067,143.772,143.924,6815
2025-05-08 09:00:00+00:00,143.924,144.428,143.844,144.408,7861
2025-05-08 10:00:00+00:00,144.406,144.514,144.307,144.319,7631
2025-05-08 11:00:00+00:00,144.318,144.842,144.251,144.805,7530
2025-05-08 12:00:00+00:00,144.806,144.948,144.736,144.789,6734
2025-05-08 13:00:00+00:00,144.792,145.001,144.653,144.778,5644
2025-05-08 14:00:00+00:00,144.776,144.809,144.595,144.638,7550
2025-05-08 15:00:00+00:00,144.643,144.861,144.504,144.676,10393
2025-05-08 16:00:00+00:00,144.677,144.677,144.425,144.535,11267
2025-05-08 17:00:00+00:00,144.536,145.114,144.426,145.004,11708
2025-05-08 18:00:00+00:00,145.003,145.59,144.896,145.457,14466
2025-05-08 19:00:00+00:00,145.46,145.784,145.448,145.719,8174
2025-05-08 20:00:00+00:00,145.718,145.943,145.611,145.706,6255
2025-05-08 21:00:00+00:00,145.706,145.924,145.671,145.876,4828
2025-05-08 22:00:00+00:00,145.876,146.17,145.814,145.912,6353
2025-05-08 23:00:00+00:00,145.914,145.961,145.802,145.898,2601
2025-05-09 00:00:00+00:00,145.889,145.931,145.769,145.902,1785
2025-05-09 01:00:00+00:00,145.908,145.925,145.76,145.816,1612
2025-05-09 02:00:00+00:00,145.818,146.061,145.797,145.945,3025
2025-05-09 03:00:00+00:00,145.943,146.184,145.667,145.694,8239
2025-05-09 04:00:00+00:00,145.697,145.831,145.616,145.748,6837
2025-05-09 05:00:00+00:00,145.747,145.966,145.643,145.663,6092
2025-05-09 06:00:00+00:00,145.664,145.708,145.457,145.655,5584
2025-05-09 07:00:00+00:00,145.655,145.657,145.445,145.493,4476
2025-05-09 08:00:00+00:00,145.492,145.627,145.403,145.424,5011
2025-05-09 09:00:00+00:00,145.424,145.454,145.233,145.285,5883
2025-05-09 10:00:00+00:00,145.286,145.411,145.128,145.165,7821
2025-05-09 11:00:00+00:00,145.167,145.327,145.067,145.18,5425
2025-05-09 12:00:00+00:00,145.183,145.319,145.089,145.309,4204
2025-05-09 13:00:00+00:00,145.31,145.403,145.213,145.286,4468
2025-05-09 14:00:00+00:00,145.285,145.324,144.923,145.124,6990
2025-05-09 15:00:00+00:00,145.124,145.353,145.096,145.245,5143
2025-05-09 16:00:00+00:00,145.244,145.295,145.017,145.151,7109
2025-05-09 17:00:00+00:00,145.151,145.266,144.818,144.996,9248
2025-05-09 18:00:00+00:00,144.999,145.198,144.993,145.145,8514
2025-05-09 19:00:00+00:00,145.144,145.29,145.05,145.274,5543
2025-05-09 20:00:00+00:00,145.274,145.348,145.196,145.229,4722
2025-05-09 21:00:00+00:00,145.229,145.304,145.141,145.257,3656
2025-05-09 22:00:00+00:00,145.257,145.368,145.246,145.294,2886
2025-05-09 23:00:00+00:00,145.293,145.374,145.286,145.34,1695
2025-05-12 00:00:00+00:00,146.217,146.231,146.028,146.138,357
2025-05-12 01:00:00+00:00,146.138,146.174,145.758,145.827,3728
2025-05-12 02:00:00+00:00,145.828,145.912,145.696,145.835,4508
2025-05-12 03:00:00+00:00,145.83,146.08,145.728,145.904,7850
2025-05-12 04:00:00+00:00,145.903,146.279,145.842,146.086,8187
2025-05-12 05:00:00+00:00,146.084,146.1,145.715,145.848,5708
2025-05-12 06:00:00+00:00,145.849,145.914,145.723,145.725,4597
2025-05-12 07:00:00+00:00,145.722,145.935,145.71,145.918,3711
2025-05-12 08:00:00+00:00,145.919,146.124,145.885,146.005,4871
2025-05-12 09:00:00+00:00,146.008,146.163,145.868,146.111,6636
2025-05-12 10:00:00+00:00,146.113,147.993,146.09,147.91,17634
2025-05-12 11:00:00+00:00,147.909,148.223,147.618,147.751,13212
2025-05-12 12:00:00+00:00,147.752,148.142,147.659,148.066,9040
2025-05-12 13:00:00+00:00,148.067,148.589,148.039,148.395,9289
2025-05-12 14:00:00+00:00,148.397,148.407,147.859,147.87,10498
2025-05-12 15:00:00+00:00,147.871,148.241,147.871,148.045,9100
2025-05-12 16:00:00+00:00,148.046,148.141,147.807,148.084,13647
2025-05-12 17:00:00+00:00,148.082,148.326,147.963,148.191,14781
2025-05-12 18:00:00+00:00,148.192,148.216,148.023,148.095,10795
2025-05-12 19:00:00+00:00,148.096,148.552,148.04,148.509,6804
2025-05-12 20:00:00+00:00,148.506,148.63,148.469,148.494,5931
2025-05-12 21:00:00+00:00,148.496,148.644,148.273,148.33,5673
2025-05-12 22:00:00+00:00,148.332,148.435,148.264,148.379,4841
2025-05-12 23:00:00+00:00,148.379,148.475,148.356,148.446,2309
2025-05-13 00:00:00+00:00,148.442,148.457,148.271,148.342,718
2025-05-13 01:00:00+00:00,148.343,148.431,148.327,148.357,1658
2025-05-13 02:00:00+00:00,148.357,148.452,148.189,148.253,3372
2025-05-13 03:00:00+00:00,148.249,148.25,147.788,147.811,7952
2025-05-13 04:00:00+00:00,147.81,148.03,147.753,147.831,7649
2025-05-13 05:00:00+00:00,147.832,147.987,147.759,147.953,4653
2025-05-13 06:00:00+00:00,147.955,147.988,147.721,147.75,3835
2025-05-13 07:00:00+00:00,147.752,147.913,147.693,147.697,4376
2025-05-13 08:00:00+00:00,147.693,147.905,147.636,147.814,5057
2025-05-13 09:00:00+00:00,147.814,147.982,147.778,147.938,6707
2025-05-13 10:00:00+00:00,147.939,148.05,147.758,147.845,9608
2025-05-13 11:00:00+00:00,147.843,148.057,147.724,147.915,7724
2025-05-13 12:00:00+00:00,147.915,148.023,147.857,147.972,5211
2025-05-13 13:00:00+00:00,147.973,148.134,147.937,148.052,5675
2025-05-13 14:00:00+00:00,148.052,148.135,148.017,148.111,4168
2025-05-13 15:00:00+00:00,148.112,148.273,147.84,147.983,10805
2025-05-13 16:00:00+00:00,147.984,148.009,147.652,147.879,12227
2025-05-13 17:00:00+00:00,147.875,148.058,147.804,147.837,12653
2025-05-13 18:00:00+00:00,147.835,147.907,147.693,147.751,9646
2025-05-13 19:00:00+00:00,147.752,147.8,147.449,147.603,6485
2025-05-13 20:00:00+00:00,147.605,147.769,147.556,147.606,5143
2025-05-13 21:00:00+00:00,147.607,147.658,147.453,147.498,5397
2025-05-13 22:00:00+00:00,147.496,147.557,147.369,147.425,4437
2025-05-13 23:00:00+00:00,147.427,147.482,147.373,147.468,1633
2025-05-14 00:00:00+00:00,147.464,147.464,147.397,147.429,493
2025-05-14 01:00:00+00:00,147.43,147.455,147.299,147.344,1133
2025-05-14 02:00:00+00:00,147.339,147.541,147.332,147.518,2857
2025-05-14 03:00:00+00:00,147.518,147.666,147.276,147.362,6670
2025-05-14 04:00:00+00:00,147.358,147.41,146.996,147.2,7444
2025-05-14 05:00:00+00:00,147.201,147.298,147.112,147.191,5508
2025-05-14 06:00:00+00:00,147.188,147.236,147.041,147.084,4714
2025-05-14 07:00:00+00:00,147.084,147.158,146.871,146.939,4761
2025-05-14 08:00:00+00:00,146.939,147.066,146.838,147.063,4972
2025-05-14 09:00:00+00:00,147.063,147.21,146.954,147.15,6914
2025-05-14 10:00:00+00:00,147.147,147.21,146.919,146.972,8455
2025-05-14 11:00:00+00:00,146.973,146.983,146.12,146.245,11937
2025-05-14 12:00:00+00:00,146.245,146.35,145.6,145.879,10807
2025-05-14 13:00:00+00:00,145.878,146.073,145.783,145.92,6620
2025-05-14 14:00:00+00:00,145.92,146.201,145.914,146.174,6376
2025-05-14 15:00:00+00:00,146.174,146.393,146.0,146.188,8457
2025-05-14 16:00:00+00:00,146.187,146.388,145.756,145.996,11564
2025-05-14 17:00:00+00:00,145.995,146.346,145.989,146.305,11732
2025-05-14 18:00:00+00:00,146.308,146.65,146.248,146.544,9669
2025-05-14 19:00:00+00:00,146.548,147.11,146.457,146.692,8197
2025-05-14 20:00:00+00:00,146.693,146.729,146.433,146.57,6439
2025-05-14 21:00:00+00:00,146.572,146.794,146.543,146.717,5246
2025-05-14 22:00:00+00:00,146.719,146.894,146.713,146.817,5385
2025-05-14 23:00:00+00:00,146.817,146.89,146.728,146.739,2180
2025-05-15 00:00:00+00:00,146.731,146.731,146.591,146.602,743
2025-05-15 01:00:00+00:00,146.595,146.684,146.559,146.606,1576
2025-05-15 02:00:00+00:00,146.605,146.657,146.422,146.633,3090
2025-05-15 03:00:00+00:00,146.637,146.75,146.163,146.209,6852
2025-05-15 04:00:00+00:00,146.21,146.329,146.067,146.277,7332
2025-05-15 05:00:00+00:00,146.273,146.375,146.19,146.222,5221
2025-05-15 06:00:00+00:00,146.223,146.278,145.944,146.086,5024
2025-05-15 07:00:00+00:00,146.087,146.166,145.975,146.09,4559
2025-05-15 08:00:00+00:00,146.089,146.139,145.925,145.973,6291
2025-05-15 09:00:00+00:00,145.974,146.084,145.477,145.535,7930
2025-05-15 10:00:00+00:00,145.531,145.938,145.524,145.88,7749
2025-05-15 11:00:00+00:00,145.879,145.986,145.634,145.745,6258
2025-05-15 12:00:00+00:00,145.746,145.947,145.725,145.932,5679
2025-05-15 13:00:00+00:00,145.931,145.976,145.825,145.972,5290
2025-05-15 14:00:00+00:00,145.968,146.098,145.9,146.079,6140
2025-05-15 15:00:00+00:00,146.075,146.247,145.619,145.793,9917
2025-05-15 16:00:00+00:00,145.796,145.922,145.567,145.792,12066
2025-05-15 17:00:00+00:00,145.792,146.037,145.408,145.857,12288
2025-05-15 18:00:00+00:00,145.859,145.915,145.602,145.609,9735
2025-05-15 19:00:00+00:00,145.614,145.712,145.527,145.614,5439
2025-05-15 20:00:00+00:00,145.615,145.765,145.555,145.748,4259
2025-05-15 21:00:00+00:00,145.75,145.751,145.609,145.684,3982
2025-05-15 22:00:00+00:00,145.684,145.724,145.539,145.616,3858
2025-05-15 23:00:00+00:00,145.614,145.686,145.567,145.649,2064
2025-05-16 00:00:00+00:00,145.644,145.668,145.539,145.565,646
2025-05-16 01:00:00+00:00,145.565,145.663,145.436,145.457,1594
2025-05-16 02:00:00+00:00,145.459,145.676,145.418,145.57,2861
2025-05-16 03:00:00+00:00,145.572,145.617,144.996,145.085,8175
2025-05-16 04:00:00+00:00,145.086,145.254,144.955,145.181,6262
2025-05-16 05:00:00+00:00,145.18,145.42,145.118,145.404,5087
2025-05-16 06:00:00+00:00,145.405,145.462,145.227,145.259,4135
2025-05-16 07:00:00+00:00,145.259,145.383,145.187,145.302,4188
2025-05-16 08:00:00+00:00,145.303,145.37,145.166,145.218,3955
2025-05-16 09:00:00+00:00,145.216,145.362,144.983,145.052,5731
2025-05-16 10:00:00+00:00,145.052,145.257,144.913,145.23,8088
2025-05-16 11:00:00+00:00,145.238,145.415,145.22,145.298,5784
2025-05-16 12:00:00+00:00,145.297,145.589,145.257,145.556,5664
2025-05-16 13:00:00+00:00,145.559,145.599,145.435,145.529,5237
2025-05-16 14:00:00+00:00,145.528,145.673,145.433,145.644,5689
2025-05-16 15:00:00+00:00,145.644,145.688,145.476,145.508,7127
2025-05-16 16:00:00+00:00,145.508,145.596,145.419,145.469,8117
2025-05-16 17:00:00+00:00,145.471,146.071,145.395,145.947,11325
2025-05-16 18:00:00+00:00,145.948,146.046,145.912,146.017,7274
2025-05-16 19:00:00+00:00,146.017,146.097,145.857,145.937,5134
2025-05-16 20:00:00+00:00,145.937,146.031,145.888,145.913,4184
2025-05-16 21:00:00+00:00,145.913,145.931,145.822,145.896,3763
2025-05-16 22:00:00+00:00,145.896,145.981,145.823,145.956,3444
2025-05-16 23:00:00+00:00,145.956,145.956,145.544,145.652,4072
2025-05-19 00:00:00+00:00,145.209,145.451,145.202,145.451,399
2025-05-19 01:00:00+00:00,145.451,145.454,144.998,145.152,4285
2025-05-19 02:00:00+00:00,145.154,145.446,145.124,145.233,4116
2025-05-19 03:00:00+00:00,145.233,145.333,144.835,144.902,10621
2025-05-19 04:00:00+00:00,144.9,145.181,144.799,145.13,8097
2025-05-19 05:00:00+00:00,145.129,145.302,145.048,145.22,6832
2025-05-19 06:00:00+00:00,145.219,145.289,145.112,145.237,5398
2025-05-19 07:00:00+00:00,145.238,145.341,145.215,145.306,4608
2025-05-19 08:00:00+00:00,145.311,145.312,145.145,145.165,5209
2025-05-19 09:00:00+00:00,145.165,145.213,144.977,144.989,7508
2025-05-19 10:00:00+00:00,144.989,145.092,144.658,144.846,10970
2025-05-19 11:00:00+00:00,144.845,145.022,144.825,144.879,7836
2025-05-19 12:00:00+00:00,144.879,144.967,144.748,144.822,7600
2025-05-19 13:00:00+00:00,144.82,144.877,144.697,144.794,7397
2025-05-19 14:00:00+00:00,144.795,145.039,144.77,144.892,7447
2025-05-19 15:00:00+00:00,144.892,145.02,144.856,145.015,8946
2025-05-19 16:00:00+00:00,145.016,145.125,144.853,144.978,12404
2025-05-19 17:00:00+00:00,144.978,145.213,144.824,144.894,11909
2025-05-19 18:00:00+00:00,144.894,145.013,144.778,144.982,9004
2025-05-19 19:00:00+00:00,144.982,145.086,144.949,144.98,5306
2025-05-19 20:00:00+00:00,144.975,145.108,144.921,145.036,4821
2025-05-19 21:00:00+00:00,145.035,145.086,144.949,144.97,3793
2025-05-19 22:00:00+00:00,144.971,144.983,144.796,144.847,3638
2025-05-19 23:00:00+00:00,144.846,144.886,144.767,144.837,2084
2025-05-20 00:00:00+00:00,144.822,144.886,144.783,144.829,464
2025-05-20 01:00:00+00:00,144.836,144.971,144.825,144.945,1391
2025-05-20 02:00:00+00:00,144.944,145.007,144.838,144.975,2478
2025-05-20 03:00:00+00:00,144.974,145.509,144.974,145.267,7826
2025-05-20 04:00:00+00:00,145.266,145.266,144.719,144.893,9076
2025-05-20 05:00:00+00:00,144.893,145.291,144.74,145.111,5608
2025-05-20 06:00:00+00:00,145.114,145.175,144.766,144.808,4836
2025-05-20 07:00:00+00:00,144.803,144.845,144.704,144.761,5782
2025-05-20 08:00:00+00:00,144.761,144.764,144.315,144.377,9245
2025-05-20 09:00:00+00:00,144.378,144.526,144.3,144.49,9024
2025-05-20 10:00:00+00:00,144.491,144.506,144.084,144.122,10424
2025-05-20 11:00:00+00:00,144.12,144.481,144.118,144.478,8429
2025-05-20 12:00:00+00:00,144.478,144.613,144.365,144.476,7142
2025-05-20 13:00:00+00:00,144.477,144.62,144.448,144.588,5924
2025-05-20 14:00:00+00:00,144.587,144.669,144.452,144.588,6555
2025-05-20 15:00:00+00:00,144.589,144.832,144.548,144.804,8356
2025-05-20 16:00:00+00:00,144.805,144.968,144.796,144.847,11855
2025-05-20 17:00:00+00:00,144.847,144.854,144.51,144.56,11753
2025-05-20 18:00:00+00:00,144.558,144.768,144.548,144.712,7760
2025-05-20 19:00:00+00:00,144.714,144.883,144.614,144.806,4726
2025-05-20 20:00:00+00:00,144.808,144.881,144.626,144.635,4523
2025-05-20 21:00:00+00:00,144.635,144.693,144.498,144.542,5723
2025-05-20 22:00:00+00:00,144.542,144.548,144.424,144.542,3856
2025-05-20 23:00:00+00:00,144.542,144.567,144.448,144.488,2785
2025-05-21 00:00:00+00:00,144.484,144.556,144.416,144.452,246
2025-05-21 01:00:00+00:00,144.452,144.473,144.153,144.416,3438
2025-05-21 02:00:00+00:00,144.415,144.437,144.291,144.314,2801
2025-05-21 03:00:00+00:00,144.308,144.343,144.118,144.168,8685
2025-05-21 04:00:00+00:00,144.163,144.346,144.042,144.205,7500
2025-05-21 05:00:00+00:00,144.202,144.234,143.841,143.86,7298
2025-05-21 06:00:00+00:00,143.86,143.971,143.715,143.788,4873
2025-05-21 07:00:00+00:00,143.788,143.869,143.634,143.739,4560
2025-05-21 08:00:00+00:00,143.741,143.771,143.523,143.565,5465
2025-05-21 09:00:00+00:00,143.567,143.792,143.453,143.707,10684
2025-05-21 10:00:00+00:00,143.701,143.956,143.674,143.896,10970
2025-05-21 11:00:00+00:00,143.895,144.191,143.827,144.114,8814
2025-05-21 12:00:00+00:00,144.111,144.178,143.976,143.98,7128
2025-05-21 13:00:00+00:00,143.977,144.014,143.461,143.659,9451
2025-05-21 14:00:00+00:00,143.66,143.847,143.547,143.744,8526
2025-05-21 15:00:00+00:00,143.743,143.855,143.617,143.681,9742
2025-05-21 16:00:00+00:00,143.68,143.886,143.588,143.709,12207
2025-05-21 17:00:00+00:00,143.714,143.89,143.552,143.665,12221
2025-05-21 18:00:00+00:00,143.663,143.776,143.593,143.681,9700
2025-05-21 19:00:00+00:00,143.681,143.769,143.619,143.646,5097
2025-05-21 20:00:00+00:00,143.646,143.683,143.276,143.486,13364
2025-05-21 21:00:00+00:00,143.485,143.667,143.448,143.63,8841
2025-05-21 22:00:00+00:00,143.637,143.689,143.552,143.68,7182
2025-05-21 23:00:00+00:00,143.678,143.76,143.627,143.661,3081
2025-05-22 00:00:00+00:00,143.654,143.685,143.544,143.621,706
2025-05-22 01:00:00+00:00,143.617,144.391,143.614,144.09,4660
2025-05-22 02:00:00+00:00,144.089,144.152,143.643,143.689,4708
2025-05-22 03:00:00+00:00,143.685,143.723,143.277,143.464,11769
2025-05-22 04:00:00+00:00,143.465,143.633,143.191,143.347,9231
2025-05-22 05:00:00+00:00,143.348,143.464,143.139,143.186,6608
2025-05-22 06:00:00+00:00,143.184,143.356,143.174,143.314,4868
2025-05-22 07:00:00+00:00,143.314,143.388,143.248,143.295,4939
2025-05-22 08:00:00+00:00,143.296,143.434,143.236,143.363,5170
2025-05-22 09:00:00+00:00,143.362,143.388,143.096,143.325,8433
2025-05-22 10:00:00+00:00,143.325,143.389,142.996,143.048,10996
2025-05-22 11:00:00+00:00,143.047,143.382,142.795,143.272,10523
2025-05-22 12:00:00+00:00,143.272,143.547,143.253,143.475,7650
2025-05-22 13:00:00+00:00,143.475,143.693,143.402,143.649,7055
2025-05-22 14:00:00+00:00,143.646,143.774,143.329,143.358,9184
2025-05-22 15:00:00+00:00,143.358,143.695,143.266,143.551,11826
2025-05-22 16:00:00+00:00,143.55,143.898,143.424,143.876,13920
2025-05-22 17:00:00+00:00,143.877,143.962,143.673,143.751,15235
2025-05-22 18:00:00+00:00,143.754,144.045,143.75,143.893,12088
2025-05-22 19:00:00+00:00,143.89,144.11,143.857,144.015,8557
2025-05-22 20:00:00+00:00,144.014,144.327,143.995,144.217,6895
2025-05-22 21:00:00+00:00,144.217,144.265,144.086,144.144,4808
2025-05-22 22:00:00+00:00,144.142,144.147,143.918,143.993,4552
2025-05-22 23:00:00+00:00,143.993,144.019,143.894,144.0,2405
2025-05-23 00:00:00+00:00,143.991,144.065,143.911,143.996,267
2025-05-23 01:00:00+00:00,144.06,144.06,143.797,143.803,2607
2025-05-23 02:00:00+00:00,143.802,143.918,143.759,143.854,3098
2025-05-23 03:00:00+00:00,143.855,144.013,143.747,143.856,9073
2025-05-23 04:00:00+00:00,143.859,143.964,143.579,143.595,7852
2025-05-23 05:00:00+00:00,143.595,143.653,143.534,143.544,4281
2025-05-23 06:00:00+00:00,143.542,143.545,143.408,143.428,4297
2025-05-23 07:00:00+00:00,143.43,143.482,143.353,143.463,4402
2025-05-23 08:00:00+00:00,143.459,143.58,143.403,143.424,4171
2025-05-23 09:00:00+00:00,143.432,143.56,143.327,143.43,7246
2025-05-23 10:00:00+00:00,143.427,143.467,143.228,143.303,7826
2025-05-23 11:00:00+00:00,143.302,143.417,143.275,143.306,6468
2025-05-23 12:00:00+00:00,143.305,143.334,143.139,143.304,6391
2025-05-23 13:00:00+00:00,143.303,143.391,143.268,143.365,6204
2025-05-23 14:00:00+00:00,143.364,143.427,142.503,142.621,15107
2025-05-23 15:00:00+00:00,142.621,142.825,142.445,142.601,18109
2025-05-23 16:00:00+00:00,142.602,142.894,142.524,142.802,15168
2025-05-23 17:00:00+00:00,142.801,142.879,142.515,142.656,14056
2025-05-23 18:00:00+00:00,142.657,142.832,142.538,142.608,11710
2025-05-23 19:00:00+00:00,142.607,142.782,142.605,142.64,8240
2025-05-23 20:00:00+00:00,142.639,142.73,142.522,142.59,5916
2025-05-23 21:00:00+00:00,142.589,142.619,142.415,142.518,6323
2025-05-23 22:00:00+00:00,142.517,142.552,142.455,142.496,5349
2025-05-23 23:00:00+00:00,142.497,142.577,142.479,142.55,2368
2025-05-26 00:00:00+00:00,142.415,142.551,142.414,142.463,500
2025-05-26 01:00:00+00:00,142.459,143.08,142.446,142.777,5697
2025-05-26 02:00:00+00:00,142.776,142.933,142.746,142.822,3785
2025-05-26 03:00:00+00:00,142.814,142.875,142.53,142.562,8700
2025-05-26 04:00:00+00:00,142.561,142.682,142.294,142.367,7826
2025-05-26 05:00:00+00:00,142.367,142.393,142.22,142.335,6103
2025-05-26 06:00:00+00:00,142.339,142.562,142.331,142.452,5055
2025-05-26 07:00:00+00:00,142.453,142.663,142.451,142.558,4474
2025-05-26 08:00:00+00:00,142.558,142.749,142.47,142.512,5752
2025-05-26 09:00:00+00:00,142.512,142.803,142.495,142.747,7245
2025-05-26 10:00:00+00:00,142.746,142.913,142.698,142.894,7392
2025-05-26 11:00:00+00:00,142.891,142.919,142.75,142.889,4917
2025-05-26 12:00:00+00:00,142.885,142.984,142.855,142.87,4043
2025-05-26 13:00:00+00:00,142.87,142.95,142.824,142.856,3158
2025-05-26 14:00:00+00:00,142.855,142.968,142.816,142.93,3343
2025-05-26 15:00:00+00:00,142.929,143.029,142.863,142.973,4115
2025-05-26 16:00:00+00:00,142.974,142.987,142.819,142.832,4638
2025-05-26 17:00:00+00:00,142.831,142.857,142.743,142.777,4512
2025-05-26 18:00:00+00:00,142.777,142.856,142.758,142.846,2592
2025-05-26 19:00:00+00:00,142.846,142.872,142.723,142.725,1659
2025-05-26 20:00:00+00:00,142.724,142.788,142.707,142.763,979
2025-05-26 21:00:00+00:00,142.766,142.768,142.747,142.758,566
2025-05-26 22:00:00+00:00,142.757,142.776,142.736,142.772,295
2025-05-26 23:00:00+00:00,142.769,142.843,142.757,142.829,695
2025-05-27 00:00:00+00:00,142.832,142.886,142.708,142.723,389
2025-05-27 01:00:00+00:00,142.724,142.761,142.634,142.677,1530
2025-05-27 02:00:00+00:00,142.677,142.746,142.611,142.627,2599
2025-05-27 03:00:00+00:00,142.624,142.624,142.241,142.274,7653
2025-05-27 04:00:00+00:00,142.275,142.381,142.108,142.283,6593
2025-05-27 05:00:00+00:00,142.283,142.403,142.157,142.38,4969
2025-05-27 06:00:00+00:00,142.38,142.456,142.348,142.437,4165
2025-05-27 07:00:00+00:00,142.437,142.856,142.377,142.85,5252
2025-05-27 08:00:00+00:00,142.85,143.435,142.85,143.253,8973
2025-05-27 09:00:00+00:00,143.253,143.488,142.973,143.462,9531
2025-05-27 10:00:00+00:00,143.463,143.861,143.324,143.736,10993
2025-05-27 11:00:00+00:00,143.735,143.883,143.612,143.862,8247
2025-05-27 12:00:00+00:00,143.867,144.04,143.799,143.912,7833
2025-05-27 13:00:00+00:00,143.911,144.173,143.89,144.138,7095
2025-05-27 14:00:00+00:00,144.139,144.144,144.004,144.091,6515
2025-05-27 15:00:00+00:00,144.09,144.183,144.003,144.018,8985
2025-05-27 16:00:00+00:00,144.019,144.176,143.87,144.149,10847
2025-05-27 17:00:00+00:00,144.143,144.451,144.143,144.385,11949
2025-05-27 18:00:00+00:00,144.39,144.412,144.221,144.379,7897
2025-05-27 19:00:00+00:00,144.379,144.434,144.284,144.371,5210
2025-05-27 20:00:00+00:00,144.368,144.369,144.272,144.312,4395
2025-05-27 21:00:00+00:00,144.312,144.338,144.24,144.253,3223
2025-05-27 22:00:00+00:00,144.253,144.334,144.235,144.32,3931
2025-05-27 23:00:00+00:00,144.32,144.408,144.299,144.315,2403
2025-05-28 00:00:00+00:00,144.311,144.349,144.226,144.243,223
2025-05-28 01:00:00+00:00,144.243,144.289,144.166,144.173,1467
2025-05-28 02:00:00+00:00,144.177,144.307,144.127,144.133,2760
2025-05-28 03:00:00+00:00,144.133,144.133,143.845,144.121,7418
2025-05-28 04:00:00+00:00,144.122,144.76,144.082,144.337,9645
2025-05-28 05:00:00+00:00,144.338,144.636,144.205,144.587,7980
2025-05-28 06:00:00+00:00,144.591,144.764,144.292,144.359,7182
2025-05-28 07:00:00+00:00,144.357,144.504,144.268,144.417,6362
2025-05-28 08:00:00+00:00,144.421,144.766,144.245,144.271,6927
2025-05-28 09:00:00+00:00,144.272,144.525,144.219,144.521,8710
2025-05-28 10:00:00+00:00,144.521,144.536,144.066,144.144,8559
2025-05-28 11:00:00+00:00,144.142,144.198,143.985,144.034,6749
2025-05-28 12:00:00+00:00,144.035,144.251,143.994,144.223,5985
2025-05-28 13:00:00+00:00,144.222,144.308,144.074,144.274,4823
2025-05-28 14:00:00+00:00,144.269,144.424,144.191,144.417,5458
2025-05-28 15:00:00+00:00,144.415,144.533,144.303,144.508,6503
2025-05-28 16:00:00+00:00,144.509,144.968,144.508,144.892,10994
2025-05-28 17:00:00+00:00,144.892,144.917,144.51,144.842,11420
2025-05-28 18:00:00+00:00,144.847,145.074,144.825,145.043,8037
2025-05-28 19:00:00+00:00,145.041,145.047,144.905,144.911,4664
2025-05-28 20:00:00+00:00,144.908,144.937,144.82,144.884,4355
2025-05-28 21:00:00+00:00,144.883,145.009,144.749,144.833,5163
2025-05-28 22:00:00+00:00,144.836,144.924,144.807,144.904,5333
2025-05-28 23:00:00+00:00,144.903,144.905,144.788,144.789,3895
2025-05-29 00:00:00+00:00,144.791,144.794,144.706,144.766,310
2025-05-29 01:00:00+00:00,144.787,144.932,144.769,144.893,2210
2025-05-29 02:00:00+00:00,144.892,146.024,144.883,145.716,11237
2025-05-29 03:00:00+00:00,145.722,146.098,145.602,146.092,13557
2025-05-29 04:00:00+00:00,146.093,146.281,145.729,145.773,9934
2025-05-29 05:00:00+00:00,145.774,145.901,145.594,145.783,6745
2025-05-29 06:00:00+00:00,145.783,145.813,145.612,145.736,5832
2025-05-29 07:00:00+00:00,145.737,145.845,145.661,145.74,4114
2025-05-29 08:00:00+00:00,145.741,146.089,145.695,145.933,5388
2025-05-29 09:00:00+00:00,145.932,146.013,145.471,145.577,9107
2025-05-29 10:00:00+00:00,145.578,145.608,145.197,145.252,9939
2025-05-29 11:00:00+00:00,145.252,145.356,145.134,145.263,8186
2025-05-29 12:00:00+00:00,145.262,145.282,145.021,145.216,6976
2025-05-29 13:00:00+00:00,145.218,145.23,144.924,145.014,7413
2025-05-29 14:00:00+00:00,145.014,145.11,144.874,145.078,7329
2025-05-29 15:00:00+00:00,145.079,145.079,144.406,144.428,13130
2025-05-29 16:00:00+00:00,144.426,144.537,144.263,144.361,11888
2025-05-29 17:00:00+00:00,144.358,144.458,144.146,144.397,12333
2025-05-29 18:00:00+00:00,144.396,144.412,144.047,144.094,9478
2025-05-29 19:00:00+00:00,144.094,144.17,144.041,144.141,7113
2025-05-29 20:00:00+00:00,144.141,144.254,143.974,144.046,5765
2025-05-29 21:00:00+00:00,144.046,144.068,143.955,143.999,5574
2025-05-29 22:00:00+00:00,144.0,144.142,143.973,144.138,5599
2025-05-29 23:00:00+00:00,144.133,144.239,144.098,144.163,2973
2025-05-30 00:00:00+00:00,144.164,144.211,144.105,144.107,377
2025-05-30 01:00:00+00:00,144.107,144.156,143.866,144.009,2351
2025-05-30 02:00:00+00:00,144.001,144.087,143.735,143.748,4022
2025-05-30 03:00:00+00:00,143.748,144.032,143.582,143.771,8623
2025-05-30 04:00:00+00:00,143.77,143.937,143.433,143.899,8615
2025-05-30 05:00:00+00:00,143.898,143.992,143.819,143.924,7211
2025-05-30 06:00:00+00:00,143.922,143.98,143.827,143.853,5764
2025-05-30 07:00:00+00:00,143.854,143.861,143.689,143.77,5060
2025-05-30 08:00:00+00:00,143.77,143.962,143.706,143.821,5230
2025-05-30 09:00:00+00:00,143.822,144.134,143.759,143.848,8429
2025-05-30 10:00:00+00:00,143.846,144.155,143.828,144.023,9952
2025-05-30 11:00:00+00:00,144.024,144.115,143.896,144.046,8628
2025-05-30 12:00:00+00:00,144.047,144.219,143.996,144.039,6651
2025-05-30 13:00:00+00:00,144.039,144.051,143.785,143.923,6187
2025-05-30 14:00:00+00:00,143.924,144.03,143.81,143.844,5622
2025-05-30 15:00:00+00:00,143.844,143.857,143.464,143.718,13130
2025-05-30 16:00:00+00:00,143.717,144.133,143.706,143.974,10758
2025-05-30 17:00:00+00:00,143.978,144.44,143.803,144.259,13367
2025-05-30 18:00:00+00:00,144.261,144.327,144.07,144.18,10353
2025-05-30 19:00:00+00:00,144.179,144.184,143.881,143.894,8922
2025-05-30 20:00:00+00:00,143.892,143.947,143.785,143.868,6540
2025-05-30 21:00:00+00:00,143.869,143.94,143.827,143.88,6248
2025-05-30 22:00:00+00:00,143.881,143.999,143.865,143.87,6293
2025-05-30 23:00:00+00:00,143.87,144.084,143.865,143.972,3505
2025-06-02 00:00:00+00:00,143.753,143.894,143.738,143.773,1303
2025-06-02 01:00:00+00:00,143.778,143.983,143.748,143.833,1715
2025-06-02 02:00:00+00:00,143.833,143.86,143.721,143.789,2605
2025-06-02 03:00:00+00:00,143.788,143.794,143.522,143.532,9137
2025-06-02 04:00:00+00:00,143.533,143.594,143.32,143.461,8869
2025-06-02 05:00:00+00:00,143.462,143.591,143.414,143.522,6523
2025-06-02 06:00:00+00:00,143.522,143.639,143.504,143.521,5918
2025-06-02 07:00:00+00:00,143.521,143.607,143.506,143.537,5001
2025-06-02 08:00:00+00:00,143.535,143.558,143.301,143.346,5699
2025-06-02 09:00:00+00:00,143.346,143.378,143.127,143.218,7220
2025-06-02 10:00:00+00:00,143.219,143.277,142.821,142.896,9081
2025-06-02 11:00:00+00:00,142.896,142.948,142.789,142.925,8297
2025-06-02 12:00:00+00:00,142.925,142.936,142.774,142.935,7387
2025-06-02 13:00:00+00:00,142.935,142.972,142.747,142.804,6743
2025-06-02 14:00:00+00:00,142.803,142.851,142.617,142.757,6181
2025-06-02 15:00:00+00:00,142.757,142.89,142.68,142.825,6596
2025-06-02 16:00:00+00:00,142.824,143.072,142.82,142.887,10309
2025-06-02 17:00:00+00:00,142.858,142.876,142.534,142.667,13826
2025-06-02 18:00:00+00:00,142.667,142.843,142.624,142.771,10445
2025-06-02 19:00:00+00:00,142.771,142.988,142.759,142.933,7478
2025-06-02 20:00:00+00:00,142.933,142.993,142.868,142.954,5943
2025-06-02 21:00:00+00:00,142.956,142.996,142.803,142.81,6737
2025-06-02 22:00:00+00:00,142.809,142.856,142.664,142.703,5856
2025-06-02 23:00:00+00:00,142.703,142.739,142.659,142.661,3456
2025-06-03 00:00:00+00:00,142.666,142.685,142.642,142.666,840
2025-06-03 01:00:00+00:00,142.665,142.697,142.52,142.532,1809
2025-06-03 02:00:00+00:00,142.532,142.588,142.373,142.42,3181
2025-06-03 03:00:00+00:00,142.422,142.783,142.418,142.703,8211
2025-06-03 04:00:00+00:00,142.701,143.222,142.7,143.122,8598
2025-06-03 05:00:00+00:00,143.122,143.247,143.008,143.094,5900
2025-06-03 06:00:00+00:00,143.095,143.265,143.017,143.154,5771
2025-06-03 07:00:00+00:00,143.155,143.217,142.901,142.94,4290
2025-06-03 08:00:00+00:00,142.941,143.125,142.866,142.948,4948
2025-06-03 09:00:00+00:00,142.948,143.094,142.844,142.881,6477
2025-06-03 10:00:00+00:00,142.881,142.971,142.602,142.823,8187
2025-06-03 11:00:00+00:00,142.824,142.899,142.671,142.796,6983
2025-06-03 12:00:00+00:00,142.795,142.932,142.767,142.852,6632
2025-06-03 13:00:00+00:00,142.852,143.074,142.831,143.05,6714
2025-06-03 14:00:00+00:00,143.051,143.157,143.04,143.078,6035
2025-06-03 15:00:00+00:00,143.078,143.443,143.045,143.416,6865
2025-06-03 16:00:00+00:00,143.415,143.615,143.323,143.514,10436
2025-06-03 17:00:00+00:00,143.515,143.937,143.514,143.766,12079
2025-06-03 18:00:00+00:00,143.768,143.985,143.714,143.94,8252
2025-06-03 19:00:00+00:00,143.938,144.106,143.871,143.975,5674
2025-06-03 20:00:00+00:00,143.975,144.026,143.834,143.841,4668
2025-06-03 21:00:00+00:00,143.844,143.94,143.835,143.908,4430
2025-06-03 22:00:00+00:00,143.907,144.105,143.896,144.07,4607
2025-06-03 23:00:00+00:00,144.07,144.072,143.869,143.869,2236
2025-06-04 00:00:00+00:00,143.886,144.012,143.807,143.93,827
2025-06-04 01:00:00+00:00,143.93,144.043,143.904,143.959,1415
2025-06-04 02:00:00+00:00,143.958,144.031,143.796,143.814,3026
2025-06-04 03:00:00+00:00,143.814,144.027,143.769,143.986,9269
2025-06-04 04:00:00+00:00,143.986,144.29,143.668,143.752,8975
2025-06-04 05:00:00+00:00,143.753,143.973,143.7,143.92,6148
2025-06-04 06:00:00+00:00,143.921,144.104,143.831,144.054,5370
2025-06-04 07:00:00+00:00,144.055,144.278,143.977,144.248,4721
2025-06-04 08:00:00+00:00,144.248,144.39,144.131,144.207,5329
2025-06-04 09:00:00+00:00,144.207,144.31,143.879,143.969,8006
2025-06-04 10:00:00+00:00,143.972,144.091,143.79,144.083,7967
2025-06-04 11:00:00+00:00,144.082,144.175,143.841,143.888,5818
2025-06-04 12:00:00+00:00,143.888,144.102,143.847,144.089,5149
2025-06-04 13:00:00+00:00,144.088,144.307,144.047,144.244,6087
2025-06-04 14:00:00+00:00,144.244,144.309,144.136,144.265,4730
2025-06-04 15:00:00+00:00,144.266,144.268,143.501,143.551,11251
2025-06-04 16:00:00+00:00,143.55,143.827,143.507,143.666,9438
2025-06-04 17:00:00+00:00,143.637,143.637,142.986,143.128,13414
2025-06-04 18:00:00+00:00,143.129,143.226,142.91,142.915,8755
2025-06-04 19:00:00+00:00,142.913,142.918,142.599,142.635,5915
2025-06-04 20:00:00+00:00,142.635,142.78,142.624,142.773,3990
2025-06-04 21:00:00+00:00,142.773,142.834,142.708,142.803,4042
2025-06-04 22:00:00+00:00,142.802,142.926,142.781,142.877,3171
2025-06-04 23:00:00+00:00,142.878,142.895,142.703,142.733,2403
2025-06-05 00:00:00+00:00,142.733,142.806,142.618,142.729,467
2025-06-05 01:00:00+00:00,142.726,142.825,142.724,142.761,1341
2025-06-05 02:00:00+00:00,142.762,142.826,142.525,142.721,3795
2025-06-05 03:00:00+00:00,142.723,142.846,142.606,142.661,9662
2025-06-05 04:00:00+00:00,142.66,142.968,142.565,142.917,8393
2025-06-05 05:00:00+00:00,142.917,142.968,142.809,142.886,6642
2025-06-05 06:00:00+00:00,142.885,143.024,142.699,142.99,6955
2025-06-05 07:00:00+00:00,142.989,143.069,142.895,143.026,5337
2025-06-05 08:00:00+00:00,143.026,143.17,143.002,143.148,5269
2025-06-05 09:00:00+00:00,143.148,143.236,143.025,143.225,6449
2025-06-05 10:00:00+00:00,143.225,143.39,143.067,143.343,6705
2025-06-05 11:00:00+00:00,143.344,143.396,143.246,143.274,6547
2025-06-05 12:00:00+00:00,143.274,143.296,143.109,143.213,6721
2025-06-05 13:00:00+00:00,143.215,143.22,143.024,143.128,5538
2025-06-05 14:00:00+00:00,143.127,143.321,143.058,143.264,5872
2025-06-05 15:00:00+00:00,143.265,143.676,142.772,143.361,13761
2025-06-05 16:00:00+00:00,143.361,143.525,142.893,143.02,18393
2025-06-05 17:00:00+00:00,143.018,143.539,143.017,143.452,17022
2025-06-05 18:00:00+00:00,143.45,143.972,143.447,143.857,11302
2025-06-05 19:00:00+00:00,143.861,143.97,143.516,143.524,9526
2025-06-05 20:00:00+00:00,143.523,143.851,143.511,143.678,6205
2025-06-05 21:00:00+00:00,143.677,143.752,143.566,143.625,6852
2025-06-05 22:00:00+00:00,143.627,143.76,143.467,143.685,9502
2025-06-05 23:00:00+00:00,143.685,143.776,143.439,143.439,5922
2025-06-06 00:00:00+00:00,143.416,143.66,143.389,143.484,338
2025-06-06 01:00:00+00:00,143.492,143.555,143.442,143.518,1850
2025-06-06 02:00:00+00:00,143.516,143.593,143.454,143.55,3268
2025-06-06 03:00:00+00:00,143.549,143.744,143.524,143.717,6997
2025-06-06 04:00:00+00:00,143.717,143.786,143.619,143.663,6519
2025-06-06 05:00:00+00:00,143.665,143.898,143.639,143.834,5780
2025-06-06 06:00:00+00:00,143.836,143.844,143.709,143.751,4467
2025-06-06 07:00:00+00:00,143.752,143.875,143.727,143.832,3736
2025-06-06 08:00:00+00:00,143.832,143.973,143.809,143.864,4317
2025-06-06 09:00:00+00:00,143.864,144.131,143.807,144.02,6434
2025-06-06 10:00:00+00:00,144.019,144.131,143.796,143.907,7277
2025-06-06 11:00:00+00:00,143.907,144.064,143.873,144.049,5711
2025-06-06 12:00:00+00:00,144.05,144.187,143.995,144.157,5610
2025-06-06 13:00:00+00:00,144.157,144.157,144.017,144.077,4646
2025-06-06 14:00:00+00:00,144.076,144.181,144.047,144.148,5906
2025-06-06 15:00:00+00:00,144.15,144.736,144.072,144.616,15085
2025-06-06 16:00:00+00:00,144.617,144.967,144.548,144.904,15467
2025-06-06 17:00:00+00:00,144.901,145.021,144.612,144.893,14055
2025-06-06 18:00:00+00:00,144.894,145.087,144.758,144.872,11494
2025-06-06 19:00:00+00:00,144.872,144.977,144.812,144.959,7492
2025-06-06 20:00:00+00:00,144.959,144.964,144.821,144.861,5385
2025-06-06 21:00:00+00:00,144.863,144.904,144.809,144.843,5119
2025-06-06 22:00:00+00:00,144.843,144.843,144.769,144.784,4988
2025-06-06 23:00:00+00:00,144.782,144.887,144.776,144.835,2341
2025-06-09 00:00:00+00:00,144.805,144.807,144.74,144.766,118
2025-06-09 01:00:00+00:00,144.766,144.777,144.643,144.689,2075
2025-06-09 02:00:00+00:00,144.694,144.74,144.597,144.686,2156
2025-06-09 03:00:00+00:00,144.686,144.942,144.574,144.931,5529
2025-06-09 04:00:00+00:00,144.93,144.938,144.47,144.542,4719
2025-06-09 05:00:00+00:00,144.543,144.567,144.341,144.495,5408
2025-06-09 06:00:00+00:00,144.495,144.506,144.346,144.492,3978
2025-06-09 07:00:00+00:00,144.493,144.494,144.344,144.375,2885
2025-06-09 08:00:00+00:00,144.376,144.496,144.344,144.411,3619
2025-06-09 09:00:00+00:00,144.414,144.463,144.195,144.206,4360
2025-06-09 10:00:00+00:00,144.205,144.313,144.101,144.142,5957
2025-06-09 11:00:00+00:00,144.142,144.174,144.032,144.154,5925
2025-06-09 12:00:00+00:00,144.154,144.166,143.969,144.099,5155
2025-06-09 13:00:00+00:00,144.101,144.186,144.027,144.168,4190
2025-06-09 14:00:00+00:00,144.169,144.523,144.153,144.484,6681
2025-06-09 15:00:00+00:00,144.485,144.687,144.427,144.628,6645
2025-06-09 16:00:00+00:00,144.627,144.766,144.588,144.662,8192
2025-06-09 17:00:00+00:00,144.661,144.691,144.531,144.611,6700
2025-06-09 18:00:00+00:00,144.612,144.619,144.344,144.369,3274
2025-06-09 19:00:00+00:00,144.362,144.458,144.359,144.397,3212
2025-06-09 20:00:00+00:00,144.397,144.467,144.39,144.456,3529
2025-06-09 21:00:00+00:00,144.456,144.561,144.384,144.551,3913
2025-06-09 22:00:00+00:00,144.552,144.593,144.495,144.562,3028
2025-06-09 23:00:00+00:00,144.562,144.635,144.504,144.526,1965
2025-06-10 00:00:00+00:00,144.503,144.557,144.449,144.526,1184
2025-06-10 01:00:00+00:00,144.526,144.648,144.526,144.596,1304
2025-06-10 02:00:00+00:00,144.595,144.647,144.496,144.56,2237
2025-06-10 03:00:00+00:00,144.559,144.654,144.395,144.516,7794
2025-06-10 04:00:00+00:00,144.516,145.055,144.422,145.006,9060
2025-06-10 05:00:00+00:00,145.007,145.288,144.894,144.931,7659
2025-06-10 06:00:00+00:00,144.93,144.985,144.777,144.824,5471
2025-06-10 07:00:00+00:00,144.823,144.949,144.808,144.93,4337
2025-06-10 08:00:00+00:00,144.931,144.937,144.441,144.552,9233
2025-06-10 09:00:00+00:00,144.552,144.652,144.42,144.588,8572
2025-06-10 10:00:00+00:00,144.587,144.827,144.536,144.737,9676
2025-06-10 11:00:00+00:00,144.737,144.739,144.559,144.642,7266
2025-06-10 12:00:00+00:00,144.643,144.767,144.614,144.675,4946
2025-06-10 13:00:00+00:00,144.674,144.732,144.586,144.6,4521
2025-06-10 14:00:00+00:00,144.601,144.616,144.476,144.581,4821
2025-06-10 15:00:00+00:00,144.581,144.644,144.452,144.637,5185
2025-06-10 16:00:00+00:00,144.64,144.674,144.438,144.525,8069
2025-06-10 17:00:00+00:00,144.526,144.832,144.512,144.794,6919
2025-06-10 18:00:00+00:00,144.794,144.945,144.786,144.909,6584
2025-06-10 19:00:00+00:00,144.909,145.043,144.867,144.97,4032
2025-06-10 20:00:00+00:00,144.97,145.019,144.91,144.93,3136
2025-06-10 21:00:00+00:00,144.932,145.016,144.892,144.954,3683
2025-06-10 22:00:00+00:00,144.954,145.027,144.776,144.902,3768
2025-06-10 23:00:00+00:00,144.902,144.929,144.802,144.802,2385
2025-06-11 00:00:00+00:00,144.797,144.838,144.783,144.801,460
2025-06-11 01:00:00+00:00,144.821,144.964,144.801,144.963,1527
2025-06-11 02:00:00+00:00,144.963,145.159,144.792,144.838,7056
2025-06-11 03:00:00+00:00,144.84,144.958,144.646,144.918,10065
2025-06-11 04:00:00+00:00,144.919,145.034,144.836,145.0,7395
2025-06-11 05:00:00+00:00,144.999,145.149,144.845,144.942,5860
2025-06-11 06:00:00+00:00,144.944,145.058,144.919,145.003,4560
2025-06-11 07:00:00+00:00,145.004,145.067,144.884,145.03,4609
2025-06-11 08:00:00+00:00,145.03,145.138,144.97,144.975,4941
2025-06-11 09:00:00+00:00,144.975,145.241,144.961,145.12,6048
2025-06-11 10:00:00+00:00,145.12,145.237,145.078,145.116,6553
2025-06-11 11:00:00+00:00,145.117,145.142,144.996,145.061,5001
2025-06-11 12:00:00+00:00,145.062,145.094,144.916,145.077,5688
2025-06-11 13:00:00+00:00,145.077,145.162,145.041,145.132,4672
2025-06-11 14:00:00+00:00,145.133,145.329,145.105,145.276,5401
2025-06-11 15:00:00+00:00,145.275,145.461,144.316,144.728,15002
2025-06-11 16:00:00+00:00,144.728,145.178,144.604,145.043,12637
2025-06-11 17:00:00+00:00,145.044,145.082,144.728,144.797,10262
2025-06-11 18:00:00+00:00,144.798,144.838,144.46,144.481,8181
2025-06-11 19:00:00+00:00,144.48,144.622,144.433,144.614,5653
2025-06-11 20:00:00+00:00,144.614,144.649,144.509,144.524,4864
2025-06-11 21:00:00+00:00,144.522,144.54,144.321,144.501,8430
2025-06-11 22:00:00+00:00,144.502,144.641,144.491,144.624,6050
2025-06-11 23:00:00+00:00,144.623,144.686,144.525,144.525,3287
2025-06-12 00:00:00+00:00,144.525,144.554,144.449,144.52,676
2025-06-12 01:00:00+00:00,144.52,144.521,144.192,144.254,2364
2025-06-12 02:00:00+00:00,144.251,144.312,144.111,144.176,4882
2025-06-12 03:00:00+00:00,144.177,144.344,143.95,144.039,10844
2025-06-12 04:00:00+00:00,144.038,144.095,143.719,143.979,9623
2025-06-12 05:00:00+00:00,143.98,144.114,143.9,143.949,6470
2025-06-12 06:00:00+00:00,143.948,144.049,143.831,143.888,5545
2025-06-12 07:00:00+00:00,143.889,144.044,143.882,143.941,4743
2025-06-12 08:00:00+00:00,143.942,143.978,143.668,143.726,5911
2025-06-12 09:00:00+00:00,143.72,143.919,143.627,143.728,7961
2025-06-12 10:00:00+00:00,143.73,144.134,143.73,143.873,9497
2025-06-12 11:00:00+00:00,143.873,143.941,143.745,143.79,10143
2025-06-12 12:00:00+00:00,143.789,143.868,143.559,143.693,8096
2025-06-12 13:00:00+00:00,143.694,143.749,143.443,143.541,9255
2025-06-12 14:00:00+00:00,143.541,143.778,143.398,143.614,8321
2025-06-12 15:00:00+00:00,143.613,143.74,143.181,143.286,11863
2025-06-12 16:00:00+00:00,143.286,143.518,143.195,143.458,11710
2025-06-12 17:00:00+00:00,143.458,143.752,143.421,143.729,10990
2025-06-12 18:00:00+00:00,143.729,143.898,143.583,143.642,11882
2025-06-12 19:00:00+00:00,143.641,143.733,143.541,143.605,9870
2025-06-12 20:00:00+00:00,143.605,143.73,143.52,143.54,6011
2025-06-12 21:00:00+00:00,143.539,143.589,143.466,143.521,5202
2025-06-12 22:00:00+00:00,143.526,143.594,143.48,143.569,4031
2025-06-12 23:00:00+00:00,143.568,143.589,143.455,143.455,2557
2025-06-13 00:00:00+00:00,143.445,143.529,143.412,143.479,530
2025-06-13 01:00:00+00:00,143.479,143.504,143.379,143.442,1898
2025-06-13 02:00:00+00:00,143.441,143.463,143.069,143.088,4483
2025-06-13 03:00:00+00:00,143.089,143.187,142.786,143.032,21549
2025-06-13 04:00:00+00:00,143.033,143.285,142.915,143.168,14602
2025-06-13 05:00:00+00:00,143.167,143.233,142.946,143.073,12054
2025-06-13 06:00:00+00:00,143.074,143.739,143.071,143.488,10367
2025-06-13 07:00:00+00:00,143.488,143.759,143.427,143.645,8210
2025-06-13 08:00:00+00:00,143.645,143.866,143.505,143.533,8576
2025-06-13 09:00:00+00:00,143.53,143.736,143.372,143.644,12643
2025-06-13 10:00:00+00:00,143.643,143.792,143.525,143.79,11758
2025-06-13 11:00:00+00:00,143.79,143.889,143.662,143.788,10491
2025-06-13 12:00:00+00:00,143.789,144.158,143.741,144.105,11028
2025-06-13 13:00:00+00:00,144.106,144.39,143.962,144.348,11237
2025-06-13 14:00:00+00:00,144.348,144.44,144.097,144.122,9527
2025-06-13 15:00:00+00:00,144.122,144.313,144.08,144.289,9390
2025-06-13 16:00:00+00:00,144.291,144.477,144.046,144.089,13626
2025-06-13 17:00:00+00:00,144.091,144.201,144.015,144.115,14194
2025-06-13 18:00:00+00:00,144.116,144.185,143.948,144.039,11204
2025-06-13 19:00:00+00:00,144.041,144.067,143.96,144.028,6343
2025-06-13 20:00:00+00:00,144.027,144.191,144.01,144.087,7367
2025-06-13 21:00:00+00:00,144.086,144.092,143.845,143.952,8900
2025-06-13 22:00:00+00:00,143.952,143.99,143.847,143.931,6681
2025-06-13 23:00:00+00:00,143.933,144.144,143.922,144.081,5621
2025-06-16 00:00:00+00:00,143.933,144.393,143.843,144.317,1849
2025-06-16 01:00:00+00:00,144.311,144.666,144.265,144.459,6288
2025-06-16 02:00:00+00:00,144.461,144.744,144.435,144.564,7559
2025-06-16 03:00:00+00:00,144.562,144.6,144.346,144.36,10979
2025-06-16 04:00:00+00:00,144.369,144.381,144.156,144.341,9553
2025-06-16 05:00:00+00:00,144.34,144.461,144.287,144.402,7204
2025-06-16 06:00:00+00:00,144.404,144.487,144.329,144.474,5542
2025-06-16 07:00:00+00:00,144.475,144.478,144.285,144.297,4733
2025-06-16 08:00:00+00:00,144.297,144.311,143.967,144.06,7227
2025-06-16 09:00:00+00:00,144.06,144.241,143.99,144.228,8953
2025-06-16 10:00:00+00:00,144.228,144.388,144.129,144.174,9088
2025-06-16 11:00:00+00:00,144.177,144.349,144.09,144.257,7337
2025-06-16 12:00:00+00:00,144.257,144.334,144.093,144.113,6052
2025-06-16 13:00:00+00:00,144.113,144.171,144.009,144.041,5390
2025-06-16 14:00:00+00:00,144.039,144.157,143.967,144.109,5660
2025-06-16 15:00:00+00:00,144.109,144.276,144.072,144.093,7985
2025-06-16 16:00:00+00:00,144.092,144.105,143.767,143.803,12573
2025-06-16 17:00:00+00:00,143.804,144.115,143.648,144.047,11845
2025-06-16 18:00:00+00:00,144.045,144.198,143.986,144.127,8075
2025-06-16 19:00:00+00:00,144.126,144.222,144.085,144.167,5609
2025-06-16 20:00:00+00:00,144.166,144.409,144.152,144.365,5012
2025-06-16 21:00:00+00:00,144.365,144.6,144.36,144.592,5072
2025-06-16 22:00:00+00:00,144.594,144.871,144.584,144.855,4950
2025-06-16 23:00:00+00:00,144.856,144.86,144.695,144.695,2752
2025-06-17 00:00:00+00:00,144.692,144.712,144.677,144.695,124
2025-06-17 01:00:00+00:00,144.692,144.815,144.568,144.609,3365
2025-06-17 02:00:00+00:00,144.61,144.793,144.6,144.679,6429
2025-06-17 03:00:00+00:00,144.679,145.106,144.667,145.054,10451
2025-06-17 04:00:00+00:00,145.053,145.053,144.782,144.863,8167
2025-06-17 05:00:00+00:00,144.864,144.992,144.809,144.939,6800
2025-06-17 06:00:00+00:00,144.937,144.961,144.614,144.656,6494
2025-06-17 07:00:00+00:00,144.657,144.671,144.394,144.585,6489
2025-06-17 08:00:00+00:00,144.584,144.726,144.493,144.661,6757
2025-06-17 09:00:00+00:00,144.663,144.888,144.549,144.887,8980
2025-06-17 10:00:00+00:00,144.886,145.021,144.401,144.526,8518
2025-06-17 11:00:00+00:00,144.536,144.901,144.465,144.901,5524
2025-06-17 12:00:00+00:00,144.901,144.938,144.772,144.818,5052
2025-06-17 13:00:00+00:00,144.815,144.83,144.661,144.686,3305
2025-06-17 14:00:00+00:00,144.685,144.701,144.48,144.612,3761
2025-06-17 15:00:00+00:00,144.611,144.912,144.386,144.853,6653
2025-06-17 16:00:00+00:00,144.843,144.935,144.687,144.883,7805
2025-06-17 17:00:00+00:00,144.887,145.285,144.849,145.181,6950
2025-06-17 18:00:00+00:00,145.182,145.203,145.01,145.036,4447
2025-06-17 19:00:00+00:00,145.035,145.256,144.904,145.218,5634
2025-06-17 20:00:00+00:00,145.218,145.299,145.125,145.243,7100
2025-06-17 21:00:00+00:00,145.242,145.372,145.186,145.364,4164
2025-06-17 22:00:00+00:00,145.366,145.377,145.202,145.213,3379
2025-06-17 23:00:00+00:00,145.212,145.322,145.194,145.251,2938
2025-06-18 00:00:00+00:00,145.195,145.277,145.141,145.202,417
2025-06-18 01:00:00+00:00,145.202,145.387,145.202,145.381,1523
2025-06-18 02:00:00+00:00,145.378,145.43,145.315,145.383,2449
2025-06-18 03:00:00+00:00,145.386,145.439,145.186,145.314,9086
2025-06-18 04:00:00+00:00,145.317,145.339,145.149,145.163,6707
2025-06-18 05:00:00+00:00,145.162,145.219,145.103,145.12,4005
2025-06-18 06:00:00+00:00,145.118,145.131,145.039,145.067,2314
2025-06-18 07:00:00+00:00,145.067,145.108,144.922,145.016,2637
2025-06-18 08:00:00+00:00,145.017,145.053,144.899,145.009,3932
2025-06-18 09:00:00+00:00,145.016,145.077,144.86,144.896,6211
2025-06-18 10:00:00+00:00,144.895,145.044,144.852,144.953,3948
2025-06-18 11:00:00+00:00,144.954,145.126,144.93,144.962,3822
2025-06-18 12:00:00+00:00,144.962,145.023,144.894,144.929,3379
2025-06-18 13:00:00+00:00,144.931,144.954,144.798,144.819,2762
2025-06-18 14:00:00+00:00,144.818,144.925,144.807,144.843,2607
2025-06-18 15:00:00+00:00,144.842,144.963,144.739,144.883,4164
2025-06-18 16:00:00+00:00,144.884,144.915,144.708,144.859,8809
2025-06-18 17:00:00+00:00,144.86,144.96,144.674,144.798,12875
2025-06-18 18:00:00+00:00,144.796,144.809,144.545,144.575,6943
2025-06-18 19:00:00+00:00,144.576,144.685,144.522,144.675,5735
2025-06-18 20:00:00+00:00,144.675,144.821,144.641,144.735,4618
2025-06-18 21:00:00+00:00,144.681,145.082,144.321,145.041,17406
2025-06-18 22:00:00+00:00,145.035,145.222,144.99,145.115,12641
2025-06-18 23:00:00+00:00,145.116,145.185,145.073,145.106,4115
2025-06-19 00:00:00+00:00,145.113,145.122,145.027,145.042,289
2025-06-19 01:00:00+00:00,145.042,145.141,144.885,144.982,2802
2025-06-19 02:00:00+00:00,144.982,145.077,144.923,144.948,4897
2025-06-19 03:00:00+00:00,144.949,144.977,144.835,144.88,7943
2025-06-19 04:00:00+00:00,144.879,145.153,144.729,145.142,8828
2025-06-19 05:00:00+00:00,145.143,145.208,145.056,145.173,5464
2025-06-19 06:00:00+00:00,145.172,145.217,145.027,145.067,5332
2025-06-19 07:00:00+00:00,145.066,145.103,145.017,145.037,4690
2025-06-19 08:00:00+00:00,145.036,145.258,145.025,145.111,5751
2025-06-19 09:00:00+00:00,145.11,145.355,145.11,145.257,8143
2025-06-19 10:00:00+00:00,145.256,145.401,145.234,145.379,8297
2025-06-19 11:00:00+00:00,145.38,145.405,145.246,145.278,7579
2025-06-19 12:00:00+00:00,145.277,145.471,145.243,145.431,6130
2025-06-19 13:00:00+00:00,145.432,145.754,145.404,145.698,6437
2025-06-19 14:00:00+00:00,145.701,145.765,145.581,145.667,6167
2025-06-19 15:00:00+00:00,145.668,145.708,145.499,145.537,6553
2025-06-19 16:00:00+00:00,145.537,145.572,145.345,145.419,6475
2025-06-19 17:00:00+00:00,145.418,145.707,145.396,145.698,7306
2025-06-19 18:00:00+00:00,145.699,145.753,145.6,145.629,4718
2025-06-19 19:00:00+00:00,145.627,145.727,145.62,145.712,2784
2025-06-19 20:00:00+00:00,145.709,145.724,145.469,145.498,3295
2025-06-19 21:00:00+00:00,145.499,145.529,145.408,145.485,1957
2025-06-19 22:00:00+00:00,145.484,145.484,145.341,145.43,2209
2025-06-19 23:00:00+00:00,145.43,145.479,145.315,145.321,1937
2025-06-20 00:00:00+00:00,145.345,145.482,145.31,145.42,1410
2025-06-20 01:00:00+00:00,145.42,145.556,145.416,145.475,3841
2025-06-20 02:00:00+00:00,145.477,145.5,145.19,145.225,5499
2025-06-20 03:00:00+00:00,145.223,145.309,145.118,145.248,8043
2025-06-20 04:00:00+00:00,145.246,145.354,145.21,145.33,8202
2025-06-20 05:00:00+00:00,145.331,145.359,145.226,145.24,5196
2025-06-20 06:00:00+00:00,145.24,145.309,145.186,145.27,5691
2025-06-20 07:00:00+00:00,145.271,145.391,145.237,145.343,5124
2025-06-20 08:00:00+00:00,145.343,145.482,145.299,145.434,6261
2025-06-20 09:00:00+00:00,145.436,145.472,145.275,145.379,7182
2025-06-20 10:00:00+00:00,145.379,145.432,145.284,145.403,5823
2025-06-20 11:00:00+00:00,145.404,145.408,145.258,145.32,5789
2025-06-20 12:00:00+00:00,145.32,145.35,145.249,145.33,4803
2025-06-20 13:00:00+00:00,145.33,145.441,145.29,145.429,3842
2025-06-20 14:00:00+00:00,145.43,145.607,145.408,145.585,6127
2025-06-20 15:00:00+00:00,145.586,145.711,145.447,145.583,8958
2025-06-20 16:00:00+00:00,145.582,145.819,145.555,145.737,8868
2025-06-20 17:00:00+00:00,145.738,145.94,145.729,145.908,9571
2025-06-20 18:00:00+00:00,145.908,145.95,145.782,145.92,8306
2025-06-20 19:00:00+00:00,145.921,145.945,145.782,145.834,5599
2025-06-20 20:00:00+00:00,145.832,145.904,145.771,145.893,4291
2025-06-20 21:00:00+00:00,145.894,145.99,145.853,145.967,3969
2025-06-20 22:00:00+00:00,145.965,146.192,145.962,146.171,4708
2025-06-20 23:00:00+00:00,146.172,146.213,146.053,146.061,2978
2025-06-23 00:00:00+00:00,146.654,146.699,146.447,146.487,593
2025-06-23 01:00:00+00:00,146.467,146.568,146.292,146.367,3343
2025-06-23 02:00:00+00:00,146.365,146.421,146.204,146.208,5635
2025-06-23 03:00:00+00:00,146.208,146.518,146.138,146.446,10480
2025-06-23 04:00:00+00:00,146.446,146.762,146.421,146.666,8423
2025-06-23 05:00:00+00:00,146.665,146.693,146.361,146.561,6008
2025-06-23 06:00:00+00:00,146.561,146.729,146.512,146.693,6311
2025-06-23 07:00:00+00:00,146.693,147.027,146.691,146.981,6363
2025-06-23 08:00:00+00:00,146.982,147.291,146.944,147.1,7310
2025-06-23 09:00:00+00:00,147.1,147.39,147.059,147.152,8687
2025-06-23 10:00:00+00:00,147.153,147.351,147.033,147.328,10144
2025-06-23 11:00:00+00:00,147.328,147.623,147.32,147.603,7740
2025-06-23 12:00:00+00:00,147.603,147.949,147.603,147.865,8499
2025-06-23 13:00:00+00:00,147.865,147.984,147.766,147.98,5603
2025-06-23 14:00:00+00:00,147.979,148.025,147.506,147.587,5217
2025-06-23 15:00:00+00:00,147.586,147.63,147.346,147.413,8565
2025-06-23 16:00:00+00:00,147.413,147.499,147.137,147.304,10892
2025-06-23 17:00:00+00:00,147.303,147.327,146.492,146.557,15364
2025-06-23 18:00:00+00:00,146.556,146.617,146.329,146.462,9933
2025-06-23 19:00:00+00:00,146.461,146.537,146.225,146.357,10415
2025-06-23 20:00:00+00:00,146.356,146.521,146.146,146.203,10434
2025-06-23 21:00:00+00:00,146.202,146.237,146.006,146.155,7917
2025-06-23 22:00:00+00:00,146.154,146.197,146.077,146.139,5456
2025-06-23 23:00:00+00:00,146.138,146.162,146.027,146.065,4211
2025-06-24 00:00:00+00:00,146.081,146.158,146.02,146.079,176
2025-06-24 01:00:00+00:00,146.117,146.171,145.753,145.922,4752
2025-06-24 02:00:00+00:00,145.921,146.04,145.691,145.913,7159
2025-06-24 03:00:00+00:00,145.914,145.934,145.559,145.596,12476
2025-06-24 04:00:00+00:00,145.596,145.731,145.469,145.672,8427
2025-06-24 05:00:00+00:00,145.672,145.703,145.409,145.501,7184
2025-06-24 06:00:00+00:00,145.501,145.507,145.281,145.413,6195
2025-06-24 07:00:00+00:00,145.414,145.51,145.328,145.411,6397
2025-06-24 08:00:00+00:00,145.413,145.51,145.28,145.301,5855
2025-06-24 09:00:00+00:00,145.301,145.308,145.04,145.19,9749
2025-06-24 10:00:00+00:00,145.19,145.402,144.987,145.316,10755
2025-06-24 11:00:00+00:00,145.314,145.33,144.937,145.089,9225
2025-06-24 12:00:00+00:00,145.085,145.148,144.845,144.961,8003
2025-06-24 13:00:00+00:00,144.961,145.124,144.907,145.092,5479
2025-06-24 14:00:00+00:00,145.092,145.143,144.895,144.962,6668
2025-06-24 15:00:00+00:00,144.964,145.178,144.916,144.986,9483
2025-06-24 16:00:00+00:00,144.986,145.191,144.848,145.045,10070
2025-06-24 17:00:00+00:00,145.042,145.042,144.507,144.734,12659
2025-06-24 18:00:00+00:00,144.734,144.897,144.566,144.893,7953
2025-06-24 19:00:00+00:00,144.894,144.959,144.656,144.696,6043
2025-06-24 20:00:00+00:00,144.698,144.747,144.554,144.724,5477
2025-06-24 21:00:00+00:00,144.723,144.768,144.648,144.681,4899
2025-06-24 22:00:00+00:00,144.681,144.786,144.653,144.77,3912
2025-06-24 23:00:00+00:00,144.769,144.912,144.769,144.885,3124
2025-06-25 00:00:00+00:00,144.89,144.891,144.742,144.753,506
2025-06-25 01:00:00+00:00,144.754,144.961,144.752,144.926,1761
2025-06-25 02:00:00+00:00,144.923,144.97,144.786,144.927,3725
2025-06-25 03:00:00+00:00,144.928,145.044,144.766,144.88,8906
2025-06-25 04:00:00+00:00,144.879,144.894,144.619,144.653,8369
2025-06-25 05:00:00+00:00,144.652,144.833,144.602,144.799,5679
2025-06-25 06:00:00+00:00,144.799,144.979,144.776,144.966,4671
2025-06-25 07:00:00+00:00,144.969,144.984,144.857,144.932,3285
2025-06-25 08:00:00+00:00,144.933,145.16,144.933,145.033,5061
2025-06-25 09:00:00+00:00,145.033,145.33,145.0,145.298,7130
2025-06-25 10:00:00+00:00,145.298,145.366,145.229,145.306,7316
2025-06-25 11:00:00+00:00,145.305,145.491,145.233,145.471,5671
2025-06-25 12:00:00+00:00,145.471,145.673,145.449,145.621,5202
2025-06-25 13:00:00+00:00,145.622,145.747,145.541,145.725,3923
2025-06-25 14:00:00+00:00,145.726,145.794,145.665,145.744,4863
2025-06-25 15:00:00+00:00,145.748,145.918,145.694,145.852,6064
2025-06-25 16:00:00+00:00,145.852,145.945,145.75,145.86,7020
2025-06-25 17:00:00+00:00,145.854,145.87,145.564,145.694,10111
2025-06-25 18:00:00+00:00,145.693,145.73,145.521,145.593,7083
2025-06-25 19:00:00+00:00,145.592,145.6,145.385,145.444,5341
2025-06-25 20:00:00+00:00,145.443,145.505,145.361,145.384,5398
2025-06-25 21:00:00+00:00,145.383,145.4,145.143,145.149,4689
2025-06-25 22:00:00+00:00,145.15,145.243,145.096,145.234,4608
2025-06-25 23:00:00+00:00,145.234,145.333,145.178,145.178,3385
2025-06-26 00:00:00+00:00,145.178,145.217,145.132,145.158,684
2025-06-26 01:00:00+00:00,145.159,145.26,145.145,145.218,1859
2025-06-26 02:00:00+00:00,145.217,145.221,144.869,144.907,4501
2025-06-26 03:00:00+00:00,144.905,144.942,144.676,144.686,6907
2025-06-26 04:00:00+00:00,144.686,144.923,144.666,144.714,6616
2025-06-26 05:00:00+00:00,144.714,144.838,144.652,144.69,6132
2025-06-26 06:00:00+00:00,144.689,144.813,144.561,144.781,5857
2025-06-26 07:00:00+00:00,144.78,144.959,144.73,144.776,4321
2025-06-26 08:00:00+00:00,144.778,144.914,144.577,144.641,4701
2025-06-26 09:00:00+00:00,144.641,144.697,144.275,144.303,9142
2025-06-26 10:00:00+00:00,144.301,144.303,143.925,144.063,8440
2025-06-26 11:00:00+00:00,144.063,144.1,143.748,143.92,9035
2025-06-26 12:00:00+00:00,143.92,144.12,143.893,144.067,6821
2025-06-26 13:00:00+00:00,144.067,144.214,143.999,144.197,4792
2025-06-26 14:00:00+00:00,144.198,144.439,144.193,144.384,6359
2025-06-26 15:00:00+00:00,144.384,144.491,144.121,144.302,10086
2025-06-26 16:00:00+00:00,144.306,144.491,144.164,144.228,11140
2025-06-26 17:00:00+00:00,144.23,144.465,144.151,144.402,11703
2025-06-26 18:00:00+00:00,144.399,144.532,144.308,144.333,8891
2025-06-26 19:00:00+00:00,144.332,144.411,144.049,144.243,6307
2025-06-26 20:00:00+00:00,144.243,144.272,144.124,144.183,5821
2025-06-26 21:00:00+00:00,144.182,144.259,144.145,144.199,3983
2025-06-26 22:00:00+00:00,144.2,144.398,144.19,144.367,4182
2025-06-26 23:00:00+00:00,144.369,144.465,144.326,144.348,3004
2025-06-27 00:00:00+00:00,144.355,144.41,144.256,144.328,566
2025-06-27 01:00:00+00:00,144.328,144.658,144.328,144.566,2273
2025-06-27 02:00:00+00:00,144.567,144.737,144.386,144.672,4110
2025-06-27 03:00:00+00:00,144.663,144.805,144.516,144.645,8784
2025-06-27 04:00:00+00:00,144.645,144.739,144.269,144.278,7836
2025-06-27 05:00:00+00:00,144.278,144.389,144.189,144.316,6651
2025-06-27 06:00:00+00:00,144.32,144.5,144.247,144.449,5534
2025-06-27 07:00:00+00:00,144.449,144.582,144.405,144.54,5397
2025-06-27 08:00:00+00:00,144.54,144.587,144.355,144.42,6159
2025-06-27 09:00:00+00:00,144.42,144.498,144.198,144.232,7938
2025-06-27 10:00:00+00:00,144.232,144.549,144.171,144.474,7472
2025-06-27 11:00:00+00:00,144.474,144.513,144.253,144.415,6197
2025-06-27 12:00:00+00:00,144.417,144.486,144.345,144.479,4867
2025-06-27 13:00:00+00:00,144.479,144.676,144.456,144.529,4889
2025-06-27 14:00:00+00:00,144.529,144.624,144.48,144.487,5416
2025-06-27 15:00:00+00:00,144.487,144.618,144.36,144.44,11064
2025-06-27 16:00:00+00:00,144.44,144.799,144.375,144.71,9823
2025-06-27 17:00:00+00:00,144.71,144.944,144.563,144.875,9887
2025-06-27 18:00:00+00:00,144.876,144.904,144.603,144.734,7318
2025-06-27 19:00:00+00:00,144.734,144.747,144.532,144.639,5476
2025-06-27 20:00:00+00:00,144.641,144.899,144.581,144.733,7401
2025-06-27 21:00:00+00:00,144.732,144.846,144.637,144.695,7477
2025-06-27 22:00:00+00:00,144.694,144.789,144.649,144.746,4610
2025-06-27 23:00:00+00:00,144.747,144.758,144.61,144.628,3319
2025-06-30 00:00:00+00:00,144.307,144.478,144.305,144.367,867
2025-06-30 01:00:00+00:00,144.355,144.658,144.355,144.467,3805
2025-06-30 02:00:00+00:00,144.467,144.537,144.38,144.5,3933
2025-06-30 03:00:00+00:00,144.5,144.761,144.471,144.614,8351
2025-06-30 04:00:00+00:00,144.614,144.651,144.239,144.324,7336
2025-06-30 05:00:00+00:00,144.323,144.325,144.08,144.283,6582
2025-06-30 06:00:00+00:00,144.283,144.308,144.154,144.214,5408
2025-06-30 07:00:00+00:00,144.216,144.23,143.909,143.943,5035
2025-06-30 08:00:00+00:00,143.944,143.947,143.789,143.908,6243
2025-06-30 09:00:00+00:00,143.908,144.016,143.845,143.877,8397
2025-06-30 10:00:00+00:00,143.878,144.164,143.774,144.12,8718
2025-06-30 11:00:00+00:00,144.119,144.209,144.011,144.108,8331
2025-06-30 12:00:00+00:00,144.107,144.265,144.049,144.259,6503
2025-06-30 13:00:00+00:00,144.26,144.284,144.174,144.178,4986
2025-06-30 14:00:00+00:00,144.177,144.338,144.149,144.326,6032
2025-06-30 15:00:00+00:00,144.324,144.491,144.281,144.453,6206
2025-06-30 16:00:00+00:00,144.454,144.505,144.31,144.358,9648
2025-06-30 17:00:00+00:00,144.357,144.496,144.204,144.441,13062
2025-06-30 18:00:00+00:00,144.442,144.493,144.148,144.159,9687
2025-06-30 19:00:00+00:00,144.16,144.382,144.133,144.218,7148
2025-06-30 20:00:00+00:00,144.217,144.32,144.145,144.247,6575
2025-06-30 21:00:00+00:00,144.247,144.292,144.125,144.198,5992
2025-06-30 22:00:00+00:00,144.197,144.24,143.986,144.033,5101
2025-06-30 23:00:00+00:00,144.033,144.051,143.951,143.969,4209
2025-07-01 00:00:00+00:00,143.976,144.053,143.93,143.952,772
2025-07-01 01:00:00+00:00,143.952,144.025,143.856,143.917,2111
2025-07-01 02:00:00+00:00,143.916,143.927,143.771,143.802,2865
2025-07-01 03:00:00+00:00,143.804,143.805,143.549,143.561,7772
2025-07-01 04:00:00+00:00,143.56,143.799,143.429,143.792,7337
2025-07-01 05:00:00+00:00,143.791,143.829,143.637,143.723,4749
2025-07-01 06:00:00+00:00,143.723,143.887,143.622,143.875,5783
2025-07-01 07:00:00+00:00,143.874,143.93,143.742,143.742,3906
2025-07-01 08:00:00+00:00,143.742,143.744,143.568,143.579,5261
2025-07-01 09:00:00+00:00,143.579,143.757,143.545,143.666,6395
2025-07-01 10:00:00+00:00,143.666,143.739,143.062,143.064,8429
2025-07-01 11:00:00+00:00,143.063,143.132,142.882,143.036,9171
2025-07-01 12:00:00+00:00,143.036,143.162,142.815,142.935,8858
2025-07-01 13:00:00+00:00,142.936,142.989,142.816,142.979,6514
2025-07-01 14:00:00+00:00,142.976,142.988,142.699,142.731,7005
2025-07-01 15:00:00+00:00,142.731,143.092,142.676,143.063,8356
2025-07-01 16:00:00+00:00,143.064,143.285,142.933,143.062,7989
2025-07-01 17:00:00+00:00,143.035,143.477,143.035,143.437,9960
2025-07-01 18:00:00+00:00,143.436,143.664,143.436,143.576,6600
2025-07-01 19:00:00+00:00,143.575,143.777,143.573,143.69,4528
2025-07-01 20:00:00+00:00,143.69,143.749,143.599,143.624,4324
2025-07-01 21:00:00+00:00,143.626,143.788,143.62,143.716,3816
2025-07-01 22:00:00+00:00,143.717,143.798,143.574,143.764,5121
2025-07-01 23:00:00+00:00,143.763,143.766,143.363,143.363,3268
2025-07-02 00:00:00+00:00,143.36,143.414,143.325,143.387,208
2025-07-02 01:00:00+00:00,143.387,143.443,143.355,143.405,1471
2025-07-02 02:00:00+00:00,143.402,143.469,143.336,143.366,2925
2025-07-02 03:00:00+00:00,143.365,143.657,143.313,143.47,8097
2025-07-02 04:00:00+00:00,143.471,143.682,143.437,143.65,6672
2025-07-02 05:00:00+00:00,143.648,143.743,143.503,143.533,5317
2025-07-02 06:00:00+00:00,143.531,143.582,143.474,143.522,5296
2025-07-02 07:00:00+00:00,143.521,143.604,143.454,143.546,4462
2025-07-02 08:00:00+00:00,143.548,143.848,143.535,143.749,5404
2025-07-02 09:00:00+00:00,143.749,143.884,143.67,143.799,7827
2025-07-02 10:00:00+00:00,143.799,144.046,143.799,143.892,7497
2025-07-02 11:00:00+00:00,143.894,143.97,143.772,143.965,6485
2025-07-02 12:00:00+00:00,143.963,144.243,143.923,144.144,6533
2025-07-02 13:00:00+00:00,144.143,144.151,143.857,143.92,5149
2025-07-02 14:00:00+00:00,143.917,144.192,143.885,144.175,5387
2025-07-02 15:00:00+00:00,144.177,144.208,143.477,143.866,13007
2025-07-02 16:00:00+00:00,143.867,144.123,143.627,143.994,11681
2025-07-02 17:00:00+00:00,143.994,144.145,143.898,144.021,10812
2025-07-02 18:00:00+00:00,144.022,144.03,143.729,143.754,7736
2025-07-02 19:00:00+00:00,143.754,143.801,143.651,143.729,5590
2025-07-02 20:00:00+00:00,143.729,143.738,143.611,143.688,4067
2025-07-02 21:00:00+00:00,143.69,143.73,143.574,143.616,3657
2025-07-02 22:00:00+00:00,143.616,143.663,143.566,143.616,2796
2025-07-02 23:00:00+00:00,143.615,143.684,143.577,143.577,2091
2025-07-03 00:00:00+00:00,143.567,143.71,143.562,143.618,355
2025-07-03 01:00:00+00:00,143.604,143.65,143.556,143.608,1123
2025-07-03 02:00:00+00:00,143.607,143.61,143.476,143.515,2154
2025-07-03 03:00:00+00:00,143.514,143.608,143.438,143.582,7006
2025-07-03 04:00:00+00:00,143.584,143.683,143.481,143.546,4965
2025-07-03 05:00:00+00:00,143.546,143.758,143.542,143.676,3851
2025-07-03 06:00:00+00:00,143.676,143.874,143.666,143.844,3172
2025-07-03 07:00:00+00:00,143.844,143.849,143.754,143.832,3129
2025-07-03 08:00:00+00:00,143.834,143.925,143.76,143.857,3629
2025-07-03 09:00:00+00:00,143.855,143.925,143.75,143.768,5437
2025-07-03 10:00:00+00:00,143.766,143.909,143.665,143.856,4766
2025-07-03 11:00:00+00:00,143.857,143.892,143.765,143.87,5486
2025-07-03 12:00:00+00:00,143.869,143.888,143.819,143.849,4554
2025-07-03 13:00:00+00:00,143.85,143.857,143.73,143.842,3991
2025-07-03 14:00:00+00:00,143.841,143.891,143.81,143.858,3678
2025-07-03 15:00:00+00:00,143.859,145.232,143.676,145.005,13252
2025-07-03 16:00:00+00:00,145.004,145.066,144.603,144.719,13016
2025-07-03 17:00:00+00:00,144.719,145.127,144.635,145.087,10887
2025-07-03 18:00:00+00:00,145.089,145.159,144.811,144.962,7920
2025-07-03 19:00:00+00:00,144.961,145.209,144.941,145.046,5151
2025-07-03 20:00:00+00:00,145.047,145.085,144.991,145.069,2334
2025-07-03 21:00:00+00:00,145.069,145.111,145.008,145.099,1761
2025-07-03 22:00:00+00:00,145.098,145.113,144.979,145.036,1334
2025-07-03 23:00:00+00:00,145.036,145.082,144.906,144.911,1840
2025-07-04 00:00:00+00:00,144.911,144.946,144.897,144.913,212
2025-07-04 01:00:00+00:00,144.914,144.965,144.868,144.868,1272
2025-07-04 02:00:00+00:00,144.869,144.922,144.679,144.703,2419
2025-07-04 03:00:00+00:00,144.702,144.779,144.567,144.596,5678
2025-07-04 04:00:00+00:00,144.596,144.78,144.576,144.756,5197
2025-07-04 05:00:00+00:00,144.757,144.789,144.593,144.643,3739
2025-07-04 06:00:00+00:00,144.643,144.662,144.455,144.516,3398
2025-07-04 07:00:00+00:00,144.517,144.521,144.319,144.373,3834
2025-07-04 08:00:00+00:00,144.372,144.393,144.302,144.337,3498
2025-07-04 09:00:00+00:00,144.331,144.428,144.177,144.238,4839
2025-07-04 10:00:00+00:00,144.238,144.423,144.231,144.404,7386
2025-07-04 11:00:00+00:00,144.403,144.409,144.278,144.335,5057
2025-07-04 12:00:00+00:00,144.337,144.367,144.269,144.312,5027
2025-07-04 13:00:00+00:00,144.312,144.38,144.277,144.344,4510
2025-07-04 14:00:00+00:00,144.344,144.396,144.299,144.389,3859
2025-07-04 15:00:00+00:00,144.388,144.443,144.351,144.419,3624
2025-07-04 16:00:00+00:00,144.419,144.502,144.38,144.455,4348
2025-07-04 17:00:00+00:00,144.454,144.563,144.406,144.515,4577
2025-07-04 18:00:00+00:00,144.517,144.549,144.501,144.526,3319
2025-07-04 19:00:00+00:00,144.527,144.544,144.473,144.495,3103
2025-07-04 20:00:00+00:00,144.494,144.523,144.462,144.465,5185
2025-07-04 21:00:00+00:00,144.466,144.511,144.465,144.472,2272
2025-07-04 22:00:00+00:00,144.472,144.573,144.428,144.562,3447
2025-07-04 23:00:00+00:00,144.561,144.574,144.415,144.415,5202
2025-07-07 00:00:00+00:00,144.367,144.481,144.328,144.419,759
2025-07-07 01:00:00+00:00,144.419,144.632,144.346,144.484,1641
2025-07-07 02:00:00+00:00,144.482,144.577,144.458,144.483,2529
2025-07-07 03:00:00+00:00,144.483,144.502,144.288,144.35,7353
2025-07-07 04:00:00+00:00,144.35,144.574,144.219,144.528,6388
2025-07-07 05:00:00+00:00,144.528,144.836,144.49,144.809,5247
2025-07-07 06:00:00+00:00,144.809,144.843,144.703,144.83,3856
2025-07-07 07:00:00+00:00,144.829,144.995,144.776,144.979,4043
2025-07-07 08:00:00+00:00,144.98,145.069,144.934,144.982,4299
2025-07-07 09:00:00+00:00,144.984,145.152,144.944,145.016,5685
2025-07-07 10:00:00+00:00,145.017,145.195,144.973,145.192,6202
2025-07-07 11:00:00+00:00,145.192,145.341,145.105,145.332,6603
2025-07-07 12:00:00+00:00,145.332,145.482,145.268,145.428,4319
2025-07-07 13:00:00+00:00,145.429,145.526,145.391,145.428,4472
2025-07-07 14:00:00+00:00,145.429,145.506,145.368,145.486,3896
2025-07-07 15:00:00+00:00,145.486,145.638,145.473,145.589,5250
2025-07-07 16:00:00+00:00,145.587,145.775,145.566,145.728,6534
2025-07-07 17:00:00+00:00,145.728,145.809,145.662,145.796,5437
2025-07-07 18:00:00+00:00,145.795,145.89,145.774,145.864,4578
2025-07-07 19:00:00+00:00,145.862,146.14,145.729,146.113,8626
2025-07-07 20:00:00+00:00,146.111,146.232,146.009,146.059,5973
2025-07-07 21:00:00+00:00,146.06,146.235,146.052,146.168,3957
2025-07-07 22:00:00+00:00,146.168,146.178,146.009,146.049,3680
2025-07-07 23:00:00+00:00,146.05,146.152,146.012,146.012,2587
2025-07-08 00:00:00+00:00,146.004,146.067,145.997,145.997,88
2025-07-08 01:00:00+00:00,145.997,146.035,145.834,145.858,2582
2025-07-08 02:00:00+00:00,145.858,146.063,145.849,145.875,3153
2025-07-08 03:00:00+00:00,145.874,146.203,145.826,146.154,8661
2025-07-08 04:00:00+00:00,146.154,146.437,146.039,146.241,7251
2025-07-08 05:00:00+00:00,146.241,146.28,146.036,146.088,4804
2025-07-08 06:00:00+00:00,146.087,146.162,146.044,146.065,4130
2025-07-08 07:00:00+00:00,146.074,146.096,145.875,145.993,6239
2025-07-08 08:00:00+00:00,145.993,146.104,145.938,146.09,5132
2025-07-08 09:00:00+00:00,146.092,146.245,146.061,146.244,5954
2025-07-08 10:00:00+00:00,146.244,146.281,145.992,146.03,6766
2025-07-08 11:00:00+00:00,146.03,146.235,146.028,146.19,6128
2025-07-08 12:00:00+00:00,146.189,146.262,146.049,146.224,5135
2025-07-08 13:00:00+00:00,146.224,146.402,146.218,146.396,3976
2025-07-08 14:00:00+00:00,146.397,146.645,146.354,146.584,4669
2025-07-08 15:00:00+00:00,146.584,146.682,146.452,146.642,6606
2025-07-08 16:00:00+00:00,146.643,146.893,146.625,146.765,7657
2025-07-08 17:00:00+00:00,146.764,146.958,146.747,146.91,8493
2025-07-08 18:00:00+00:00,146.909,146.97,146.766,146.811,6769
2025-07-08 19:00:00+00:00,146.811,146.857,146.701,146.74,6811
2025-07-08 20:00:00+00:00,146.74,146.805,146.649,146.709,6598
2025-07-08 21:00:00+00:00,146.708,146.756,146.648,146.659,4679
2025-07-08 22:00:00+00:00,146.659,146.687,146.609,146.619,3858
2025-07-08 23:00:00+00:00,146.624,146.635,146.515,146.521,4245
2025-07-09 00:00:00+00:00,146.51,146.556,146.497,146.505,511
2025-07-09 01:00:00+00:00,146.502,146.611,146.502,146.58,862
2025-07-09 02:00:00+00:00,146.581,146.872,146.578,146.861,3116
2025-07-09 03:00:00+00:00,146.861,146.904,146.726,146.789,6401
2025-07-09 04:00:00+00:00,146.79,147.023,146.731,146.86,6361
2025-07-09 05:00:00+00:00,146.859,147.09,146.788,147.052,5227
2025-07-09 06:00:00+00:00,147.052,147.176,147.051,147.097,4630
2025-07-09 07:00:00+00:00,147.097,147.141,147.023,147.032,4131
2025-07-09 08:00:00+00:00,147.032,147.061,146.896,146.979,3960
2025-07-09 09:00:00+00:00,146.983,147.031,146.794,146.798,5759
2025-07-09 10:00:00+00:00,146.798,146.875,146.677,146.836,5634
2025-07-09 11:00:00+00:00,146.836,146.865,146.588,146.67,5111
2025-07-09 12:00:00+00:00,146.672,146.69,146.536,146.625,4690
2025-07-09 13:00:00+00:00,146.625,146.684,146.534,146.651,4643
2025-07-09 14:00:00+00:00,146.652,146.774,146.6,146.759,4682
2025-07-09 15:00:00+00:00,146.76,146.761,146.462,146.477,7390
2025-07-09 16:00:00+00:00,146.476,146.543,146.356,146.455,8267
2025-07-09 17:00:00+00:00,146.453,146.498,146.265,146.46,5524
2025-07-09 18:00:00+00:00,146.46,146.56,146.444,146.526,3578
2025-07-09 19:00:00+00:00,146.526,146.526,146.324,146.408,2029
2025-07-09 20:00:00+00:00,146.408,146.431,146.275,146.336,2025
2025-07-09 21:00:00+00:00,146.337,146.386,146.246,146.327,2571
2025-07-09 22:00:00+00:00,146.326,146.365,146.257,146.312,2149
2025-07-09 23:00:00+00:00,146.31,146.481,146.298,146.301,1978
2025-07-10 00:00:00+00:00,146.316,146.316,146.233,146.299,230
2025-07-10 01:00:00+00:00,146.301,146.307,146.21,146.236,872
2025-07-10 02:00:00+00:00,146.234,146.299,146.065,146.099,1700
2025-07-10 03:00:00+00:00,146.097,146.112,145.75,145.811,5666
2025-07-10 04:00:00+00:00,145.812,145.951,145.758,145.887,3450
2025-07-10 05:00:00+00:00,145.885,146.09,145.849,146.079,3043
2025-07-10 06:00:00+00:00,146.079,146.252,146.074,146.251,2419
2025-07-10 07:00:00+00:00,146.252,146.405,146.202,146.213,1993
2025-07-10 08:00:00+00:00,146.212,146.341,146.169,146.25,2138
2025-07-10 09:00:00+00:00,146.25,146.356,146.123,146.147,3971
2025-07-10 10:00:00+00:00,146.148,146.459,146.062,146.277,4278
2025-07-10 11:00:00+00:00,146.275,146.406,146.26,146.35,3264
2025-07-10 12:00:00+00:00,146.351,146.37,146.167,146.175,2633
2025-07-10 13:00:00+00:00,146.173,146.249,146.081,146.116,1886
2025-07-10 14:00:00+00:00,146.118,146.389,146.08,146.246,2547
2025-07-10 15:00:00+00:00,146.247,146.54,146.202,146.433,5074
2025-07-10 16:00:00+00:00,146.433,146.608,146.345,146.575,5408
2025-07-10 17:00:00+00:00,146.575,146.782,146.474,146.505,6102
2025-07-10 18:00:00+00:00,146.505,146.562,146.378,146.462,3546
2025-07-10 19:00:00+00:00,146.458,146.504,146.385,146.46,2860
2025-07-10 20:00:00+00:00,146.457,146.475,146.305,146.321,2276
2025-07-10 21:00:00+00:00,146.32,146.33,146.198,146.237,2626
2025-07-10 22:00:00+00:00,146.239,146.28,146.164,146.235,1996
2025-07-10 23:00:00+00:00,146.235,146.25,146.176,146.229,1978
2025-07-11 00:00:00+00:00,146.238,146.238,146.148,146.217,166
2025-07-11 01:00:00+00:00,146.243,146.267,146.162,146.209,1134
2025-07-11 02:00:00+00:00,146.208,146.292,146.131,146.274,1145
2025-07-11 03:00:00+00:00,146.27,146.637,146.24,146.549,7237
2025-07-11 04:00:00+00:00,146.548,146.832,146.516,146.763,4105
2025-07-11 05:00:00+00:00,146.763,147.035,146.737,147.012,4329
2025-07-11 06:00:00+00:00,147.013,147.028,146.855,146.946,2434
2025-07-11 07:00:00+00:00,146.945,147.181,146.91,147.075,2432
2025-07-11 08:00:00+00:00,147.076,147.104,146.82,146.865,2854
2025-07-11 09:00:00+00:00,146.859,146.939,146.729,146.916,4062
2025-07-11 10:00:00+00:00,146.916,146.916,146.718,146.848,3630
2025-07-11 11:00:00+00:00,146.848,146.996,146.748,146.981,3496
2025-07-11 12:00:00+00:00,146.981,147.079,146.919,147.004,2632
2025-07-11 13:00:00+00:00,147.003,147.018,146.769,146.812,2375
2025-07-11 14:00:00+00:00,146.812,147.028,146.763,147.019,3195
2025-07-11 15:00:00+00:00,147.018,147.089,146.783,146.966,5281
2025-07-11 16:00:00+00:00,146.965,147.279,146.9,147.279,6851
2025-07-11 17:00:00+00:00,147.281,147.517,147.268,147.333,6028
2025-07-11 18:00:00+00:00,147.334,147.431,147.257,147.287,3742
2025-07-11 19:00:00+00:00,147.284,147.4,147.248,147.362,2743
2025-07-11 20:00:00+00:00,147.362,147.412,147.314,147.385,1683
2025-07-11 21:00:00+00:00,147.379,147.444,147.342,147.441,2119
2025-07-11 22:00:00+00:00,147.436,147.476,147.366,147.369,2334
2025-07-11 23:00:00+00:00,147.368,147.465,147.339,147.43,1904
2025-07-14 00:00:00+00:00,147.145,147.198,147.121,147.146,207
2025-07-14 01:00:00+00:00,147.153,147.508,147.13,147.499,2822
2025-07-14 02:00:00+00:00,147.499,147.569,147.228,147.29,3180
2025-07-14 03:00:00+00:00,147.291,147.304,146.914,146.945,5775
2025-07-14 04:00:00+00:00,146.945,147.148,146.844,147.127,5174
2025-07-14 05:00:00+00:00,147.129,147.302,147.086,147.272,2711
2025-07-14 06:00:00+00:00,147.274,147.378,147.104,147.297,3655
2025-07-14 07:00:00+00:00,147.301,147.438,147.197,147.37,3184
2025-07-14 08:00:00+00:00,147.369,147.479,147.276,147.36,2876
2025-07-14 09:00:00+00:00,147.36,147.419,147.221,147.255,4269
2025-07-14 10:00:00+00:00,147.255,147.367,147.234,147.366,4583
2025-07-14 11:00:00+00:00,147.367,147.379,147.169,147.314,3853
2025-07-14 12:00:00+00:00,147.317,147.34,147.152,147.279,3280
2025-07-14 13:00:00+00:00,147.279,147.283,147.15,147.196,2565
2025-07-14 14:00:00+00:00,147.197,147.459,147.197,147.407,3146
2025-07-14 15:00:00+00:00,147.411,147.439,147.214,147.384,4170
2025-07-14 16:00:00+00:00,147.385,147.483,147.306,147.35,5452
2025-07-14 17:00:00+00:00,147.349,147.517,147.318,147.459,6467
2025-07-14 18:00:00+00:00,147.459,147.699,147.434,147.686,4770
2025-07-14 19:00:00+00:00,147.691,147.751,147.656,147.711,3471
2025-07-14 20:00:00+00:00,147.711,147.757,147.667,147.709,1639
2025-07-14 21:00:00+00:00,147.709,147.761,147.706,147.757,1588
2025-07-14 22:00:00+00:00,147.758,147.761,147.701,147.718,1225
2025-07-14 23:00:00+00:00,147.72,147.776,147.697,147.698,1279
2025-07-15 00:00:00+00:00,147.686,147.733,147.636,147.685,89
2025-07-15 01:00:00+00:00,147.705,147.789,147.647,147.759,1059
2025-07-15 02:00:00+00:00,147.761,147.883,147.758,147.779,1614
2025-07-15 03:00:00+00:00,147.778,147.789,147.558,147.58,3843
2025-07-15 04:00:00+00:00,147.58,147.794,147.579,147.772,3777
2025-07-15 05:00:00+00:00,147.77,147.815,147.595,147.605,2697
2025-07-15 06:00:00+00:00,147.603,147.68,147.549,147.667,1821
2025-07-15 07:00:00+00:00,147.667,147.707,147.61,147.662,1082
2025-07-15 08:00:00+00:00,147.661,147.666,147.547,147.566,1492
2025-07-15 09:00:00+00:00,147.57,147.742,147.57,147.693,2913
2025-07-15 10:00:00+00:00,147.693,147.785,147.636,147.728,3698
2025-07-15 11:00:00+00:00,147.729,147.762,147.645,147.671,2662
2025-07-15 12:00:00+00:00,147.673,147.74,147.606,147.701,2829
2025-07-15 13:00:00+00:00,147.7,147.77,147.653,147.73,2167
2025-07-15 14:00:00+00:00,147.729,147.943,147.714,147.909,3018
2025-07-15 15:00:00+00:00,147.909,148.144,147.644,147.888,7687
2025-07-15 16:00:00+00:00,147.889,148.653,147.882,148.575,9247
2025-07-15 17:00:00+00:00,148.577,148.892,148.563,148.81,8395
2025-07-15 18:00:00+00:00,148.808,149.015,148.751,148.751,5226
2025-07-15 19:00:00+00:00,148.751,148.976,148.707,148.889,3760
2025-07-15 20:00:00+00:00,148.889,148.991,148.869,148.937,2590
2025-07-15 21:00:00+00:00,148.936,148.957,148.819,148.848,2365
2025-07-15 22:00:00+00:00,148.846,148.916,148.803,148.845,1696
2025-07-15 23:00:00+00:00,148.845,148.882,148.824,148.832,1733
2025-07-16 00:00:00+00:00,148.828,148.888,148.793,148.828,274
2025-07-16 01:00:00+00:00,148.828,148.923,148.828,148.877,1019
2025-07-16 02:00:00+00:00,148.876,148.933,148.718,148.773,2638
2025-07-16 03:00:00+00:00,148.776,149.034,148.699,148.973,5562
2025-07-16 04:00:00+00:00,148.972,149.03,148.734,148.818,5855
2025-07-16 05:00:00+00:00,148.819,148.968,148.819,148.902,2778
2025-07-16 06:00:00+00:00,148.9,149.084,148.864,149.034,2427
2025-07-16 07:00:00+00:00,149.033,149.181,148.907,148.923,3033
2025-07-16 08:00:00+00:00,148.926,148.945,148.78,148.812,4035
2025-07-16 09:00:00+00:00,148.824,148.867,148.616,148.642,4071
2025-07-16 10:00:00+00:00,148.642,148.923,148.614,148.883,3228
2025-07-16 11:00:00+00:00,148.883,148.895,148.72,148.833,3859
2025-07-16 12:00:00+00:00,148.832,148.883,148.648,148.713,3311
2025-07-16 13:00:00+00:00,148.713,148.734,148.645,148.709,2488
2025-07-16 14:00:00+00:00,148.711,148.781,148.619,148.758,2924
2025-07-16 15:00:00+00:00,148.76,148.828,148.465,148.7,7871
2025-07-16 16:00:00+00:00,148.699,148.925,148.601,148.802,6985
2025-07-16 17:00:00+00:00,148.801,148.847,148.299,148.463,7712
2025-07-16 18:00:00+00:00,148.465,148.507,146.906,148.107,19304
2025-07-16 19:00:00+00:00,148.102,148.372,147.81,148.037,11010
2025-07-16 20:00:00+00:00,148.038,148.053,147.483,147.677,6064
2025-07-16 21:00:00+00:00,147.673,147.949,147.635,147.94,3341
2025-07-16 22:00:00+00:00,147.94,148.016,147.814,147.842,2795
2025-07-16 23:00:00+00:00,147.842,147.907,147.799,147.799,3634
2025-07-17 00:00:00+00:00,147.794,147.807,147.721,147.73,460
2025-07-17 01:00:00+00:00,147.763,147.929,147.722,147.875,1640
2025-07-17 02:00:00+00:00,147.865,148.061,147.762,147.989,1946
2025-07-17 03:00:00+00:00,147.991,148.42,147.978,148.377,4087
2025-07-17 04:00:00+00:00,148.377,148.486,148.273,148.336,3720
2025-07-17 05:00:00+00:00,148.338,148.496,148.337,148.45,2671
2025-07-17 06:00:00+00:00,148.449,148.656,148.436,148.543,2603
2025-07-17 07:00:00+00:00,148.542,148.608,148.404,148.414,2035
2025-07-17 08:00:00+00:00,148.415,148.49,148.362,148.479,2733
2025-07-17 09:00:00+00:00,148.481,148.8,148.448,148.623,5532
2025-07-17 10:00:00+00:00,148.621,148.763,148.585,148.716,4699
2025-07-17 11:00:00+00:00,148.715,148.78,148.579,148.58,4302
2025-07-17 12:00:00+00:00,148.579,148.769,148.517,148.747,3433
2025-07-17 13:00:00+00:00,148.746,148.832,148.609,148.637,2738
2025-07-17 14:00:00+00:00,148.636,148.798,148.598,148.762,3244
2025-07-17 15:00:00+00:00,148.761,149.083,148.592,148.709,8902
2025-07-17 16:00:00+00:00,148.709,148.746,148.449,148.575,9115
2025-07-17 17:00:00+00:00,148.574,148.652,148.375,148.475,7688
2025-07-17 18:00:00+00:00,148.475,148.605,148.448,148.548,4385
2025-07-17 19:00:00+00:00,148.548,148.696,148.469,148.62,3388
2025-07-17 20:00:00+00:00,148.618,148.668,148.557,148.655,2872
2025-07-17 21:00:00+00:00,148.653,148.75,148.639,148.72,2651
2025-07-17 22:00:00+00:00,148.72,148.748,148.546,148.582,2835
2025-07-17 23:00:00+00:00,148.582,148.616,148.55,148.587,1901
2025-07-18 00:00:00+00:00,148.508,148.553,148.481,148.492,376
2025-07-18 01:00:00+00:00,148.488,148.566,148.294,148.315,1865
2025-07-18 02:00:00+00:00,148.313,148.447,148.284,148.439,1939
2025-07-18 03:00:00+00:00,148.437,148.62,148.326,148.577,5367
2025-07-18 04:00:00+00:00,148.578,148.616,148.377,148.48,4056
2025-07-18 05:00:00+00:00,148.482,148.572,148.407,148.516,3525
2025-07-18 06:00:00+00:00,148.517,148.665,148.469,148.661,3081
2025-07-18 07:00:00+00:00,148.662,148.719,148.612,148.664,2354
2025-07-18 08:00:00+00:00,148.666,148.802,148.664,148.755,3555
2025-07-18 09:00:00+00:00,148.753,148.832,148.688,148.737,3542
2025-07-18 10:00:00+00:00,148.736,148.881,148.649,148.777,3662
2025-07-18 11:00:00+00:00,148.777,148.777,148.497,148.585,4223
2025-07-18 12:00:00+00:00,148.586,148.719,148.508,148.702,3496
2025-07-18 13:00:00+00:00,148.703,148.714,148.492,148.514,3621
2025-07-18 14:00:00+00:00,148.515,148.578,148.448,148.499,4179
2025-07-18 15:00:00+00:00,148.499,148.523,148.318,148.355,4873
2025-07-18 16:00:00+00:00,148.355,148.463,148.188,148.263,6105
2025-07-18 17:00:00+00:00,148.254,148.51,148.181,148.476,7148
2025-07-18 18:00:00+00:00,148.476,148.558,148.358,148.547,4568
2025-07-18 19:00:00+00:00,148.548,148.727,148.505,148.683,5490
2025-07-18 20:00:00+00:00,148.682,148.788,148.651,148.708,3919
2025-07-18 21:00:00+00:00,148.71,148.781,148.695,148.762,2268
2025-07-18 22:00:00+00:00,148.764,148.803,148.73,148.739,1924
2025-07-18 23:00:00+00:00,148.74,148.844,148.691,148.815,2079
2025-07-21 00:00:00+00:00,147.888,148.232,147.813,148.175,428
2025-07-21 01:00:00+00:00,148.177,148.66,148.177,148.586,3364
2025-07-21 02:00:00+00:00,148.583,148.655,148.37,148.449,3305
2025-07-21 03:00:00+00:00,148.448,148.482,148.237,148.38,4262
2025-07-21 04:00:00+00:00,148.391,148.536,148.328,148.509,4980
2025-07-21 05:00:00+00:00,148.508,148.555,148.432,148.496,2829
2025-07-21 06:00:00+00:00,148.496,148.537,148.387,148.455,2343
2025-07-21 07:00:00+00:00,148.456,148.517,148.418,148.44,2212
2025-07-21 08:00:00+00:00,148.44,148.443,148.256,148.291,2427
2025-07-21 09:00:00+00:00,148.293,148.302,147.77,147.929,4905
2025-07-21 10:00:00+00:00,147.926,148.24,147.914,148.098,5649
2025-07-21 11:00:00+00:00,148.097,148.129,147.688,147.89,6194
2025-07-21 12:00:00+00:00,147.894,147.966,147.843,147.912,3916
2025-07-21 13:00:00+00:00,147.915,147.972,147.75,147.751,3671
2025-07-21 14:00:00+00:00,147.751,147.762,147.504,147.542,4590
2025-07-21 15:00:00+00:00,147.542,147.551,147.331,147.49,4484
2025-07-21 16:00:00+00:00,147.492,147.718,147.492,147.523,5580
2025-07-21 17:00:00+00:00,147.523,147.541,147.283,147.422,6726
2025-07-21 18:00:00+00:00,147.423,147.423,147.253,147.264,4651
2025-07-21 19:00:00+00:00,147.263,147.326,147.078,147.158,3867
2025-07-21 20:00:00+00:00,147.153,147.305,147.107,147.25,2423
2025-07-21 21:00:00+00:00,147.249,147.377,147.213,147.323,2093
2025-07-21 22:00:00+00:00,147.322,147.368,147.267,147.353,2554
2025-07-21 23:00:00+00:00,147.353,147.433,147.316,147.316,1506
2025-07-22 00:00:00+00:00,147.266,147.3,147.178,147.292,188
2025-07-22 01:00:00+00:00,147.292,147.41,147.291,147.393,943
2025-07-22 02:00:00+00:00,147.395,147.49,147.384,147.395,1765
2025-07-22 03:00:00+00:00,147.396,147.707,147.388,147.482,5822
2025-07-22 04:00:00+00:00,147.482,147.637,147.448,147.577,3810
2025-07-22 05:00:00+00:00,147.578,147.58,147.407,147.457,2488
2025-07-22 06:00:00+00:00,147.458,147.606,147.412,147.57,3191
2025-07-22 07:00:00+00:00,147.569,147.666,147.533,147.633,3384
2025-07-22 08:00:00+00:00,147.632,147.804,147.599,147.766,3139
2025-07-22 09:00:00+00:00,147.767,147.926,147.716,147.818,3495
2025-07-22 10:00:00+00:00,147.816,147.942,147.701,147.705,3622
2025-07-22 11:00:00+00:00,147.706,147.759,147.603,147.609,3714
2025-07-22 12:00:00+00:00,147.607,147.607,147.417,147.432,3865
2025-07-22 13:00:00+00:00,147.433,147.551,147.357,147.53,2252
2025-07-22 14:00:00+00:00,147.53,147.566,147.153,147.191,3815
2025-07-22 15:00:00+00:00,147.192,147.25,146.737,146.8,5857
2025-07-22 16:00:00+00:00,146.798,146.887,146.502,146.57,7610
2025-07-22 17:00:00+00:00,146.569,146.668,146.319,146.447,8072
2025-07-22 18:00:00+00:00,146.447,146.525,146.339,146.363,7331
2025-07-22 19:00:00+00:00,146.362,146.47,146.304,146.421,4106
2025-07-22 20:00:00+00:00,146.421,146.58,146.42,146.55,3041
2025-07-22 21:00:00+00:00,146.551,146.588,146.519,146.559,2052
2025-07-22 22:00:00+00:00,146.561,146.598,146.485,146.555,2216
2025-07-22 23:00:00+00:00,146.558,146.677,146.546,146.614,1841
2025-07-23 00:00:00+00:00,146.561,146.61,146.487,146.557,225
2025-07-23 01:00:00+00:00,146.555,146.771,146.543,146.688,1456
2025-07-23 02:00:00+00:00,146.68,146.939,146.243,146.756,6940
2025-07-23 03:00:00+00:00,146.756,146.806,146.193,146.435,10427
2025-07-23 04:00:00+00:00,146.433,146.719,146.385,146.602,8348
2025-07-23 05:00:00+00:00,146.604,147.197,146.416,146.932,8237
2025-07-23 06:00:00+00:00,146.932,147.011,146.74,146.918,4549
2025-07-23 07:00:00+00:00,146.918,147.071,146.906,146.939,4252
2025-07-23 08:00:00+00:00,146.939,147.202,146.853,147.157,4322
2025-07-23 09:00:00+00:00,147.157,147.209,146.649,146.852,7370
2025-07-23 10:00:00+00:00,146.853,146.88,146.593,146.747,6154
2025-07-23 11:00:00+00:00,146.735,146.9,146.637,146.788,6545
2025-07-23 12:00:00+00:00,146.792,146.795,146.462,146.5,4705
2025-07-23 13:00:00+00:00,146.5,146.546,146.277,146.405,4238
2025-07-23 14:00:00+00:00,146.405,146.415,146.105,146.203,4675
2025-07-23 15:00:00+00:00,146.201,146.492,146.156,146.409,5140
2025-07-23 16:00:00+00:00,146.409,146.726,146.367,146.539,8046
2025-07-23 17:00:00+00:00,146.534,146.588,146.284,146.413,6450
2025-07-23 18:00:00+00:00,146.416,146.566,146.232,146.546,6506
2025-07-23 19:00:00+00:00,146.546,146.612,146.411,146.573,6606
2025-07-23 20:00:00+00:00,146.574,146.618,146.47,146.528,4922
2025-07-23 21:00:00+00:00,146.529,146.538,146.368,146.461,3928
2025-07-23 22:00:00+00:00,146.462,146.573,146.42,146.524,2403
2025-07-23 23:00:00+00:00,146.525,146.527,146.417,146.417,2327
2025-07-24 00:00:00+00:00,146.408,146.489,146.337,146.407,671
2025-07-24 01:00:00+00:00,146.425,146.514,146.353,146.445,1689
2025-07-24 02:00:00+00:00,146.442,146.444,146.237,146.342,2976
2025-07-24 03:00:00+00:00,146.341,146.487,146.261,146.427,6029
2025-07-24 04:00:00+00:00,146.427,146.432,145.849,145.929,6325
2025-07-24 05:00:00+00:00,145.929,146.147,145.929,146.038,4216
2025-07-24 06:00:00+00:00,146.037,146.103,145.892,146.003,3814
2025-07-24 07:00:00+00:00,146.005,146.078,145.926,146.014,3456
2025-07-24 08:00:00+00:00,146.013,146.107,145.951,146.01,4020
2025-07-24 09:00:00+00:00,146.003,146.301,145.986,146.27,6025
2025-07-24 10:00:00+00:00,146.268,146.455,146.137,146.416,6449
2025-07-24 11:00:00+00:00,146.41,146.561,146.306,146.54,5335
2025-07-24 12:00:00+00:00,146.541,146.644,146.519,146.549,5159
2025-07-24 13:00:00+00:00,146.549,146.654,146.522,146.566,3449
2025-07-24 14:00:00+00:00,146.566,146.618,146.46,146.478,4382
2025-07-24 15:00:00+00:00,146.478,146.826,146.444,146.791,7087
2025-07-24 16:00:00+00:00,146.79,146.868,146.476,146.539,10654
2025-07-24 17:00:00+00:00,146.541,146.813,146.352,146.778,9641
2025-07-24 18:00:00+00:00,146.777,146.939,146.731,146.923,7098
2025-07-24 19:00:00+00:00,146.923,146.948,146.78,146.894,4024
2025-07-24 20:00:00+00:00,146.894,146.895,146.749,146.808,3715
2025-07-24 21:00:00+00:00,146.808,146.925,146.791,146.915,3044
2025-07-24 22:00:00+00:00,146.915,146.963,146.846,146.932,2826
2025-07-24 23:00:00+00:00,146.931,147.02,146.879,146.978,4593
2025-07-25 00:00:00+00:00,146.937,147.099,146.885,147.085,442
2025-07-25 01:00:00+00:00,147.085,147.232,147.024,147.049,1855
2025-07-25 02:00:00+00:00,147.052,147.113,146.958,147.003,2566
2025-07-25 03:00:00+00:00,147.004,147.338,146.982,147.205,5999
2025-07-25 04:00:00+00:00,147.206,147.458,147.157,147.356,4684
2025-07-25 05:00:00+00:00,147.355,147.489,147.343,147.411,3399
2025-07-25 06:00:00+00:00,147.413,147.434,147.186,147.213,2593
2025-07-25 07:00:00+00:00,147.209,147.267,147.094,147.136,3301
2025-07-25 08:00:00+00:00,147.137,147.156,146.808,146.93,3924
2025-07-25 09:00:00+00:00,146.923,147.091,146.844,147.054,5948
2025-07-25 10:00:00+00:00,147.053,147.409,147.036,147.376,6711
2025-07-25 11:00:00+00:00,147.375,147.828,147.355,147.749,6268
2025-07-25 12:00:00+00:00,147.751,147.889,147.721,147.865,3486
2025-07-25 13:00:00+00:00,147.868,147.899,147.746,147.769,3785
2025-07-25 14:00:00+00:00,147.768,147.937,147.64,147.673,4108
2025-07-25 15:00:00+00:00,147.672,147.931,147.6,147.85,6091
2025-07-25 16:00:00+00:00,147.851,147.917,147.598,147.665,11600
2025-07-25 17:00:00+00:00,147.66,147.761,147.525,147.726,9561
2025-07-25 18:00:00+00:00,147.726,147.8,147.655,147.777,6619
2025-07-25 19:00:00+00:00,147.778,147.83,147.724,147.755,4149
2025-07-25 20:00:00+00:00,147.753,147.775,147.653,147.671,3595
2025-07-25 21:00:00+00:00,147.671,147.679,147.543,147.558,4228
2025-07-25 22:00:00+00:00,147.559,147.613,147.527,147.612,3442
2025-07-25 23:00:00+00:00,147.611,147.686,147.611,147.651,2027
2025-07-28 00:00:00+00:00,147.744,147.744,147.656,147.664,180
2025-07-28 01:00:00+00:00,147.656,147.824,147.611,147.81,2228
2025-07-28 02:00:00+00:00,147.807,147.871,147.74,147.778,3400
2025-07-28 03:00:00+00:00,147.779,147.807,147.596,147.611,8284
2025-07-28 04:00:00+00:00,147.611,147.873,147.513,147.86,6349
2025-07-28 05:00:00+00:00,147.862,148.017,147.818,147.83,4945
2025-07-28 06:00:00+00:00,147.829,147.864,147.685,147.71,3697
2025-07-28 07:00:00+00:00,147.71,147.79,147.62,147.739,3023
2025-07-28 08:00:00+00:00,147.749,147.87,147.728,147.848,3054
2025-07-28 09:00:00+00:00,147.849,148.205,147.834,148.014,6526
2025-07-28 10:00:00+00:00,148.014,148.333,147.785,148.286,6819
2025-07-28 11:00:00+00:00,148.288,148.367,148.154,148.269,5618
2025-07-28 12:00:00+00:00,148.267,148.409,148.221,148.383,5084
2025-07-28 13:00:00+00:00,148.384,148.429,148.288,148.406,5506
2025-07-28 14:00:00+00:00,148.405,148.44,148.071,148.137,5634
2025-07-28 15:00:00+00:00,148.136,148.182,148.024,148.046,8342
2025-07-28 16:00:00+00:00,148.048,148.323,147.932,148.288,9334
2025-07-28 17:00:00+00:00,148.289,148.315,148.093,148.272,7158
2025-07-28 18:00:00+00:00,148.271,148.489,148.251,148.453,4691
2025-07-28 19:00:00+00:00,148.453,148.516,148.437,148.483,3298
2025-07-28 20:00:00+00:00,148.483,148.54,148.388,148.52,2798
2025-07-28 21:00:00+00:00,148.52,148.572,148.475,148.55,2730
2025-07-28 22:00:00+00:00,148.549,148.555,148.516,148.544,2219
2025-07-28 23:00:00+00:00,148.543,148.574,148.492,148.526,1697
2025-07-29 00:00:00+00:00,148.432,148.561,148.378,148.547,114
2025-07-29 01:00:00+00:00,148.548,148.578,148.486,148.496,1364
2025-07-29 02:00:00+00:00,148.495,148.631,148.451,148.453,2068
2025-07-29 03:00:00+00:00,148.455,148.706,148.436,148.68,4749
2025-07-29 04:00:00+00:00,148.679,148.699,148.463,148.585,5459
2025-07-29 05:00:00+00:00,148.585,148.585,148.285,148.339,4285
2025-07-29 06:00:00+00:00,148.341,148.444,148.304,148.351,3569
2025-07-29 07:00:00+00:00,148.352,148.495,148.324,148.343,4294
2025-07-29 08:00:00+00:00,148.343,148.402,148.168,148.236,3396
2025-07-29 09:00:00+00:00,148.236,148.537,148.153,148.516,6534
2025-07-29 10:00:00+00:00,148.515,148.742,148.483,148.574,7017
2025-07-29 11:00:00+00:00,148.578,148.602,148.349,148.548,5275
2025-07-29 12:00:00+00:00,148.549,148.569,148.445,148.546,4195
2025-07-29 13:00:00+00:00,148.547,148.608,148.381,148.538,3943
2025-07-29 14:00:00+00:00,148.54,148.749,148.51,148.712,4070
2025-07-29 15:00:00+00:00,148.712,148.767,148.598,148.701,5508
2025-07-29 16:00:00+00:00,148.701,148.804,148.523,148.56,6598
2025-07-29 17:00:00+00:00,148.554,148.743,148.431,148.468,9722
2025-07-29 18:00:00+00:00,148.47,148.617,148.346,148.571,7291
2025-07-29 19:00:00+00:00,148.57,148.597,148.447,148.556,4157
2025-07-29 20:00:00+00:00,148.556,148.581,148.332,148.483,4175
2025-07-29 21:00:00+00:00,148.483,148.551,148.426,148.426,3382
2025-07-29 22:00:00+00:00,148.426,148.501,148.341,148.497,2141
2025-07-29 23:00:00+00:00,148.498,148.509,148.442,148.449,1628
2025-07-30 00:00:00+00:00,148.391,148.448,148.38,148.393,311
2025-07-30 01:00:00+00:00,148.415,148.492,148.415,148.467,1336
2025-07-30 02:00:00+00:00,148.466,148.52,148.412,148.419,1431
2025-07-30 03:00:00+00:00,148.421,148.445,148.032,148.053,5944
2025-07-30 04:00:00+00:00,148.052,148.158,147.936,148.137,5235
2025-07-30 05:00:00+00:00,148.138,148.151,148.025,148.041,3025
2025-07-30 06:00:00+00:00,148.041,148.041,147.84,147.969,3209
2025-07-30 07:00:00+00:00,147.968,148.167,147.962,148.151,2967
2025-07-30 08:00:00+00:00,148.152,148.167,147.85,148.022,4682
2025-07-30 09:00:00+00:00,148.025,148.128,147.856,147.892,4862
2025-07-30 10:00:00+00:00,147.896,148.078,147.799,148.076,6204
2025-07-30 11:00:00+00:00,148.078,148.115,147.918,147.956,5956
2025-07-30 12:00:00+00:00,147.956,148.066,147.851,148.033,5247
2025-07-30 13:00:00+00:00,148.037,148.288,147.977,148.167,4598
2025-07-30 14:00:00+00:00,148.166,148.355,148.109,148.305,4767
2025-07-30 15:00:00+00:00,148.304,148.882,148.259,148.847,10070
2025-07-30 16:00:00+00:00,148.849,149.099,148.824,149.048,8921
2025-07-30 17:00:00+00:00,149.049,149.053,148.867,148.921,6458
2025-07-30 18:00:00+00:00,148.92,149.108,148.84,149.071,5875
2025-07-30 19:00:00+00:00,149.071,149.124,148.922,148.929,3267
2025-07-30 20:00:00+00:00,148.928,148.93,148.769,148.769,3445
2025-07-30 21:00:00+00:00,148.769,149.348,148.518,149.341,15513
2025-07-30 22:00:00+00:00,149.342,149.433,149.22,149.413,8270
2025-07-30 23:00:00+00:00,149.41,149.529,149.359,149.494,3305
2025-07-31 00:00:00+00:00,149.47,149.47,149.422,149.439,250
2025-07-31 01:00:00+00:00,149.451,149.459,149.292,149.309,2058
2025-07-31 02:00:00+00:00,149.309,149.39,149.205,149.219,2682
2025-07-31 03:00:00+00:00,149.219,149.388,149.174,149.3,5290
2025-07-31 04:00:00+00:00,149.3,149.335,148.957,148.972,5741
2025-07-31 05:00:00+00:00,148.973,148.994,148.628,148.833,4126
2025-07-31 06:00:00+00:00,148.83,148.914,148.582,148.741,4493
2025-07-31 07:00:00+00:00,148.74,148.954,148.728,148.882,4779
2025-07-31 08:00:00+00:00,148.882,148.92,148.738,148.782,4632
2025-07-31 09:00:00+00:00,148.785,149.085,148.679,148.871,8967
2025-07-31 10:00:00+00:00,148.87,149.719,148.849,149.392,9815
2025-07-31 11:00:00+00:00,149.392,149.693,149.294,149.628,7646
2025-07-31 12:00:00+00:00,149.629,149.953,149.616,149.947,5001
2025-07-31 13:00:00+00:00,149.95,150.041,149.867,149.94,5249
2025-07-31 14:00:00+00:00,149.94,150.099,149.808,149.871,6716
2025-07-31 15:00:00+00:00,149.876,150.252,149.807,150.185,9536
2025-07-31 16:00:00+00:00,150.184,150.579,150.17,150.561,8758
2025-07-31 17:00:00+00:00,150.56,150.629,150.372,150.474,9481
2025-07-31 18:00:00+00:00,150.474,150.6,150.342,150.6,8557
2025-07-31 19:00:00+00:00,150.602,150.785,150.586,150.681,4900
2025-07-31 20:00:00+00:00,150.679,150.717,150.553,150.659,5649
2025-07-31 21:00:00+00:00,150.659,150.783,150.658,150.752,4225
2025-07-31 22:00:00+00:00,150.754,150.796,150.687,150.792,4335
2025-07-31 23:00:00+00:00,150.793,150.834,150.734,150.752,4004
2025-08-01 00:00:00+00:00,150.684,150.728,150.649,150.686,228
2025-08-01 01:00:00+00:00,150.687,150.795,150.682,150.739,1934
2025-08-01 02:00:00+00:00,150.738,150.876,150.635,150.803,3767
2025-08-01 03:00:00+00:00,150.799,150.89,150.587,150.73,7618
2025-08-01 04:00:00+00:00,150.731,150.914,150.625,150.899,7233
2025-08-01 05:00:00+00:00,150.899,150.908,150.701,150.759,4582
2025-08-01 06:00:00+00:00,150.76,150.773,150.547,150.582,3891
2025-08-01 07:00:00+00:00,150.583,150.654,150.547,150.602,2830
2025-08-01 08:00:00+00:00,150.604,150.656,150.411,150.469,3208
2025-08-01 09:00:00+00:00,150.471,150.645,150.445,150.601,4889
2025-08-01 10:00:00+00:00,150.599,150.618,150.45,150.532,6512
2025-08-01 11:00:00+00:00,150.529,150.622,150.505,150.605,4889
2025-08-01 12:00:00+00:00,150.605,150.625,150.413,150.503,4695
2025-08-01 13:00:00+00:00,150.496,150.508,150.316,150.354,4985
2025-08-01 14:00:00+00:00,150.355,150.523,150.278,150.515,4655
2025-08-01 15:00:00+00:00,150.513,150.595,148.559,148.629,16475
2025-08-01 16:00:00+00:00,148.628,148.657,147.983,148.128,21180
2025-08-01 17:00:00+00:00,148.096,148.219,147.479,148.083,21362
2025-08-01 18:00:00+00:00,148.086,148.18,147.925,148.052,12466
2025-08-01 19:00:00+00:00,148.052,148.103,147.776,147.824,7318
2025-08-01 20:00:00+00:00,147.824,147.946,147.722,147.872,7490
2025-08-01 21:00:00+00:00,147.873,147.897,147.676,147.846,6766
2025-08-01 22:00:00+00:00,147.841,147.857,147.319,147.435,7667
2025-08-01 23:00:00+00:00,147.435,147.453,147.286,147.355,3878
2025-08-04 00:00:00+00:00,147.224,147.248,147.186,147.195,227
2025-08-04 01:00:00+00:00,147.196,147.291,147.052,147.239,3058
2025-08-04 02:00:00+00:00,147.238,147.379,147.111,147.342,3928
2025-08-04 03:00:00+00:00,147.343,147.687,147.264,147.646,9719
2025-08-04 04:00:00+00:00,147.647,147.902,147.615,147.761,6718
2025-08-04 05:00:00+00:00,147.761,147.859,147.621,147.789,4011
2025-08-04 06:00:00+00:00,147.789,147.789,147.583,147.687,3067
2025-08-04 07:00:00+00:00,147.686,147.705,147.55,147.682,2679
2025-08-04 08:00:00+00:00,147.681,147.867,147.65,147.778,5786
2025-08-04 09:00:00+00:00,147.777,147.842,147.531,147.641,6161
2025-08-04 10:00:00+00:00,147.639,148.04,147.593,147.878,8500
2025-08-04 11:00:00+00:00,147.876,148.084,147.858,147.889,7189
2025-08-04 12:00:00+00:00,147.889,147.941,147.675,147.809,5297
2025-08-04 13:00:00+00:00,147.807,147.847,147.56,147.572,4087
2025-08-04 14:00:00+00:00,147.572,147.594,147.338,147.34,5656
2025-08-04 15:00:00+00:00,147.338,147.434,147.0,147.187,6805
2025-08-04 16:00:00+00:00,147.187,147.315,146.951,147.081,9514
2025-08-04 17:00:00+00:00,147.078,147.258,146.86,147.226,10728
2025-08-04 18:00:00+00:00,147.226,147.349,147.04,147.094,6676
2025-08-04 19:00:00+00:00,147.094,147.211,146.999,147.033,4416
2025-08-04 20:00:00+00:00,147.031,147.092,146.956,146.961,3591
2025-08-04 21:00:00+00:00,146.96,147.003,146.904,146.942,4139
2025-08-04 22:00:00+00:00,146.942,147.053,146.906,147.023,2941
2025-08-04 23:00:00+00:00,147.022,147.108,146.949,147.063,3012
2025-08-05 00:00:00+00:00,147.032,147.107,146.94,147.05,514
2025-08-05 01:00:00+00:00,147.058,147.058,146.873,146.906,1797
2025-08-05 02:00:00+00:00,146.908,146.929,146.69,146.789,2728
2025-08-05 03:00:00+00:00,146.788,147.032,146.613,146.921,7099
2025-08-05 04:00:00+00:00,146.921,147.11,146.879,147.05,6238
2025-08-05 05:00:00+00:00,147.051,147.225,147.035,147.182,5201
2025-08-05 06:00:00+00:00,147.183,147.255,147.13,147.214,4010
2025-08-05 07:00:00+00:00,147.213,147.257,146.999,147.079,3959
2025-08-05 08:00:00+00:00,147.08,147.236,147.053,147.169,6082
2025-08-05 09:00:00+00:00,147.168,147.338,147.027,147.322,6263
2025-08-05 10:00:00+00:00,147.321,147.483,147.151,147.383,7004
2025-08-05 11:00:00+00:00,147.384,147.63,147.331,147.577,5758
2025-08-05 12:00:00+00:00,147.576,147.635,147.446,147.621,4949
2025-08-05 13:00:00+00:00,147.622,147.771,147.577,147.616,4451
2025-08-05 14:00:00+00:00,147.617,147.69,147.541,147.627,3460
2025-08-05 15:00:00+00:00,147.625,147.752,147.535,147.66,7797
2025-08-05 16:00:00+00:00,147.659,147.831,147.502,147.727,8616
2025-08-05 17:00:00+00:00,147.685,147.728,147.349,147.445,13357
2025-08-05 18:00:00+00:00,147.444,147.565,147.299,147.49,9824
2025-08-05 19:00:00+00:00,147.49,147.589,147.423,147.542,4893
2025-08-05 20:00:00+00:00,147.542,147.649,147.481,147.616,4079
2025-08-05 21:00:00+00:00,147.617,147.676,147.587,147.605,3302
2025-08-05 22:00:00+00:00,147.604,147.699,147.577,147.604,2399
2025-08-05 23:00:00+00:00,147.605,147.613,147.495,147.566,2342
2025-08-06 00:00:00+00:00,147.529,147.554,147.462,147.537,1485
2025-08-06 01:00:00+00:00,147.539,147.634,147.536,147.558,1666
2025-08-06 02:00:00+00:00,147.559,147.64,147.512,147.523,1998
2025-08-06 03:00:00+00:00,147.523,147.617,147.445,147.579,4831
2025-08-06 04:00:00+00:00,147.578,147.723,147.578,147.69,5136
2025-08-06 05:00:00+00:00,147.69,147.743,147.522,147.55,3879
2025-08-06 06:00:00+00:00,147.55,147.553,147.33,147.393,4097
2025-08-06 07:00:00+00:00,147.393,147.443,147.303,147.341,3468
2025-08-06 08:00:00+00:00,147.343,147.54,147.332,147.446,4618
2025-08-06 09:00:00+00:00,147.447,147.547,147.357,147.545,4746
2025-08-06 10:00:00+00:00,147.547,147.689,147.528,147.558,4477
2025-08-06 11:00:00+00:00,147.558,147.841,147.552,147.803,4936
2025-08-06 12:00:00+00:00,147.806,147.88,147.711,147.82,4385
2025-08-06 13:00:00+00:00,147.822,147.838,147.556,147.577,4871
2025-08-06 14:00:00+00:00,147.576,147.649,147.436,147.533,3668
2025-08-06 15:00:00+00:00,147.535,147.591,147.402,147.436,5061
2025-08-06 16:00:00+00:00,147.436,147.449,147.237,147.243,6538
2025-08-06 17:00:00+00:00,147.241,147.431,147.241,147.385,7279
2025-08-06 18:00:00+00:00,147.388,147.654,147.206,147.252,8725
2025-08-06 19:00:00+00:00,147.252,147.415,147.209,147.342,5819
2025-08-06 20:00:00+00:00,147.344,147.4,147.215,147.236,4790
2025-08-06 21:00:00+00:00,147.234,147.271,146.972,147.063,3669
2025-08-06 22:00:00+00:00,147.063,147.183,147.062,147.179,2936
2025-08-06 23:00:00+00:00,147.179,147.627,147.16,147.341,3659
2025-08-07 00:00:00+00:00,147.304,147.439,147.298,147.321,301
2025-08-07 01:00:00+00:00,147.323,147.331,147.198,147.21,1746
2025-08-07 02:00:00+00:00,147.216,147.249,147.148,147.192,2090
2025-08-07 03:00:00+00:00,147.187,147.594,147.168,147.578,4968
2025-08-07 04:00:00+00:00,147.579,147.681,147.477,147.488,5856
2025-08-07 05:00:00+00:00,147.488,147.573,147.439,147.562,3551
2025-08-07 06:00:00+00:00,147.561,147.707,147.475,147.506,4061
2025-08-07 07:00:00+00:00,147.505,147.527,147.263,147.3,4464
2025-08-07 08:00:00+00:00,147.3,147.342,147.212,147.273,4778
2025-08-07 09:00:00+00:00,147.273,147.298,146.796,146.851,5672
2025-08-07 10:00:00+00:00,146.854,146.958,146.687,146.8,7260
2025-08-07 11:00:00+00:00,146.804,147.179,146.774,147.128,8245
2025-08-07 12:00:00+00:00,147.127,147.348,147.109,147.341,4653
2025-08-07 13:00:00+00:00,147.342,147.398,147.278,147.322,4207
2025-08-07 14:00:00+00:00,147.324,147.49,147.251,147.306,6610
2025-08-07 15:00:00+00:00,147.307,147.389,147.016,147.282,8268
2025-08-07 16:00:00+00:00,147.283,147.313,147.106,147.271,10151
2025-08-07 17:00:00+00:00,147.272,147.538,147.19,147.486,12288
2025-08-07 18:00:00+00:00,147.485,147.581,147.319,147.36,6817
2025-08-07 19:00:00+00:00,147.358,147.431,147.299,147.357,3965
2025-08-07 20:00:00+00:00,147.357,147.465,147.355,147.416,3935
2025-08-07 21:00:00+00:00,147.414,147.561,147.382,147.559,3203
2025-08-07 22:00:00+00:00,147.559,147.561,146.939,147.077,5919
2025-08-07 23:00:00+00:00,147.074,147.151,146.953,147.095,3060
2025-08-08 00:00:00+00:00,146.985,147.074,146.968,146.983,326
2025-08-08 01:00:00+00:00,146.98,147.059,146.809,146.944,2630
2025-08-08 02:00:00+00:00,146.94,146.955,146.755,146.798,3245
2025-08-08 03:00:00+00:00,146.783,147.189,146.715,147.142,7708
2025-08-08 04:00:00+00:00,147.142,147.368,147.127,147.281,4632
2025-08-08 05:00:00+00:00,147.28,147.307,147.152,147.194,2407
2025-08-08 06:00:00+00:00,147.196,147.302,147.163,147.186,2786
2025-08-08 07:00:00+00:00,147.185,147.206,147.11,147.154,3065
2025-08-08 08:00:00+00:00,147.158,147.416,147.144,147.407,4246
2025-08-08 09:00:00+00:00,147.404,147.447,147.242,147.321,3969
2025-08-08 10:00:00+00:00,147.321,147.389,147.131,147.319,4856
2025-08-08 11:00:00+00:00,147.317,147.691,147.155,147.644,6792
2025-08-08 12:00:00+00:00,147.642,147.721,147.539,147.704,5550
2025-08-08 13:00:00+00:00,147.706,147.832,147.636,147.794,4463
2025-08-08 14:00:00+00:00,147.796,147.844,147.704,147.809,3639
2025-08-08 15:00:00+00:00,147.811,147.887,147.633,147.839,6334
2025-08-08 16:00:00+00:00,147.84,147.897,147.641,147.874,6982
2025-08-08 17:00:00+00:00,147.876,147.899,147.686,147.813,6887
2025-08-08 18:00:00+00:00,147.82,147.829,147.63,147.701,5260
2025-08-08 19:00:00+00:00,147.701,147.831,147.672,147.733,5345
2025-08-08 20:00:00+00:00,147.733,147.751,147.653,147.736,4406
2025-08-08 21:00:00+00:00,147.734,147.773,147.624,147.66,5182
2025-08-08 22:00:00+00:00,147.661,147.814,147.641,147.75,3263
2025-08-08 23:00:00+00:00,147.75,147.799,147.659,147.675,3182
2025-08-11 00:00:00+00:00,147.462,147.636,147.462,147.533,389
2025-08-11 01:00:00+00:00,147.533,147.784,147.533,147.726,1363
2025-08-11 02:00:00+00:00,147.713,147.765,147.62,147.65,1965
2025-08-11 03:00:00+00:00,147.651,147.738,147.564,147.656,4578
2025-08-11 04:00:00+00:00,147.655,147.71,147.586,147.608,3248
2025-08-11 05:00:00+00:00,147.607,147.611,147.517,147.552,3078
2025-08-11 06:00:00+00:00,147.552,147.596,147.425,147.473,3357
2025-08-11 07:00:00+00:00,147.473,147.489,147.421,147.477,2033
2025-08-11 08:00:00+00:00,147.477,147.527,147.468,147.517,1741
2025-08-11 09:00:00+00:00,147.515,147.604,147.468,147.589,3488
2025-08-11 10:00:00+00:00,147.588,147.658,147.351,147.384,4202
2025-08-11 11:00:00+00:00,147.383,147.543,147.346,147.5,4436
2025-08-11 12:00:00+00:00,147.501,147.701,147.48,147.68,2966
2025-08-11 13:00:00+00:00,147.679,147.738,147.661,147.731,2090
2025-08-11 14:00:00+00:00,147.732,147.941,147.715,147.862,3491
2025-08-11 15:00:00+00:00,147.862,147.945,147.804,147.805,4073
2025-08-11 16:00:00+00:00,147.805,147.942,147.782,147.882,5286
2025-08-11 17:00:00+00:00,147.881,148.068,147.869,148.043,6069
2025-08-11 18:00:00+00:00,148.044,148.108,147.939,147.993,3438
2025-08-11 19:00:00+00:00,147.993,148.023,147.907,147.986,2363
2025-08-11 20:00:00+00:00,147.985,148.062,147.966,147.989,3828
2025-08-11 21:00:00+00:00,147.988,148.161,147.977,148.131,2886
2025-08-11 22:00:00+00:00,148.13,148.234,148.116,148.224,1907
2025-08-11 23:00:00+00:00,148.225,148.247,148.09,148.137,1678
2025-08-12 00:00:00+00:00,148.103,148.109,147.958,148.082,310
2025-08-12 01:00:00+00:00,148.097,148.231,148.083,148.188,1127
2025-08-12 02:00:00+00:00,148.189,148.217,148.114,148.146,1156
2025-08-12 03:00:00+00:00,148.147,148.427,148.125,148.401,4817
2025-08-12 04:00:00+00:00,148.4,148.4,148.203,148.297,3629
2025-08-12 05:00:00+00:00,148.298,148.336,148.252,148.289,2419
2025-08-12 06:00:00+00:00,148.289,148.438,148.262,148.41,2568
2025-08-12 07:00:00+00:00,148.412,148.441,148.34,148.35,2302
2025-08-12 08:00:00+00:00,148.348,148.397,148.231,148.335,4944
2025-08-12 09:00:00+00:00,148.337,148.397,148.143,148.266,5076
2025-08-12 10:00:00+00:00,148.265,148.363,148.202,148.259,5567
2025-08-12 11:00:00+00:00,148.261,148.461,148.257,148.419,3938
2025-08-12 12:00:00+00:00,148.413,148.478,148.345,148.467,2956
2025-08-12 13:00:00+00:00,148.468,148.476,148.363,148.461,2087
2025-08-12 14:00:00+00:00,148.459,148.489,148.438,148.438,2362
2025-08-12 15:00:00+00:00,148.437,148.514,147.848,148.028,12093
2025-08-12 16:00:00+00:00,148.029,148.442,147.894,148.198,14139
2025-08-12 17:00:00+00:00,148.198,148.396,148.069,148.158,10711
2025-08-12 18:00:00+00:00,148.159,148.172,147.574,147.801,8707
2025-08-12 19:00:00+00:00,147.801,147.857,147.653,147.709,7167
2025-08-12 20:00:00+00:00,147.708,147.791,147.683,147.76,5594
2025-08-12 21:00:00+00:00,147.759,147.799,147.687,147.733,3806
2025-08-12 22:00:00+00:00,147.736,147.78,147.693,147.755,3157
2025-08-12 23:00:00+00:00,147.756,147.87,147.742,147.84,2169
2025-08-13 00:00:00+00:00,147.709,147.844,147.696,147.825,290
2025-08-13 01:00:00+00:00,147.825,147.838,147.759,147.787,1174
2025-08-13 02:00:00+00:00,147.785,147.814,147.73,147.769,1496
2025-08-13 03:00:00+00:00,147.769,147.889,147.696,147.796,5849
2025-08-13 04:00:00+00:00,147.795,148.082,147.725,148.051,5610
2025-08-13 05:00:00+00:00,148.051,148.164,148.022,148.039,3205
2025-08-13 06:00:00+00:00,148.045,148.104,147.956,147.996,2380
2025-08-13 07:00:00+00:00,147.997,148.097,147.926,147.926,2942
2025-08-13 08:00:00+00:00,147.927,148.005,147.89,147.925,3319
2025-08-13 09:00:00+00:00,147.926,147.943,147.714,147.779,5065
2025-08-13 10:00:00+00:00,147.779,147.789,147.397,147.525,6441
2025-08-13 11:00:00+00:00,147.525,147.53,147.197,147.262,5161
2025-08-13 12:00:00+00:00,147.263,147.267,147.175,147.212,4678
2025-08-13 13:00:00+00:00,147.216,147.413,147.187,147.404,4602
2025-08-13 14:00:00+00:00,147.403,147.56,147.27,147.277,3855
2025-08-13 15:00:00+00:00,147.276,147.487,147.151,147.403,6228
2025-08-13 16:00:00+00:00,147.402,147.429,147.188,147.202,7241
2025-08-13 17:00:00+00:00,147.201,147.245,147.096,147.141,9410
2025-08-13 18:00:00+00:00,147.142,147.308,147.083,147.244,5786
2025-08-13 19:00:00+00:00,147.244,147.344,147.21,147.339,4981
2025-08-13 20:00:00+00:00,147.339,147.421,147.314,147.385,3791
2025-08-13 21:00:00+00:00,147.384,147.507,147.383,147.429,2671
2025-08-13 22:00:00+00:00,147.43,147.471,147.38,147.441,1904
2025-08-13 23:00:00+00:00,147.442,147.452,147.316,147.369,1832
2025-08-14 00:00:00+00:00,147.334,147.356,147.225,147.261,328
2025-08-14 01:00:00+00:00,147.26,147.354,147.245,147.255,791
2025-08-14 02:00:00+00:00,147.253,147.255,147.108,147.116,1301
2025-08-14 03:00:00+00:00,147.114,147.117,146.615,146.686,6583
2025-08-14 04:00:00+00:00,146.689,146.689,146.369,146.49,8558
2025-08-14 05:00:00+00:00,146.491,146.731,146.491,146.696,4563
2025-08-14 06:00:00+00:00,146.697,146.746,146.536,146.542,2529
2025-08-14 07:00:00+00:00,146.543,146.561,146.333,146.38,2512
2025-08-14 08:00:00+00:00,146.38,146.565,146.38,146.463,3229
2025-08-14 09:00:00+00:00,146.459,146.523,146.21,146.481,7001
2025-08-14 10:00:00+00:00,146.481,146.58,146.306,146.547,8484
2025-08-14 11:00:00+00:00,146.548,146.629,146.419,146.548,5902
2025-08-14 12:00:00+00:00,146.546,146.647,146.431,146.626,5561
2025-08-14 13:00:00+00:00,146.626,146.665,146.427,146.52,4755
2025-08-14 14:00:00+00:00,146.522,146.625,146.431,146.491,5768
2025-08-14 15:00:00+00:00,146.489,147.101,146.42,146.947,10798
2025-08-14 16:00:00+00:00,146.947,147.414,146.942,147.412,10604
2025-08-14 17:00:00+00:00,147.412,147.554,147.359,147.477,8104
2025-08-14 18:00:00+00:00,147.477,147.799,147.471,147.687,6469
2025-08-14 19:00:00+00:00,147.685,147.888,147.683,147.844,4174
2025-08-14 20:00:00+00:00,147.846,147.904,147.746,147.864,3522
2025-08-14 21:00:00+00:00,147.861,147.96,147.847,147.872,2545
2025-08-14 22:00:00+00:00,147.871,147.874,147.762,147.774,2288
2025-08-14 23:00:00+00:00,147.774,147.777,147.721,147.754,2452
2025-08-15 00:00:00+00:00,147.739,147.83,147.625,147.758,724
2025-08-15 01:00:00+00:00,147.763,147.801,147.735,147.772,1170
2025-08-15 02:00:00+00:00,147.768,147.863,147.656,147.678,1719
2025-08-15 03:00:00+00:00,147.678,147.722,147.461,147.479,4140
2025-08-15 04:00:00+00:00,147.479,147.51,147.197,147.282,4673
2025-08-15 05:00:00+00:00,147.28,147.388,147.246,147.28,4727
2025-08-15 06:00:00+00:00,147.282,147.291,147.175,147.222,3024
2025-08-15 07:00:00+00:00,147.221,147.226,147.109,147.134,1714
2025-08-15 08:00:00+00:00,147.134,147.168,147.041,147.147,2173
2025-08-15 09:00:00+00:00,147.145,147.219,147.046,147.092,5322
2025-08-15 10:00:00+00:00,147.092,147.219,146.973,147.002,6200
2025-08-15 11:00:00+00:00,147.001,147.009,146.848,146.853,5315
2025-08-15 12:00:00+00:00,146.855,146.907,146.752,146.889,3703
2025-08-15 13:00:00+00:00,146.884,146.961,146.799,146.947,2607
2025-08-15 14:00:00+00:00,146.948,147.051,146.904,146.98,3087
2025-08-15 15:00:00+00:00,146.978,147.272,146.733,146.886,7181
2025-08-15 16:00:00+00:00,146.882,147.094,146.765,146.954,9720
2025-08-15 17:00:00+00:00,146.957,147.043,146.795,146.846,8198
2025-08-15 18:00:00+00:00,146.848,147.039,146.808,147.001,5949
2025-08-15 19:00:00+00:00,147.0,147.26,146.997,147.195,4831
2025-08-15 20:00:00+00:00,147.198,147.327,147.193,147.234,2724
2025-08-15 21:00:00+00:00,147.234,147.304,147.199,147.207,2565
2025-08-15 22:00:00+00:00,147.207,147.249,147.188,147.232,2598
2025-08-15 23:00:00+00:00,147.234,147.25,147.148,147.155,2910
2025-08-18 00:00:00+00:00,147.149,147.189,147.132,147.185,255
2025-08-18 01:00:00+00:00,147.155,147.205,147.077,147.169,972
2025-08-18 02:00:00+00:00,147.168,147.381,147.163,147.227,2069
2025-08-18 03:00:00+00:00,147.226,147.456,147.222,147.421,6103
2025-08-18 04:00:00+00:00,147.422,147.577,147.328,147.33,3437
2025-08-18 05:00:00+00:00,147.329,147.518,147.295,147.463,2505
2025-08-18 06:00:00+00:00,147.466,147.479,147.33,147.38,2342
2025-08-18 07:00:00+00:00,147.38,147.501,147.348,147.373,2907
2025-08-18 08:00:00+00:00,147.372,147.449,147.33,147.379,2335
2025-08-18 09:00:00+00:00,147.38,147.494,147.316,147.376,4195
2025-08-18 10:00:00+00:00,147.373,147.465,147.114,147.451,5648
2025-08-18 11:00:00+00:00,147.452,147.514,147.248,147.337,5086
2025-08-18 12:00:00+00:00,147.336,147.468,147.274,147.408,4812
2025-08-18 13:00:00+00:00,147.411,147.463,147.359,147.419,2931
2025-08-18 14:00:00+00:00,147.42,147.566,147.365,147.547,3386
2025-08-18 15:00:00+00:00,147.546,147.79,147.511,147.72,4353
2025-08-18 16:00:00+00:00,147.72,147.913,147.71,147.814,3716
2025-08-18 17:00:00+00:00,147.815,147.975,147.685,147.938,4170
2025-08-18 18:00:00+00:00,147.938,147.98,147.731,147.754,3153
2025-08-18 19:00:00+00:00,147.759,147.801,147.674,147.786,2824
2025-08-18 20:00:00+00:00,147.786,147.822,147.654,147.796,2275
2025-08-18 21:00:00+00:00,147.798,147.861,147.737,147.857,2065
2025-08-18 22:00:00+00:00,147.857,147.881,147.82,147.82,1949
2025-08-18 23:00:00+00:00,147.815,147.92,147.802,147.862,1904
2025-08-19 00:00:00+00:00,147.682,147.818,147.658,147.802,390
2025-08-19 01:00:00+00:00,147.812,147.881,147.757,147.875,1369
2025-08-19 02:00:00+00:00,147.874,147.976,147.874,147.915,1556
2025-08-19 03:00:00+00:00,147.916,147.978,147.77,147.772,3920
2025-08-19 04:00:00+00:00,147.77,148.108,147.617,147.743,5254
2025-08-19 05:00:00+00:00,147.743,147.822,147.659,147.803,3306
2025-08-19 06:00:00+00:00,147.803,147.873,147.718,147.827,3052
2025-08-19 07:00:00+00:00,147.827,147.867,147.737,147.755,2937
2025-08-19 08:00:00+00:00,147.753,147.771,147.611,147.64,2969
2025-08-19 09:00:00+00:00,147.64,147.702,147.567,147.597,4033
2025-08-19 10:00:00+00:00,147.596,147.705,147.527,147.699,3213
2025-08-19 11:00:00+00:00,147.7,147.747,147.617,147.659,3846
2025-08-19 12:00:00+00:00,147.657,147.808,147.618,147.761,3512
2025-08-19 13:00:00+00:00,147.761,147.766,147.594,147.71,2534
2025-08-19 14:00:00+00:00,147.71,147.817,147.644,147.707,3515
2025-08-19 15:00:00+00:00,147.706,147.846,147.691,147.777,4933
2025-08-19 16:00:00+00:00,147.778,147.898,147.631,147.648,5548
2025-08-19 17:00:00+00:00,147.646,147.8,147.548,147.726,4929
2025-08-19 18:00:00+00:00,147.725,147.787,147.623,147.721,4891
2025-08-19 19:00:00+00:00,147.718,147.718,147.551,147.619,3603
2025-08-19 20:00:00+00:00,147.619,147.641,147.439,147.471,3180
2025-08-19 21:00:00+00:00,147.469,147.573,147.448,147.509,3349
2025-08-19 22:00:00+00:00,147.508,147.584,147.454,147.581,2615
2025-08-19 23:00:00+00:00,147.58,147.688,147.58,147.663,2258
2025-08-20 00:00:00+00:00,147.539,147.612,147.5,147.536,853
2025-08-20 01:00:00+00:00,147.542,147.644,147.542,147.601,1272
2025-08-20 02:00:00+00:00,147.596,147.75,147.596,147.734,1676
2025-08-20 03:00:00+00:00,147.737,147.812,147.5,147.565,3970
2025-08-20 04:00:00+00:00,147.565,147.66,147.417,147.492,5381
2025-08-20 05:00:00+00:00,147.495,147.617,147.469,147.575,4098
2025-08-20 06:00:00+00:00,147.578,147.586,147.449,147.525,2623
2025-08-20 07:00:00+00:00,147.527,147.608,147.452,147.575,1947
2025-08-20 08:00:00+00:00,147.574,147.574,147.4,147.457,1667
2025-08-20 09:00:00+00:00,147.456,147.47,147.137,147.374,5046
2025-08-20 10:00:00+00:00,147.374,147.689,147.324,147.621,5937
2025-08-20 11:00:00+00:00,147.622,147.639,147.519,147.582,3653
2025-08-20 12:00:00+00:00,147.581,147.586,147.419,147.475,2272
2025-08-20 13:00:00+00:00,147.474,147.489,147.363,147.446,2354
2025-08-20 14:00:00+00:00,147.445,147.543,147.412,147.535,2454
2025-08-20 15:00:00+00:00,147.534,147.534,147.235,147.271,5393
2025-08-20 16:00:00+00:00,147.271,147.434,147.08,147.152,7329
2025-08-20 17:00:00+00:00,147.152,147.248,146.866,146.993,9172
2025-08-20 18:00:00+00:00,146.991,147.204,146.946,147.19,5037
2025-08-20 19:00:00+00:00,147.188,147.227,147.092,147.113,3885
2025-08-20 20:00:00+00:00,147.11,147.137,147.007,147.019,2328
2025-08-20 21:00:00+00:00,147.013,147.28,147.006,147.265,3019
2025-08-20 22:00:00+00:00,147.266,147.351,147.235,147.338,1966
2025-08-20 23:00:00+00:00,147.339,147.488,147.29,147.321,1759
2025-08-21 00:00:00+00:00,147.229,147.317,147.224,147.289,282
2025-08-21 01:00:00+00:00,147.308,147.364,147.252,147.341,1290
2025-08-21 02:00:00+00:00,147.34,147.408,147.294,147.299,2278
2025-08-21 03:00:00+00:00,147.3,147.457,147.251,147.384,4973
2025-08-21 04:00:00+00:00,147.384,147.501,147.309,147.421,4240
2025-08-21 05:00:00+00:00,147.422,147.448,147.251,147.338,2762
2025-08-21 06:00:00+00:00,147.339,147.443,147.283,147.414,1991
2025-08-21 07:00:00+00:00,147.412,147.423,147.341,147.379,1252
2025-08-21 08:00:00+00:00,147.38,147.496,147.365,147.423,1777
2025-08-21 09:00:00+00:00,147.422,147.573,147.338,147.559,4080
2025-08-21 10:00:00+00:00,147.559,147.634,147.505,147.59,4288
2025-08-21 11:00:00+00:00,147.589,147.622,147.551,147.583,3584
2025-08-21 12:00:00+00:00,147.582,147.692,147.475,147.665,3294
2025-08-21 13:00:00+00:00,147.668,147.887,147.655,147.843,2300
2025-08-21 14:00:00+00:00,147.84,147.928,147.814,147.919,2470
2025-08-21 15:00:00+00:00,147.918,147.927,147.577,147.749,5132
2025-08-21 16:00:00+00:00,147.751,147.935,147.578,147.798,6227
2025-08-21 17:00:00+00:00,147.799,148.163,147.792,148.154,7070
2025-08-21 18:00:00+00:00,148.154,148.399,148.078,148.351,6421
2025-08-21 19:00:00+00:00,148.353,148.39,148.271,148.281,2570
2025-08-21 20:00:00+00:00,148.28,148.301,148.164,148.268,2402
2025-08-21 21:00:00+00:00,148.268,148.343,148.227,148.343,2225
2025-08-21 22:00:00+00:00,148.342,148.401,148.34,148.373,1284
2025-08-21 23:00:00+00:00,148.373,148.383,148.314,148.36,1339
2025-08-22 00:00:00+00:00,148.221,148.37,148.203,148.344,354
2025-08-22 01:00:00+00:00,148.346,148.377,148.313,148.33,1051
2025-08-22 02:00:00+00:00,148.331,148.45,148.288,148.38,2066
2025-08-22 03:00:00+00:00,148.381,148.501,148.276,148.47,4881
2025-08-22 04:00:00+00:00,148.473,148.68,148.405,148.546,3501
2025-08-22 05:00:00+00:00,148.544,148.554,148.451,148.483,2239
2025-08-22 06:00:00+00:00,148.483,148.712,148.477,148.672,2367
2025-08-22 07:00:00+00:00,148.673,148.758,148.638,148.74,1608
2025-08-22 08:00:00+00:00,148.739,148.772,148.596,148.664,2068
2025-08-22 09:00:00+00:00,148.667,148.703,148.417,148.513,3616
2025-08-22 10:00:00+00:00,148.513,148.617,148.406,148.6,2901
2025-08-22 11:00:00+00:00,148.6,148.671,148.54,148.633,3144
2025-08-22 12:00:00+00:00,148.634,148.707,148.597,148.703,2663
2025-08-22 13:00:00+00:00,148.705,148.729,148.617,148.628,2043
2025-08-22 14:00:00+00:00,148.626,148.734,148.593,148.704,3199
2025-08-22 15:00:00+00:00,148.703,148.718,148.599,148.701,4435
2025-08-22 16:00:00+00:00,148.702,148.716,148.489,148.597,4959
2025-08-22 17:00:00+00:00,148.6,148.6,146.799,146.849,18775
2025-08-22 18:00:00+00:00,146.85,146.889,146.57,146.824,10122
2025-08-22 19:00:00+00:00,146.825,146.848,146.647,146.701,5447
2025-08-22 20:00:00+00:00,146.702,146.733,146.573,146.639,4346
2025-08-22 21:00:00+00:00,146.643,146.87,146.6,146.861,3025
2025-08-22 22:00:00+00:00,146.861,146.996,146.84,146.956,2067
2025-08-22 23:00:00+00:00,146.954,146.984,146.878,146.92,1820
2025-08-25 00:00:00+00:00,146.838,146.869,146.742,146.808,396
2025-08-25 01:00:00+00:00,146.807,147.06,146.795,147.058,1830
2025-08-25 02:00:00+00:00,147.058,147.297,147.04,147.262,1978
2025-08-25 03:00:00+00:00,147.259,147.522,147.243,147.385,5421
2025-08-25 04:00:00+00:00,147.385,147.455,147.248,147.391,3736
2025-08-25 05:00:00+00:00,147.391,147.511,147.39,147.433,2015
2025-08-25 06:00:00+00:00,147.432,147.432,147.3,147.335,1637
2025-08-25 07:00:00+00:00,147.336,147.352,147.203,147.228,1454
2025-08-25 08:00:00+00:00,147.229,147.37,147.228,147.295,1596
2025-08-25 09:00:00+00:00,147.295,147.314,147.095,147.161,2841
2025-08-25 10:00:00+00:00,147.16,147.364,147.135,147.332,3222
2025-08-25 11:00:00+00:00,147.333,147.364,147.251,147.281,2396
2025-08-25 12:00:00+00:00,147.281,147.38,147.218,147.342,2170
2025-08-25 13:00:00+00:00,147.342,147.443,147.316,147.435,2835
2025-08-25 14:00:00+00:00,147.434,147.441,147.282,147.317,2306
2025-08-25 15:00:00+00:00,147.313,147.446,147.306,147.375,3274
2025-08-25 16:00:00+00:00,147.376,147.54,147.305,147.308,4750
2025-08-25 17:00:00+00:00,147.307,147.492,147.286,147.485,4170
2025-08-25 18:00:00+00:00,147.484,147.669,147.394,147.608,4521
2025-08-25 19:00:00+00:00,147.609,147.626,147.511,147.532,3591
2025-08-25 20:00:00+00:00,147.531,147.592,147.496,147.558,2885
2025-08-25 21:00:00+00:00,147.556,147.82,147.531,147.802,3793
2025-08-25 22:00:00+00:00,147.799,147.934,147.784,147.815,3531
2025-08-25 23:00:00+00:00,147.815,147.819,147.657,147.741,2318
2025-08-26 00:00:00+00:00,147.782,147.821,147.62,147.661,835
2025-08-26 01:00:00+00:00,147.661,147.789,147.622,147.727,1162
2025-08-26 02:00:00+00:00,147.726,147.848,147.691,147.809,1546
2025-08-26 03:00:00+00:00,147.809,147.873,146.982,147.106,12007
2025-08-26 04:00:00+00:00,147.107,147.373,147.106,147.313,4905
2025-08-26 05:00:00+00:00,147.313,147.603,147.251,147.517,4100
2025-08-26 06:00:00+00:00,147.515,147.802,147.515,147.791,3686
2025-08-26 07:00:00+00:00,147.791,147.807,147.716,147.765,2357
2025-08-26 08:00:00+00:00,147.761,147.883,147.665,147.704,2889
2025-08-26 09:00:00+00:00,147.708,147.825,147.632,147.771,5078
2025-08-26 10:00:00+00:00,147.772,147.902,147.633,147.689,7046
2025-08-26 11:00:00+00:00,147.689,147.694,147.489,147.569,5438
2025-08-26 12:00:00+00:00,147.569,147.62,147.483,147.544,3874
2025-08-26 13:00:00+00:00,147.544,147.663,147.468,147.581,3197
2025-08-26 14:00:00+00:00,147.582,147.618,147.396,147.457,3853
2025-08-26 15:00:00+00:00,147.458,147.544,147.323,147.537,4770
2025-08-26 16:00:00+00:00,147.539,147.68,147.531,147.534,4543
2025-08-26 17:00:00+00:00,147.562,147.717,147.484,147.498,6923
2025-08-26 18:00:00+00:00,147.498,147.499,147.288,147.314,4281
2025-08-26 19:00:00+00:00,147.31,147.31,147.094,147.303,3528
2025-08-26 20:00:00+00:00,147.299,147.383,147.266,147.383,2793
2025-08-26 21:00:00+00:00,147.382,147.54,147.331,147.375,3783
2025-08-26 22:00:00+00:00,147.373,147.434,147.302,147.427,2673
2025-08-26 23:00:00+00:00,147.428,147.484,147.393,147.403,2184
2025-08-27 00:00:00+00:00,147.282,147.356,147.246,147.342,733
2025-08-27 01:00:00+00:00,147.342,147.476,147.335,147.429,1307
2025-08-27 02:00:00+00:00,147.428,147.505,147.355,147.469,1800
2025-08-27 03:00:00+00:00,147.476,147.578,147.399,147.578,4505
2025-08-27 04:00:00+00:00,147.579,147.647,147.508,147.596,4155
2025-08-27 05:00:00+00:00,147.596,147.732,147.594,147.717,2663
2025-08-27 06:00:00+00:00,147.716,147.846,147.708,147.827,2119
2025-08-27 07:00:00+00:00,147.826,147.953,147.825,147.939,2062
2025-08-27 08:00:00+00:00,147.94,147.965,147.802,147.809,2091
2025-08-27 09:00:00+00:00,147.81,147.833,147.65,147.706,2770
2025-08-27 10:00:00+00:00,147.706,147.892,147.706,147.753,4142
2025-08-27 11:00:00+00:00,147.754,148.002,147.738,147.911,3481
2025-08-27 12:00:00+00:00,147.911,148.028,147.859,148.028,2542
2025-08-27 13:00:00+00:00,148.028,148.14,147.96,148.114,3492
2025-08-27 14:00:00+00:00,148.114,148.179,148.025,148.136,3061
2025-08-27 15:00:00+00:00,148.137,148.143,147.979,148.065,3724
2025-08-27 16:00:00+00:00,148.065,148.123,147.911,148.08,4461
2025-08-27 17:00:00+00:00,148.083,148.089,147.818,147.86,5258
2025-08-27 18:00:00+00:00,147.862,147.862,147.687,147.743,6085
2025-08-27 19:00:00+00:00,147.743,147.748,147.334,147.354,4158
2025-08-27 20:00:00+00:00,147.354,147.423,147.287,147.35,3864
2025-08-27 21:00:00+00:00,147.351,147.484,147.35,147.405,3431
2025-08-27 22:00:00+00:00,147.404,147.514,147.404,147.471,2728
2025-08-27 23:00:00+00:00,147.465,147.51,147.374,147.377,2519
2025-08-28 00:00:00+00:00,147.328,147.399,147.264,147.366,830
2025-08-28 01:00:00+00:00,147.366,147.402,147.197,147.281,2257
2025-08-28 02:00:00+00:00,147.279,147.337,147.219,147.331,2354
2025-08-28 03:00:00+00:00,147.334,147.485,147.272,147.291,4494
2025-08-28 04:00:00+00:00,147.291,147.441,147.189,147.338,4233
2025-08-28 05:00:00+00:00,147.337,147.362,147.227,147.237,3179
2025-08-28 06:00:00+00:00,147.236,147.285,147.076,147.09,2385
2025-08-28 07:00:00+00:00,147.091,147.201,147.076,147.156,1932
2025-08-28 08:00:00+00:00,147.158,147.201,147.075,147.12,1975
2025-08-28 09:00:00+00:00,147.122,147.344,146.995,147.302,3631
2025-08-28 10:00:00+00:00,147.301,147.397,147.151,147.162,4730
2025-08-28 11:00:00+00:00,147.167,147.365,147.125,147.182,4082
2025-08-28 12:00:00+00:00,147.181,147.181,147.061,147.134,3114
2025-08-28 13:00:00+00:00,147.136,147.162,146.902,146.925,3731
2025-08-28 14:00:00+00:00,146.926,146.961,146.802,146.923,3752
2025-08-28 15:00:00+00:00,146.917,147.165,146.851,147.098,6708
2025-08-28 16:00:00+00:00,147.096,147.228,147.021,147.087,7928
2025-08-28 17:00:00+00:00,147.088,147.113,146.87,146.972,7603
2025-08-28 18:00:00+00:00,146.971,147.065,146.944,146.988,4487
2025-08-28 19:00:00+00:00,146.988,146.991,146.825,146.844,3383
2025-08-28 20:00:00+00:00,146.844,146.849,146.654,146.802,3843
2025-08-28 21:00:00+00:00,146.802,146.884,146.796,146.817,2421
2025-08-28 22:00:00+00:00,146.816,146.93,146.802,146.913,2188
2025-08-28 23:00:00+00:00,146.913,146.992,146.913,146.931,1080
2025-08-29 00:00:00+00:00,146.778,146.922,146.758,146.906,798
2025-08-29 01:00:00+00:00,146.907,147.076,146.907,147.026,2318
2025-08-29 02:00:00+00:00,147.027,147.027,146.789,146.826,2318
2025-08-29 03:00:00+00:00,146.826,146.971,146.758,146.821,4665
2025-08-29 04:00:00+00:00,146.816,147.106,146.786,146.999,5219
2025-08-29 05:00:00+00:00,146.998,146.998,146.822,146.889,2651
2025-08-29 06:00:00+00:00,146.888,146.987,146.886,146.983,2380
2025-08-29 07:00:00+00:00,146.983,147.035,146.9,146.9,2544
2025-08-29 08:00:00+00:00,146.899,147.02,146.898,147.01,1995
2025-08-29 09:00:00+00:00,147.01,147.169,146.956,147.154,3444
2025-08-29 10:00:00+00:00,147.158,147.192,146.955,146.999,3782
2025-08-29 11:00:00+00:00,146.999,147.025,146.862,146.948,3572
2025-08-29 12:00:00+00:00,146.947,147.109,146.936,147.089,3059
2025-08-29 13:00:00+00:00,147.09,147.242,147.07,147.195,3111
2025-08-29 14:00:00+00:00,147.194,147.259,147.169,147.245,2782
2025-08-29 15:00:00+00:00,147.246,147.403,147.128,147.316,5279
2025-08-29 16:00:00+00:00,147.316,147.386,147.076,147.091,6713
2025-08-29 17:00:00+00:00,147.084,147.084,146.802,146.821,10485
2025-08-29 18:00:00+00:00,146.821,146.967,146.76,146.898,8091
2025-08-29 19:00:00+00:00,146.899,146.957,146.844,146.909,5148
2025-08-29 20:00:00+00:00,146.908,147.001,146.877,146.977,3558
2025-08-29 21:00:00+00:00,146.976,147.023,146.953,147.01,3250
2025-08-29 22:00:00+00:00,147.01,147.04,146.916,146.955,3618
2025-08-29 23:00:00+00:00,146.955,147.103,146.92,147.037,2039
2025-09-01 00:00:00+00:00,147.035,147.035,146.931,146.986,441
2025-09-01 01:00:00+00:00,146.967,147.152,146.967,147.121,1620
2025-09-01 02:00:00+00:00,147.121,147.184,147.074,147.114,2472
2025-09-01 03:00:00+00:00,147.115,147.25,147.111,147.227,5494
2025-09-01 04:00:00+00:00,147.226,147.375,147.175,147.283,4880
2025-09-01 05:00:00+00:00,147.278,147.288,146.846,146.89,4991
2025-09-01 06:00:00+00:00,146.889,146.997,146.835,146.888,3637
2025-09-01 07:00:00+00:00,146.889,147.054,146.878,147.04,3729
2025-09-01 08:00:00+00:00,147.04,147.054,146.887,146.909,3095
2025-09-01 09:00:00+00:00,146.91,146.94,146.779,146.931,4841
2025-09-01 10:00:00+00:00,146.931,147.198,146.888,147.065,5383
2025-09-01 11:00:00+00:00,147.067,147.194,146.955,146.981,4834
2025-09-01 12:00:00+00:00,146.981,147.114,146.933,147.098,4409
2025-09-01 13:00:00+00:00,147.099,147.137,147.043,147.125,2777
2025-09-01 14:00:00+00:00,147.126,147.162,147.055,147.151,2994
2025-09-01 15:00:00+00:00,147.152,147.226,147.144,147.194,3916
2025-09-01 16:00:00+00:00,147.193,147.269,147.161,147.248,4008
2025-09-01 17:00:00+00:00,147.247,147.293,147.216,147.286,3437
2025-09-01 18:00:00+00:00,147.287,147.301,147.248,147.264,2909
2025-09-01 19:00:00+00:00,147.265,147.278,147.194,147.23,2089
2025-09-01 20:00:00+00:00,147.231,147.237,147.206,147.213,1854
2025-09-01 21:00:00+00:00,147.213,147.229,147.206,147.216,1259
2025-09-01 22:00:00+00:00,147.216,147.216,147.152,147.183,1370
2025-09-01 23:00:00+00:00,147.183,147.188,147.138,147.171,1487
2025-09-02 00:00:00+00:00,147.166,147.262,147.071,147.157,930
2025-09-02 01:00:00+00:00,147.147,147.198,147.12,147.166,1484
2025-09-02 02:00:00+00:00,147.166,147.171,147.04,147.088,1919
2025-09-02 03:00:00+00:00,147.088,147.352,147.085,147.298,5253
2025-09-02 04:00:00+00:00,147.299,147.58,147.188,147.537,6002
2025-09-02 05:00:00+00:00,147.537,147.71,147.525,147.658,4065
2025-09-02 06:00:00+00:00,147.659,147.745,147.567,147.698,2757
2025-09-02 07:00:00+00:00,147.697,147.856,147.68,147.72,2925
2025-09-02 08:00:00+00:00,147.719,147.919,147.693,147.912,3337
2025-09-02 09:00:00+00:00,147.913,148.047,147.901,147.959,3855
2025-09-02 10:00:00+00:00,147.959,148.736,147.945,148.651,10901
2025-09-02 11:00:00+00:00,148.65,148.787,148.216,148.434,9099
2025-09-02 12:00:00+00:00,148.433,148.641,148.367,148.556,6501
2025-09-02 13:00:00+00:00,148.557,148.703,148.53,148.597,5781
2025-09-02 14:00:00+00:00,148.596,148.736,148.507,148.615,5330
2025-09-02 15:00:00+00:00,148.614,148.942,148.527,148.819,8937
2025-09-02 16:00:00+00:00,148.818,148.843,148.342,148.404,9960
2025-09-02 17:00:00+00:00,148.404,148.404,147.933,148.079,13147
2025-09-02 18:00:00+00:00,148.082,148.332,148.068,148.226,7124
2025-09-02 19:00:00+00:00,148.227,148.331,148.197,148.293,4105
2025-09-02 20:00:00+00:00,148.294,148.415,148.242,148.376,3491
2025-09-02 21:00:00+00:00,148.378,148.53,148.362,148.471,3800
2025-09-02 22:00:00+00:00,148.47,148.481,148.314,148.354,3122
2025-09-02 23:00:00+00:00,148.352,148.408,148.309,148.353,2279
2025-09-03 00:00:00+00:00,148.352,148.352,148.232,148.317,306
2025-09-03 01:00:00+00:00,148.323,148.557,148.305,148.497,1592
2025-09-03 02:00:00+00:00,148.497,148.584,148.446,148.579,1968
2025-09-03 03:00:00+00:00,148.576,148.763,148.507,148.752,4533
2025-09-03 04:00:00+00:00,148.751,148.896,148.72,148.861,3613
2025-09-03 05:00:00+00:00,148.861,148.899,148.704,148.837,3090
2025-09-03 06:00:00+00:00,148.838,148.913,148.805,148.907,1974
2025-09-03 07:00:00+00:00,148.907,148.919,148.549,148.582,2852
2025-09-03 08:00:00+00:00,148.583,148.654,148.483,148.595,2641
2025-09-03 09:00:00+00:00,148.599,148.678,148.508,148.607,4151
2025-09-03 10:00:00+00:00,148.608,149.132,148.607,148.73,6787
2025-09-03 11:00:00+00:00,148.731,148.768,148.56,148.582,5460
2025-09-03 12:00:00+00:00,148.584,148.703,148.428,148.552,5364
2025-09-03 13:00:00+00:00,148.552,148.73,148.472,148.689,4093
2025-09-03 14:00:00+00:00,148.69,148.723,148.593,148.611,5117
2025-09-03 15:00:00+00:00,148.612,148.793,148.541,148.722,5080
2025-09-03 16:00:00+00:00,148.721,148.792,148.571,148.628,8012
2025-09-03 17:00:00+00:00,148.621,148.631,148.071,148.167,11640
2025-09-03 18:00:00+00:00,148.166,148.199,147.927,147.964,7197
2025-09-03 19:00:00+00:00,147.963,148.029,147.905,147.937,4610
2025-09-03 20:00:00+00:00,147.934,148.053,147.876,148.038,3764
2025-09-03 21:00:00+00:00,148.037,148.066,147.916,147.969,4421
2025-09-03 22:00:00+00:00,147.968,148.131,147.961,148.13,2742
2025-09-03 23:00:00+00:00,148.131,148.157,148.068,148.068,1984
2025-09-04 00:00:00+00:00,148.065,148.084,148.015,148.044,140
2025-09-04 01:00:00+00:00,148.043,148.144,148.032,148.053,1247
2025-09-04 02:00:00+00:00,148.054,148.062,147.945,147.974,2020
2025-09-04 03:00:00+00:00,147.973,148.167,147.902,148.025,7517
2025-09-04 04:00:00+00:00,148.026,148.108,147.787,148.009,6265
2025-09-04 05:00:00+00:00,148.01,148.188,148.01,148.132,4917
2025-09-04 06:00:00+00:00,148.131,148.26,148.117,148.239,3182
2025-09-04 07:00:00+00:00,148.24,148.277,148.124,148.238,2602
2025-09-04 08:00:00+00:00,148.239,148.279,148.156,148.223,3030
2025-09-04 09:00:00+00:00,148.227,148.243,148.129,148.192,4055
2025-09-04 10:00:00+00:00,148.191,148.41,148.109,148.363,5737
2025-09-04 11:00:00+00:00,148.365,148.403,148.133,148.213,4435
2025-09-04 12:00:00+00:00,148.211,148.369,148.163,148.317,3213
2025-09-04 13:00:00+00:00,148.318,148.333,148.203,148.258,3320
2025-09-04 14:00:00+00:00,148.259,148.388,148.248,148.341,3548
2025-09-04 15:00:00+00:00,148.34,148.527,148.028,148.426,10002
2025-09-04 16:00:00+00:00,148.427,148.526,148.348,148.404,8226
2025-09-04 17:00:00+00:00,148.492,148.748,148.382,148.735,10015
2025-09-04 18:00:00+00:00,148.734,148.773,148.623,148.627,6045
2025-09-04 19:00:00+00:00,148.626,148.739,148.594,148.617,3790
2025-09-04 20:00:00+00:00,148.619,148.669,148.603,148.642,2609
2025-09-04 21:00:00+00:00,148.641,148.647,148.536,148.56,2755
2025-09-04 22:00:00+00:00,148.561,148.562,148.451,148.481,2206
2025-09-04 23:00:00+00:00,148.482,148.549,148.438,148.483,2063
2025-09-05 00:00:00+00:00,148.469,148.478,148.346,148.397,358
2025-09-05 01:00:00+00:00,148.4,148.512,148.4,148.476,1238
2025-09-05 02:00:00+00:00,148.474,148.505,148.325,148.42,2418
2025-09-05 03:00:00+00:00,148.419,148.435,148.125,148.169,6092
2025-09-05 04:00:00+00:00,148.17,148.263,148.086,148.14,4849
2025-09-05 05:00:00+00:00,148.139,148.178,148.078,148.176,2733
2025-09-05 06:00:00+00:00,148.177,148.203,148.109,148.172,2257
2025-09-05 07:00:00+00:00,148.171,148.234,148.165,148.215,1778
2025-09-05 08:00:00+00:00,148.216,148.216,148.167,148.169,2139
2025-09-05 09:00:00+00:00,148.17,148.27,148.146,148.233,3244
2025-09-05 10:00:00+00:00,148.232,148.254,148.187,148.209,3367
2025-09-05 11:00:00+00:00,148.208,148.221,148.112,148.159,3069
2025-09-05 12:00:00+00:00,148.158,148.184,148.082,148.17,2630
2025-09-05 13:00:00+00:00,148.169,148.181,148.077,148.14,2611
2025-09-05 14:00:00+00:00,148.139,148.247,148.128,148.192,2933
2025-09-05 15:00:00+00:00,148.192,148.195,147.174,147.293,16796
2025-09-05 16:00:00+00:00,147.291,147.461,147.035,147.05,14345
2025-09-05 17:00:00+00:00,147.049,147.203,146.985,147.073,11756
2025-09-05 18:00:00+00:00,147.072,147.079,146.812,146.837,8752
2025-09-05 19:00:00+00:00,146.836,147.146,146.818,147.134,5894
2025-09-05 20:00:00+00:00,147.134,147.3,147.127,147.271,4701
2025-09-05 21:00:00+00:00,147.27,147.479,147.261,147.459,3735
2025-09-05 22:00:00+00:00,147.459,147.496,147.369,147.462,3371
2025-09-05 23:00:00+00:00,147.46,147.501,147.324,147.401,2775
2025-09-08 00:00:00+00:00,148.109,148.208,147.907,147.939,465
2025-09-08 01:00:00+00:00,147.939,148.468,147.918,148.426,4651
2025-09-08 02:00:00+00:00,148.427,148.446,148.205,148.31,4887
2025-09-08 03:00:00+00:00,148.311,148.57,148.289,148.332,8153
2025-09-08 04:00:00+00:00,148.331,148.38,148.117,148.137,5952
2025-09-08 05:00:00+00:00,148.137,148.146,147.999,148.075,4005
2025-09-08 06:00:00+00:00,148.075,148.217,148.012,148.195,3956
2025-09-08 07:00:00+00:00,148.195,148.248,148.107,148.165,2271
2025-09-08 08:00:00+00:00,148.159,148.177,147.999,148.134,2995
2025-09-08 09:00:00+00:00,148.129,148.156,147.797,147.821,5203
2025-09-08 10:00:00+00:00,147.822,147.829,147.508,147.526,5317
2025-09-08 11:00:00+00:00,147.525,147.736,147.459,147.681,4300
2025-09-08 12:00:00+00:00,147.681,147.765,147.66,147.747,3461
2025-09-08 13:00:00+00:00,147.747,147.873,147.741,147.799,3464
2025-09-08 14:00:00+00:00,147.8,147.813,147.672,147.772,2967
2025-09-08 15:00:00+00:00,147.773,147.876,147.646,147.696,4954
2025-09-08 16:00:00+00:00,147.695,147.739,147.534,147.67,6476
2025-09-08 17:00:00+00:00,147.67,147.868,147.617,147.745,5868
2025-09-08 18:00:00+00:00,147.745,147.761,147.54,147.583,4193
2025-09-08 19:00:00+00:00,147.584,147.772,147.547,147.681,3374
2025-09-08 20:00:00+00:00,147.681,147.761,147.667,147.725,2942
2025-09-08 21:00:00+00:00,147.725,147.726,147.442,147.455,3112
2025-09-08 22:00:00+00:00,147.454,147.469,147.334,147.416,3422
2025-09-08 23:00:00+00:00,147.416,147.536,147.373,147.446,2405
2025-09-09 00:00:00+00:00,147.454,147.513,147.38,147.483,297
2025-09-09 01:00:00+00:00,147.486,147.514,147.384,147.405,1554
2025-09-09 02:00:00+00:00,147.405,147.416,147.211,147.368,2794
2025-09-09 03:00:00+00:00,147.369,147.427,147.151,147.34,5617
2025-09-09 04:00:00+00:00,147.341,147.394,147.193,147.233,5252
2025-09-09 05:00:00+00:00,147.234,147.335,147.206,147.328,4024
2025-09-09 06:00:00+00:00,147.33,147.398,147.317,147.361,2813
2025-09-09 07:00:00+00:00,147.361,147.371,147.089,147.122,2930
2025-09-09 08:00:00+00:00,147.123,147.126,146.84,146.851,3727
2025-09-09 09:00:00+00:00,146.85,147.129,146.809,147.045,4665
2025-09-09 10:00:00+00:00,147.044,147.312,146.995,147.201,4228
2025-09-09 11:00:00+00:00,147.203,147.33,146.554,146.619,8806
2025-09-09 12:00:00+00:00,146.618,146.618,146.304,146.343,5837
2025-09-09 13:00:00+00:00,146.343,146.517,146.322,146.464,3107
2025-09-09 14:00:00+00:00,146.463,146.761,146.456,146.727,3592
2025-09-09 15:00:00+00:00,146.722,147.001,146.722,146.92,5822
2025-09-09 16:00:00+00:00,146.919,146.962,146.772,146.866,7048
2025-09-09 17:00:00+00:00,146.866,147.129,146.514,147.093,12750
2025-09-09 18:00:00+00:00,147.094,147.345,147.093,147.23,7142
2025-09-09 19:00:00+00:00,147.23,147.333,147.177,147.265,3510
2025-09-09 20:00:00+00:00,147.266,147.356,147.23,147.349,3692
2025-09-09 21:00:00+00:00,147.349,147.428,147.311,147.394,2673
2025-09-09 22:00:00+00:00,147.394,147.458,147.385,147.441,2388
2025-09-09 23:00:00+00:00,147.442,147.464,147.384,147.408,2106
2025-09-10 00:00:00+00:00,147.402,147.402,147.215,147.372,353
2025-09-10 01:00:00+00:00,147.372,147.411,147.337,147.349,1290
2025-09-10 02:00:00+00:00,147.348,147.448,147.33,147.388,1678
2025-09-10 03:00:00+00:00,147.388,147.471,147.364,147.419,4948
2025-09-10 04:00:00+00:00,147.422,147.569,147.326,147.389,4745
2025-09-10 05:00:00+00:00,147.387,147.409,147.29,147.294,3152
2025-09-10 06:00:00+00:00,147.293,147.393,147.263,147.393,2117
2025-09-10 07:00:00+00:00,147.392,147.455,147.317,147.32,2021
2025-09-10 08:00:00+00:00,147.322,147.48,147.275,147.42,2561
2025-09-10 09:00:00+00:00,147.419,147.583,147.33,147.565,4850
2025-09-10 10:00:00+00:00,147.562,147.566,147.386,147.492,4374
2025-09-10 11:00:00+00:00,147.493,147.553,147.39,147.513,4031
2025-09-10 12:00:00+00:00,147.516,147.537,147.391,147.418,3312
2025-09-10 13:00:00+00:00,147.418,147.479,147.392,147.471,2725
2025-09-10 14:00:00+00:00,147.472,147.54,147.441,147.507,2810
2025-09-10 15:00:00+00:00,147.507,147.646,147.063,147.523,9481
2025-09-10 16:00:00+00:00,147.524,147.601,147.269,147.334,9610
2025-09-10 17:00:00+00:00,147.335,147.423,147.257,147.398,6866
2025-09-10 18:00:00+00:00,147.398,147.436,147.31,147.362,4477
2025-09-10 19:00:00+00:00,147.364,147.407,147.276,147.371,3469
2025-09-10 20:00:00+00:00,147.37,147.386,147.243,147.327,2497
2025-09-10 21:00:00+00:00,147.329,147.348,147.241,147.32,3511
2025-09-10 22:00:00+00:00,147.319,147.464,147.309,147.408,2408
2025-09-10 23:00:00+00:00,147.407,147.461,147.375,147.457,1718
2025-09-11 00:00:00+00:00,147.451,147.451,147.243,147.357,383
2025-09-11 01:00:00+00:00,147.357,147.419,147.337,147.341,854
2025-09-11 02:00:00+00:00,147.34,147.375,147.276,147.344,1590
2025-09-11 03:00:00+00:00,147.345,147.463,147.339,147.454,4158
2025-09-11 04:00:00+00:00,147.453,147.473,147.315,147.384,3341
2025-09-11 05:00:00+00:00,147.383,147.474,147.371,147.459,1963
2025-09-11 06:00:00+00:00,147.46,147.472,147.428,147.439,1747
2025-09-11 07:00:00+00:00,147.44,147.45,147.409,147.428,1343
2025-09-11 08:00:00+00:00,147.429,147.58,147.421,147.573,2048
2025-09-11 09:00:00+00:00,147.574,147.784,147.556,147.718,4656
2025-09-11 10:00:00+00:00,147.719,147.825,147.65,147.777,4081
2025-09-11 11:00:00+00:00,147.776,147.858,147.765,147.843,3402
2025-09-11 12:00:00+00:00,147.844,147.985,147.834,147.955,3253
2025-09-11 13:00:00+00:00,147.955,147.983,147.894,147.964,2962
2025-09-11 14:00:00+00:00,147.965,147.982,147.897,147.961,2830
2025-09-11 15:00:00+00:00,147.961,148.173,147.354,147.523,13900
2025-09-11 16:00:00+00:00,147.522,147.615,147.326,147.353,13671
2025-09-11 17:00:00+00:00,147.354,147.373,146.988,147.182,10303
2025-09-11 18:00:00+00:00,147.183,147.305,147.051,147.164,7498
2025-09-11 19:00:00+00:00,147.163,147.165,146.981,147.051,4628
2025-09-11 20:00:00+00:00,147.051,147.3,147.044,147.284,4507
2025-09-11 21:00:00+00:00,147.283,147.301,147.142,147.169,3402
2025-09-11 22:00:00+00:00,147.169,147.188,147.082,147.158,3721
2025-09-11 23:00:00+00:00,147.16,147.239,147.113,147.203,2813
2025-09-12 00:00:00+00:00,147.205,147.205,147.115,147.157,99
2025-09-12 01:00:00+00:00,147.158,147.223,147.115,147.181,1274
2025-09-12 02:00:00+00:00,147.18,147.233,147.144,147.224,1466
2025-09-12 03:00:00+00:00,147.225,147.333,147.162,147.225,4530
2025-09-12 04:00:00+00:00,147.226,147.444,147.208,147.41,3540
2025-09-12 05:00:00+00:00,147.411,147.476,147.395,147.415,2127
2025-09-12 06:00:00+00:00,147.416,147.475,147.416,147.443,1810
2025-09-12 07:00:00+00:00,147.442,147.538,147.442,147.495,1547
2025-09-12 08:00:00+00:00,147.497,147.55,147.324,147.341,1778
2025-09-12 09:00:00+00:00,147.341,147.501,147.321,147.402,4012
2025-09-12 10:00:00+00:00,147.401,147.479,147.236,147.45,5028
2025-09-12 11:00:00+00:00,147.451,147.922,147.446,147.891,7098
2025-09-12 12:00:00+00:00,147.891,147.976,147.853,147.921,3218
2025-09-12 13:00:00+00:00,147.921,147.934,147.736,147.747,2957
2025-09-12 14:00:00+00:00,147.745,147.85,147.679,147.832,3413
2025-09-12 15:00:00+00:00,147.832,148.067,147.801,147.843,5483
2025-09-12 16:00:00+00:00,147.844,147.884,147.694,147.713,6651
2025-09-12 17:00:00+00:00,147.724,147.743,147.583,147.663,7633
2025-09-12 18:00:00+00:00,147.662,147.859,147.646,147.853,5282
2025-09-12 19:00:00+00:00,147.852,147.87,147.626,147.678,2805
2025-09-12 20:00:00+00:00,147.678,147.678,147.509,147.554,2829
2025-09-12 21:00:00+00:00,147.554,147.555,147.466,147.48,2229
2025-09-12 22:00:00+00:00,147.481,147.603,147.459,147.579,2312
2025-09-12 23:00:00+00:00,147.577,147.712,147.57,147.667,2148
2025-09-15 00:00:00+00:00,147.544,147.564,147.519,147.536,543
2025-09-15 01:00:00+00:00,147.524,147.763,147.524,147.707,1178
2025-09-15 02:00:00+00:00,147.706,147.721,147.622,147.671,1364
2025-09-15 03:00:00+00:00,147.671,147.686,147.54,147.544,2966
2025-09-15 04:00:00+00:00,147.545,147.581,147.533,147.571,3166
2025-09-15 05:00:00+00:00,147.571,147.606,147.501,147.51,2299
2025-09-15 06:00:00+00:00,147.51,147.512,147.4,147.422,2634
2025-09-15 07:00:00+00:00,147.421,147.447,147.334,147.397,1823
2025-09-15 08:00:00+00:00,147.396,147.514,147.386,147.505,2044
2025-09-15 09:00:00+00:00,147.507,147.602,147.491,147.524,3927
2025-09-15 10:00:00+00:00,147.526,147.589,147.367,147.462,5767
2025-09-15 11:00:00+00:00,147.463,147.477,147.37,147.404,4697
2025-09-15 12:00:00+00:00,147.404,147.423,147.304,147.361,3473
2025-09-15 13:00:00+00:00,147.362,147.401,147.241,147.387,3748
2025-09-15 14:00:00+00:00,147.387,147.473,147.318,147.409,3201
2025-09-15 15:00:00+00:00,147.409,147.411,147.243,147.264,5884
2025-09-15 16:00:00+00:00,147.263,147.346,147.226,147.342,5074
2025-09-15 17:00:00+00:00,147.342,147.464,147.341,147.412,4316
2025-09-15 18:00:00+00:00,147.412,147.43,147.264,147.267,3935
2025-09-15 19:00:00+00:00,147.267,147.411,147.238,147.332,4081
2025-09-15 20:00:00+00:00,147.331,147.365,147.238,147.249,3390
2025-09-15 21:00:00+00:00,147.247,147.324,147.234,147.321,2813
2025-09-15 22:00:00+00:00,147.32,147.408,147.308,147.386,2772
2025-09-15 23:00:00+00:00,147.388,147.425,147.362,147.369,2282
2025-09-16 00:00:00+00:00,147.373,147.373,147.284,147.318,96
2025-09-16 01:00:00+00:00,147.32,147.398,147.311,147.391,1019
2025-09-16 02:00:00+00:00,147.39,147.418,147.329,147.395,1738
2025-09-16 03:00:00+00:00,147.395,147.497,147.344,147.439,4365
2025-09-16 04:00:00+00:00,147.439,147.533,147.259,147.347,3824
2025-09-16 05:00:00+00:00,147.348,147.349,147.111,147.148,4532
2025-09-16 06:00:00+00:00,147.148,147.194,147.013,147.094,4048
2025-09-16 07:00:00+00:00,147.092,147.124,146.966,147.008,3694
2025-09-16 08:00:00+00:00,147.009,147.065,146.911,146.986,4119
2025-09-16 09:00:00+00:00,146.988,147.022,146.775,146.894,5916
2025-09-16 10:00:00+00:00,146.891,146.894,146.686,146.885,6559
2025-09-16 11:00:00+00:00,146.886,147.088,146.871,146.991,5232
2025-09-16 12:00:00+00:00,146.99,147.0,146.863,146.956,5262
2025-09-16 13:00:00+00:00,146.956,147.083,146.941,147.05,3931
2025-09-16 14:00:00+00:00,147.049,147.109,146.87,146.949,4900
2025-09-16 15:00:00+00:00,146.948,147.256,146.901,147.093,8930
2025-09-16 16:00:00+00:00,147.093,147.134,146.73,146.754,9747
2025-09-16 17:00:00+00:00,146.754,146.8,146.517,146.52,9908
2025-09-16 18:00:00+00:00,146.52,146.678,146.497,146.552,5478
2025-09-16 19:00:00+00:00,146.553,146.558,146.346,146.35,4202
2025-09-16 20:00:00+00:00,146.35,146.367,146.304,146.315,758
